cycle,name,mean_stand_age,stand_basal_area,mean_dbh
0,plot0,27.484232804232803,6.255866017463971,26.180952380952373
0,plot1,28.28595555555556,8.785794508390648,28.702999999999992
0,plot2,30.97386243386244,2.0902673114457664,30.928571428571434
0,plot3,27.48253594771242,6.235757468286505,26.539999999999996
0,plot4,26.41103333333333,6.315115669512509,25.013
0,plot5,26.569344444444436,6.8328980481120745,25.576000000000008
0,plot6,23.574444444444442,1.4646010703256005,23.358333333333338
0,plot7,28.63085978835978,8.074792400622856,29.64642857142856
0,plot8,27.62558888888889,7.356485304537307,26.46199999999999
0,plot9,26.817644444444454,7.0463574879510515,26.529000000000007
0,plot10,27.979077777777764,8.324963706813518,28.089000000000006
0,plot11,27.719183673469384,8.378201135921254,28.321428571428562
0,plot12,28.59454106280193,2.4180720844956136,30.369565217391305
0,plot13,29.281986531986536,8.269801266807297,27.860606060606056
0,plot14,26.687566666666658,6.613367480470041,25.128999999999998
0,plot15,28.434288888888883,7.61026708608511,26.71099999999999
0,plot16,26.43918888888889,7.135005378653722,26.250999999999998
0,plot17,26.988433333333333,7.1416506325142235,26.383999999999993
0,plot18,26.926677777777773,6.735802414763901,25.104
0,plot19,26.622222222222213,6.960478911172517,26.421428571428574
0,plot20,26.395647193585333,6.909876492902985,25.985567010309282
0,plot21,26.587222222222227,2.540477959057432,28.696428571428577
0,plot22,27.13631710362048,6.4826945048402935,25.994382022471903
0,plot23,26.866433333333326,7.75261422001559,26.62899999999999
0,plot24,25.907833333333336,6.974324695395051,26.08
0,plot25,26.90866666666667,7.2750905658736125,26.949
0,plot26,26.582899999999984,7.130991994038757,26.702999999999992
0,plot27,27.198422222222224,8.063921704643274,26.712000000000003
0,plot28,26.606811111111114,7.093303092371803,25.61399999999999
0,plot29,27.38395555555555,7.2216434354562535,26.648000000000007
0,plot30,26.431677777777768,6.9883212760649585,26.326999999999998
0,plot31,24.56495555555555,6.433143734711552,24.807
0,plot32,28.555169590643263,8.644685161965683,28.609473684210514
0,plot33,25.84150462962964,6.2436899897368185,25.528124999999985
0,plot34,27.01536082474226,7.429678130180645,27.342268041237116
0,plot35,24.41355555555556,1.613117506829568,23.023333333333337
0,plot36,28.55421188630491,6.678201313460331,27.790697674418606
0,plot37,26.802955555555556,8.131281378127058,26.99499999999999
0,plot38,27.34507777777777,8.581887081014914,27.587999999999987
0,plot39,26.789499999999997,6.504444536179261,24.933999999999987
0,plot40,28.380533333333343,8.129884154794373,27.401999999999994
0,plot41,27.7380583613917,8.913800271857488,29.217171717171702
0,plot42,27.592911111111093,8.548813964354245,28.323999999999998
0,plot43,25.49225555555556,6.979095989237694,25.61499999999999
0,plot44,28.03312222222221,7.821523484075757,27.709
0,plot45,27.926333333333336,7.592209996910441,26.131999999999994
0,plot46,30.073552971576223,6.797357210422011,27.627906976744182
0,plot47,26.935837742504408,4.263274748609127,25.801587301587297
0,plot48,27.62335600907028,7.928378475002304,27.423469387755105
0,plot49,24.99734693877552,6.523693859765968,24.770408163265298
0,plot50,26.76971941638608,7.094487472802209,26.664646464646452
0,plot51,25.36126984126984,1.8129330097740028,23.154285714285717
0,plot52,28.03431960049938,6.94614225309786,26.850561797752817
0,plot53,28.231894736842104,7.813773960397515,28.713684210526313
0,plot54,27.399236111111104,7.959019998949091,26.496874999999992
0,plot55,26.317511574074075,7.6519811533394755,26.507291666666664
0,plot56,26.602022222222214,6.72366330075043,24.98599999999999
0,plot57,28.152755555555554,8.455198430268087,28.350999999999985
0,plot58,26.04408888888889,6.9089882075801805,25.776999999999997
0,plot59,26.514366666666664,6.858481607886586,26.051999999999985
0,plot60,27.153388888888895,6.785330408345909,25.566999999999997
0,plot61,25.65154444444443,6.1480151416662325,24.65400000000001
0,plot62,27.27535555555555,8.22344628180542,27.24099999999999
0,plot63,29.09018888888889,9.25109579631383,29.524999999999988
0,plot64,28.292,7.889492626534336,27.255999999999993
0,plot65,27.459288888888906,8.416185347297642,27.969999999999985
0,plot66,25.86185555555555,6.305558159262128,24.221999999999998
0,plot67,26.725044444444453,7.585674698792811,26.134999999999994
0,plot68,24.960183150183138,5.374962651999227,24.38351648351649
0,plot69,27.528762306610403,6.864979206892369,28.46708860759493
0,plot70,28.173300000000005,9.161963314944337,28.955999999999985
0,plot71,27.491211111111106,7.4277264157446,26.480999999999998
0,plot72,25.68108820160365,6.28394635799992,24.838144329896906
0,plot73,28.45381443298968,7.1786460276029,27.08453608247423
0,plot74,28.5088319088319,2.910986401047524,26.674358974358977
0,plot75,27.237693236714957,6.6643013367645265,25.843478260869563
0,plot76,27.007577777777772,7.757804916477483,26.973999999999993
0,plot77,25.952388888888876,6.4188432049524105,24.927
0,plot78,24.888455555555538,6.915078184939166,26.013
0,plot79,29.212244444444437,8.905564586716105,28.13099999999999
0,plot80,30.081511111111098,8.724666969333423,29.487000000000002
0,plot81,27.524999999999995,8.164510789022243,27.66199999999999
0,plot82,28.866955555555542,9.428542374166542,29.15099999999999
0,plot83,26.132533333333335,6.963392738358723,25.704999999999995
0,plot84,29.003266666666654,8.728040254445215,28.494
0,plot85,25.280899999999995,5.9986489043494675,24.20099999999999
0,plot86,26.48248888888888,7.112960037605317,25.74199999999999
0,plot87,27.295311111111108,7.840895329775956,27.103999999999992
0,plot88,28.718377777777775,7.83596145851349,27.496000000000013
0,plot89,27.032233333333323,7.99339844735733,27.034999999999997
0,plot90,26.402655555555558,7.323465594951755,26.593999999999998
0,plot91,28.927310789049915,5.791452229465423,27.57971014492754
0,plot92,29.16463917525773,10.06937151222926,29.81030927835051
0,plot93,28.561477777777768,8.39372374522264,28.075
0,plot94,30.089677777777784,8.554104406382889,28.381999999999984
0,plot95,26.33228888888889,7.095667926241794,25.858999999999984
0,plot96,26.647566666666677,7.212894885314171,25.820999999999998
0,plot97,27.474500561167225,7.514434372983679,26.805050505050495
0,plot98,27.984409722222214,7.254816297683676,26.56354166666667
0,plot99,26.23101754385963,6.7361951138456,26.056842105263158
0,plot100,27.37908831908832,2.4541768380669935,26.04358974358974
0,plot101,28.76829151732377,8.098560119843592,27.904301075268815
0,plot102,25.840111111111106,6.476257381493091,25.284999999999986
0,plot103,26.157233333333316,6.463595977700962,24.44400000000001
0,plot104,26.60685555555556,6.759566206993816,25.722999999999992
0,plot105,27.523322222222212,8.422368787038074,27.720999999999993
0,plot106,28.20779999999999,7.990988060393861,27.588
0,plot107,27.359177777777777,7.094683036944891,26.22099999999999
0,plot108,27.367377777777754,7.952064512814046,27.436999999999994
0,plot109,25.9610111111111,7.050710164572597,25.720999999999986
0,plot110,25.232811111111108,6.082809029946487,24.135000000000005
0,plot111,24.350655555555548,5.561534771112457,23.022000000000006
0,plot112,28.123866666666654,7.7379194203784225,27.46100000000001
0,plot113,26.86391812865498,6.403172940796304,25.666315789473675
0,plot114,29.17812091503268,6.446327428282343,29.119117647058832
0,plot115,27.91134444444443,8.322153552184886,27.75700000000001
0,plot116,26.521188888888872,6.7282193954963,24.842999999999993
0,plot117,27.051466666666656,7.423781360769856,27.472000000000016
0,plot118,28.848044444444437,9.145463670327693,28.907999999999983
0,plot119,28.01723333333333,6.941334045541542,25.709000000000007
0,plot120,27.120222222222214,6.36905760077281,24.852000000000004
0,plot121,28.914788888888875,9.404179323137951,29.319000000000003
0,plot122,27.590144444444444,7.978611756135043,27.80599999999998
0,plot123,30.670198830409344,9.581664385500671,30.770526315789468
0,plot124,24.55425925925926,2.897509753961788,25.485714285714295
0,plot125,24.619194139194132,5.5122887354711105,24.5032967032967
0,plot126,26.814910394265212,7.093668302517785,26.0720430107527
0,plot127,28.277048260381587,8.339374977713698,27.53535353535353
0,plot128,27.2637,6.991173056796257,26.599999999999994
0,plot129,25.453511111111112,6.898935896486859,25.291999999999994
0,plot130,27.0198204264871,8.356014423203439,27.21818181818181
0,plot131,25.483144444444438,6.778152654530622,25.105999999999998
0,plot132,25.275466666666652,6.56525163278582,25.252000000000002
0,plot133,24.533744444444434,6.05330790413295,24.27699999999999
0,plot134,27.275877777777772,7.443848283844661,26.256000000000004
0,plot135,26.67325555555556,6.94899246303283,26.123999999999995
0,plot136,28.99075555555554,8.42418070060103,28.52399999999999
0,plot137,27.377122222222212,7.735930792228702,27.10099999999999
0,plot138,27.405911111111106,6.317854352908275,25.268
0,plot139,25.91169530355097,6.772499358550484,25.65154639175258
0,plot140,26.681322751322753,4.362916642803034,25.888888888888886
0,plot141,27.95544332211,7.726696080623475,27.629292929292927
0,plot142,26.527377777777765,7.003201429668684,26.175000000000004
0,plot143,26.431899999999978,6.053544308980135,24.751999999999995
0,plot144,29.860533333333336,10.136153918062941,31.05399999999999
0,plot145,28.286588888888865,8.75241587184442,28.070000000000004
0,plot146,27.091911111111113,6.496048629812541,24.795999999999996
0,plot147,26.353711111111096,7.043827720466749,25.45000000000001
0,plot148,26.131877777777767,7.156431825949366,26.203999999999997
0,plot149,29.4968111111111,9.239225288472243,29.358999999999984
0,plot150,25.87699999999999,6.942470516683979,25.601999999999997
0,plot151,27.352725146198832,7.113996763181001,27.376842105263155
0,plot152,27.638784722222223,8.054333563864514,27.3875
0,plot153,27.623676122931446,7.496937272699511,27.40106382978722
0,plot154,24.48995370370371,2.2355785380449085,22.493750000000006
0,plot155,28.55117983963345,7.766217316205636,27.864948453608235
0,plot156,26.703122222222227,7.132304394369798,27.079999999999995
0,plot157,25.948744444444447,7.203741855117938,26.059
0,plot158,25.594888888888885,6.854197260905251,25.613000000000003
0,plot159,27.38979999999999,8.366851347062,27.016
0,plot160,25.996333333333347,5.75065629266407,24.117000000000004
0,plot161,27.390288888888875,8.21983502105012,27.04899999999999
0,plot162,28.111355555555537,8.855309314434791,28.391999999999992
0,plot163,26.9761111111111,7.490526067491698,26.121999999999993
0,plot164,27.14095555555555,7.337191213255289,26.596
0,plot165,28.099944444444436,8.432751750758182,27.316999999999993
0,plot166,29.673866666666644,8.123527927457994,27.623000000000015
0,plot167,28.840799999999987,8.823306695470839,29.161000000000005
0,plot168,29.141996779388084,4.658426628772142,26.70869565217392
0,plot169,26.685612829324167,6.754776063595258,26.13402061855669
0,plot170,27.168344444444433,7.550573684074251,26.708999999999993
0,plot171,25.962533333333326,6.591600170371477,25.041999999999994
0,plot172,27.51751111111111,7.252906994748449,26.07
0,plot173,25.743433333333325,7.219308446716475,26.113000000000003
0,plot174,29.74702222222222,10.26397982535037,30.01699999999999
0,plot175,27.761866666666666,6.828916864821815,26.822999999999997
0,plot176,27.087133333333327,6.988483068086617,25.507
0,plot177,25.61565555555555,7.2619571377852825,25.385
0,plot178,27.826944444444425,8.204371316610988,27.36000000000001
0,plot179,27.49316666666666,7.767548566092591,27.619999999999994
0,plot180,26.383844444444435,7.295938960121003,26.74199999999998
0,plot181,27.463055555555556,6.8818872585539905,25.560999999999993
0,plot182,24.856744444444438,6.672510318368354,25.43599999999999
0,plot183,25.388355555555552,3.7731375999629875,26.935999999999993
0,plot184,27.048534798534796,6.125588882508582,26.032967032967033
0,plot185,25.711811111111107,7.280883662726833,25.806999999999988
0,plot186,25.461477777777773,6.927330396288164,26.054999999999993
0,plot187,25.527233333333342,6.099964482029574,23.841999999999995
0,plot188,29.35895555555555,9.478785865475405,29.500999999999998
0,plot189,29.012733333333323,8.053743729843811,27.648999999999997
0,plot190,27.035111111111107,7.918943486865412,27.216000000000005
0,plot191,28.09967777777777,7.239750790113386,26.663
0,plot192,29.365855555555548,8.953106308342877,29.290999999999993
0,plot193,26.196466666666648,7.861848181979069,26.495999999999995
0,plot194,28.983066666666673,9.231721594419144,29.383000000000003
0,plot195,27.65433333333332,7.78331386342647,27.117000000000004
0,plot196,25.52578888888888,7.27024780079811,25.679000000000002
0,plot197,27.202033333333315,7.209115549351904,26.120999999999995
0,plot198,26.042655555555555,6.746684891715936,25.19000000000001
0,plot199,28.423011111111105,7.865687208201757,27.71199999999999
0,plot200,27.387021276595735,7.059201889515253,26.805319148936178
0,plot201,26.840153846153843,4.959618970453428,26.853846153846156
0,plot202,29.19926666666666,8.966228740856922,29.374999999999982
0,plot203,26.927188888888903,7.896880867057416,27.178999999999995
0,plot204,26.7117888888889,6.293981390333648,24.749999999999996
0,plot205,29.55037777777777,10.364724418565686,30.391
0,plot206,27.938977777777765,7.466759133669129,27.276999999999997
0,plot207,26.639055555555554,6.122768517703818,25.061
0,plot208,26.64934444444443,6.792244268378297,24.933999999999997
0,plot209,27.132555555555545,7.706215252716558,26.82399999999999
0,plot210,26.16385555555555,6.921768206494984,26.269000000000002
0,plot211,27.453477777777774,6.8861613953592,26.000999999999994
0,plot212,28.427088888888896,7.627611819125581,27.49699999999999
0,plot213,27.21632222222221,7.586556700930306,26.688000000000002
0,plot214,28.184711111111096,7.4076343599285694,27.592999999999982
0,plot215,28.82517777777777,9.021955096744463,28.821999999999992
0,plot216,26.21591111111111,3.715047195603623,27.146000000000004
0,plot217,24.77998737373737,5.24220444424567,23.370454545454553
0,plot218,26.897322222222204,6.65366626023396,26.117000000000004
0,plot219,29.820024968789006,7.1949948757721796,27.55505617977529
0,plot220,27.263025641025635,5.573688807691032,27.715384615384615
0,plot221,26.98768219832734,6.252381205812976,25.495698924731197
0,plot222,29.4776,8.233439688036487,28.366999999999994
0,plot223,27.910311111111106,7.986703713412529,26.984999999999996
0,plot224,26.56684444444444,7.161771748062303,26.18899999999998
0,plot225,27.47997474747475,6.9852645064130146,27.392045454545453
0,plot226,29.017986111111114,5.44098165081809,27.195312499999982
0,plot227,26.87843843843843,5.36930150203746,25.831081081081088
0,plot228,26.11106666666665,6.004595939242714,24.839000000000002
0,plot229,27.125244444444448,7.75140313604763,26.569000000000003
0,plot230,25.57005555555556,6.16836245188537,24.427
0,plot231,28.192888888888874,8.75826865895806,28.516000000000005
0,plot232,27.605877777777764,8.183739692256697,27.648999999999997
0,plot233,28.385322222222207,8.754172022137773,28.877999999999997
0,plot234,26.609088319088325,5.601023805369914,26.219230769230755
0,plot235,28.5645730994152,8.755558249896172,28.072631578947355
0,plot236,26.358800000000002,6.874005002586133,25.97900000000001
0,plot237,27.97181111111111,7.510237990596645,26.829999999999988
0,plot238,29.42979999999999,9.075284417437311,29.406999999999996
0,plot239,28.788811111111105,8.697126982733892,28.04999999999999
0,plot240,25.67842222222222,6.379855254723199,24.28200000000001
0,plot241,30.947059483726147,9.517652864387454,29.836363636363643
0,plot242,26.020933333333332,6.737536573908683,25.91
0,plot243,26.74172222222221,7.025330808320573,26.054999999999996
0,plot244,27.69966666666666,7.371009672773019,26.997000000000003
0,plot245,24.21625555555556,6.717860779119248,25.18599999999999
0,plot246,26.062355555555555,6.708753302016492,25.208000000000002
0,plot247,26.035988888888884,7.2601570051947775,25.534999999999997
0,plot248,26.956644219977555,6.972481365905558,26.687878787878773
0,plot249,29.309288888888872,9.78305461176272,28.772
0,plot250,26.707022222222225,3.7205693300904703,26.164
0,plot251,25.135653235653226,6.0892697152385935,25.55494505494505
0,plot252,28.975166666666656,8.827261175223542,28.704000000000004
0,plot253,27.49195555555556,7.7251708373901575,26.252999999999997
0,plot254,28.536933333333312,9.029475284158991,29.267
0,plot255,29.9917067583047,8.193731527691439,29.017525773195874
0,plot256,25.101999999999993,4.9843731497673875,25.45285714285715
0,plot257,30.07458888888888,9.131034335269753,28.767999999999976
0,plot258,27.294433333333338,6.861400147461771,25.467999999999996
0,plot259,25.622944444444443,6.702133966295375,25.823999999999984
0,plot260,30.98034920634919,7.293000000193568,30.722857142857155
0,plot261,27.1967111111111,8.081717256229531,27.73599999999999
0,plot262,26.321851851851854,5.449712922200581,25.785507246376813
0,plot263,27.17581430745814,5.198986339508396,26.395890410958902
0,plot264,25.464406565656557,5.7469327199714035,24.60909090909091
0,plot265,28.95318888888887,8.698700135255178,29.048999999999992
0,plot266,26.57742821473159,6.3595613515791705,26.03932584269663
0,plot267,30.300538720538718,6.524600994644695,29.921212121212125
0,plot268,25.247425925925928,3.8834326348452186,24.65333333333333
0,plot269,27.95356666666666,7.518099040814095,26.684999999999988
0,plot270,28.454366666666665,8.166234737990898,27.522999999999996
0,plot271,27.503433333333327,8.063699436963033,27.040999999999993
0,plot272,28.912111111111113,7.744131134452732,27.800000000000008
0,plot273,29.279488888888878,9.245197456106714,29.543000000000003
0,plot274,24.626800000000014,5.906387396697006,24.131999999999994
0,plot275,29.21796666666667,8.87056488836062,29.66999999999999
0,plot276,27.16893333333332,8.33769422564403,27.821999999999992
0,plot277,24.64946666666667,6.215554671329432,24.07199999999999
0,plot278,25.42677777777776,7.564730485969489,26.375999999999994
0,plot279,29.41707777777776,8.78372891122091,28.217000000000006
0,plot280,27.166195286195283,5.998092057051621,24.651515151515152
0,plot281,30.566255555555543,7.675447279665465,27.902999999999988
0,plot282,28.44099999999999,8.104671302952987,27.693999999999996
0,plot283,31.4809977324263,4.734585903278628,30.710204081632657
0,plot284,20.50527777777778,0.20448469502583286,23.0
0,plot285,22.114938271604938,0.30664221953710236,19.211111111111112
0,plot286,32.13472222222223,0.8417190656946792,32.2
0,plot287,24.793171296296283,5.241006712046488,22.89270833333333
0,plot288,26.572622222222204,7.735308756883289,26.049000000000014
0,plot289,26.769555555555534,6.9004925556467125,26.516000000000005
0,plot290,24.885716586151368,4.472749078167023,25.552173913043475
0,plot291,26.92032879818594,6.928459798847129,26.38469387755102
0,plot292,25.055098934550987,4.394744117976552,24.260273972602743
0,plot293,28.430579029733956,6.663091038194728,29.091549295774648
0,plot294,28.752669753086415,6.510719867504806,29.511111111111106
0,plot295,28.64122222222222,7.711596015533996,27.004999999999992
0,plot296,26.96626666666668,6.37415954724224,24.954000000000004
0,plot297,26.089384057971,6.853616851662499,26.565217391304344
0,plot298,30.450555555555546,8.032695059064755,30.746250000000003
0,plot299,29.919170013386864,8.600606260841323,31.118072289156622
0,plot300,26.60727699530517,5.4424102900773095,26.183098591549296
0,plot301,26.337806267806265,5.1314185355113136,25.098717948717958
0,plot302,30.62931111111111,9.038448458175807,29.177999999999997
0,plot303,26.967555555555553,4.354026720991538,25.44461538461537
0,plot304,27.90997777777778,9.176929862346045,28.843999999999998
0,plot305,28.13791111111111,8.46888085167263,28.250000000000004
0,plot306,25.93262222222221,7.138788641606806,26.998
0,plot307,26.39616666666667,6.4132605948069825,25.361000000000004
0,plot308,27.080911111111103,6.953677363077496,26.041
0,plot309,26.03766666666667,6.173087407236367,24.892999999999994
0,plot310,27.80566666666666,7.81525757752817,27.63299999999999
0,plot311,26.03941111111112,6.899852456143538,25.500999999999987
0,plot312,26.6280111111111,7.901773112217217,27.521999999999995
0,plot313,26.537833333333328,6.397931193453788,24.509
0,plot314,26.308799999999987,6.985418444453042,25.837
0,plot315,27.626296296296292,8.89774908959214,28.338383838383837
0,plot316,27.09527777777777,7.164695000026472,26.334999999999983
0,plot317,28.25263285024155,2.822306309020155,24.71739130434783
0,plot318,33.840666666666664,0.29045045100050054,26.18
0,plot319,29.347407407407406,0.6525904755595933,27.31111111111111
0,plot320,27.371052009456257,7.577749245925964,27.71489361702127
0,plot321,27.1166,7.394674504834348,26.329999999999995
0,plot322,27.994680555555554,6.795434555718018,27.502500000000005
0,plot323,26.684333333333328,3.4844197373109425,25.454000000000004
0,plot324,25.926460481099657,4.756151366049192,22.454639175257725
0,plot325,25.192577777777778,6.018280716841752,24.32099999999999
0,plot326,27.109488888888887,7.148888861988096,26.591999999999988
0,plot327,26.303188888888876,6.746286694847098,25.127000000000006
0,plot328,27.08622222222222,7.019830664982302,25.684000000000005
0,plot329,30.868799999999997,10.171885607506713,30.158999999999992
0,plot330,25.17669999999998,5.808518146157886,23.713000000000008
0,plot331,25.434,6.502127611597238,24.981999999999992
0,plot332,27.452536475869792,7.943933285628389,27.343434343434335
0,plot333,26.85324444444444,6.902049214806567,25.964000000000002
0,plot334,27.538655555555547,8.821463365981343,27.907999999999998
0,plot335,28.78674718196457,5.873506702586374,28.902898550724636
0,plot336,30.021811111111102,11.184638475049962,31.485999999999994
0,plot337,27.596433333333326,6.666212210496071,26.667
0,plot338,25.019666666666673,5.585342545639521,23.965
0,plot339,24.221391694725032,5.95880015773317,23.66363636363636
0,plot340,24.861544444444444,5.931330071570183,23.958000000000006
0,plot341,27.944988888888886,7.260352569337463,26.317999999999994
0,plot342,28.540366666666664,8.67734044680342,28.82299999999999
0,plot343,25.71239999999999,7.2786978996381,26.283999999999995
0,plot344,28.84783333333332,8.1306302830496,27.793999999999997
0,plot345,28.618466666666677,7.493176786293165,27.165
0,plot346,28.604644444444446,8.349245076433112,27.662999999999997
0,plot347,27.15953333333333,8.125511843218739,27.055
0,plot348,25.414044444444443,6.439015371381109,25.013
0,plot349,27.14996527777777,7.201776003514953,26.606250000000003
0,plot350,27.54928774928775,3.3245283792064897,29.03846153846154
0,plot351,25.898064918851432,7.037372532961781,27.21235955056179
0,plot352,26.044555555555554,6.472675965867998,26.15888888888888
0,plot353,28.623333333333335,0.5845765654057011,27.52
0,plot354,26.5215162037037,8.08907722241873,27.27604166666666
0,plot355,28.04103009259258,8.42225490430438,28.618749999999995
0,plot356,29.001322081575243,6.534832376519273,27.416455696202526
0,plot357,26.986955266955263,5.1243955051342125,25.676623376623375
0,plot358,28.96645555555556,8.015174396835684,27.639
0,plot359,27.917611111111103,7.419725564654074,25.63599999999999
0,plot360,27.471477777777782,6.50082070905335,25.625999999999987
0,plot361,26.89408888888888,7.413591604997939,26.44199999999999
0,plot362,28.47011111111111,7.500740956004843,26.84999999999999
0,plot363,26.59885555555556,6.666513803390815,25.28899999999999
0,plot364,27.352633333333323,8.073791803362692,26.77299999999999
0,plot365,26.345955555555552,6.947170339293751,25.85400000000001
0,plot366,26.940833333333334,7.65393993635899,26.774999999999995
0,plot367,26.029866666666656,6.584001443140607,25.770999999999994
0,plot368,25.665544444444432,6.18740207416245,24.432999999999993
0,plot369,26.197922222222218,6.640839137429353,25.83899999999999
0,plot370,29.744820261437923,5.566301352566112,28.127941176470586
0,plot371,27.218977777777773,6.9205319897857995,25.847
0,plot372,24.465644444444447,5.568985843488605,23.800999999999995
0,plot373,26.755933333333328,7.17909684614869,26.52399999999999
0,plot374,27.356622222222228,7.098200049920589,26.499000000000002
0,plot375,26.983022222222207,7.179980419082512,26.297000000000004
0,plot376,24.822333333333333,5.14239683103928,23.471000000000004
0,plot377,28.814033333333327,9.10094573163,28.347999999999992
0,plot378,28.01414444444444,7.61341967431299,26.481000000000005
0,plot379,28.767588888888877,8.42452627579293,28.022000000000002
0,plot380,26.937755555555555,7.281438939228353,26.23599999999999
0,plot381,25.922155555555555,6.373530443313357,24.993
0,plot382,26.255366666666667,6.669462188096208,25.39699999999998
0,plot383,28.510944444444448,8.808207415779522,28.585999999999984
0,plot384,25.907004830917874,4.073622297899054,28.123913043478268
0,plot385,28.124868270332172,7.613708700837117,27.15979381443298
0,plot386,28.045111111111105,8.789697151864567,28.557999999999993
0,plot387,26.225543209876545,5.776386721895132,24.477777777777778
0,plot388,27.092850729517398,7.43783449010753,26.88787878787877
0,plot389,28.923395061728392,6.029522120754458,27.913888888888884
0,plot390,26.389390243902437,5.388920748159129,25.513414634146336
0,plot391,30.00647777777777,9.193443644129637,29.549999999999997
0,plot392,26.504711111111096,6.880533232120293,26.340999999999998
0,plot393,26.432077777777778,7.577493991522861,26.40699999999999
0,plot394,26.391833333333338,7.365061852481613,25.89
0,plot395,27.99724444444445,7.984148813186994,27.923999999999992
0,plot396,26.375982042648705,8.643147352361746,28.541414141414137
0,plot397,27.590433333333337,8.194282091803982,27.639999999999983
0,plot398,26.46094444444444,6.023064577055003,24.459999999999994
0,plot399,29.476188888888874,9.85515337776444,30.087000000000003
0,plot400,27.27830000000001,7.672887667050953,27.187999999999985
0,plot401,29.618944444444438,9.651931602985357,29.758999999999997
0,plot402,25.392722222222233,5.794482295579811,24.594
0,plot403,29.834833333333325,10.80675750050006,31.266999999999985
0,plot404,28.254726134585287,5.374375959571169,27.50422535211268
0,plot405,28.15527777777777,7.745536997165216,27.23599999999999
0,plot406,28.791133786848047,7.5118708333783495,27.532653061224472
0,plot407,25.522066666666646,6.380652433859048,24.487
0,plot408,27.718599999999984,7.57749791851368,27.162000000000003
0,plot409,27.433288888888875,7.470802363414298,27.063
0,plot410,28.121199999999984,8.411149374273936,27.546000000000003
0,plot411,28.796144444444437,9.204785579007266,29.180999999999997
0,plot412,26.679444444444435,7.539496428377691,26.979
0,plot413,28.47283950617282,8.281599518017856,28.023232323232317
0,plot414,25.759266666666672,6.515783329464228,24.968999999999998
0,plot415,28.02013333333333,8.060881428352763,27.879000000000005
0,plot416,26.291400000000003,3.4252611914493567,25.908
0,plot417,29.069166666666668,0.4253826408703456,33.3
0,plot418,26.71836666666666,7.249631099008923,26.307000000000006
0,plot419,26.17296666666667,6.853695391478839,25.187999999999985
0,plot420,25.223800000000004,6.5748319195829374,25.02399999999999
0,plot421,25.44071111111111,5.9922942478094186,24.109999999999985
0,plot422,28.959633333333326,8.336225531078476,28.000000000000004
0,plot423,27.07889999999998,8.707066981889847,28.33000000000001
0,plot424,28.344399999999993,8.922635215797545,28.62
0,plot425,28.463211111111107,7.614116322483921,27.377999999999993
0,plot426,26.081822222222215,7.297057367105677,25.88599999999999
0,plot427,28.244199999999992,9.180617306723196,28.454999999999988
0,plot428,26.55232222222223,7.215053944865351,25.96399999999999
0,plot429,29.663999999999984,9.393614932442095,30.19000000000001
0,plot430,25.801777777777783,6.4823253677035,25.108999999999988
0,plot431,27.74919999999999,8.100755307710285,27.24
0,plot432,25.542522222222214,5.519909453850551,23.760999999999996
0,plot433,26.592077777777778,7.343519951655947,26.129999999999992
0,plot434,26.003600000000006,5.997962466354658,24.686999999999998
0,plot435,25.75765555555555,6.380094801163034,25.376999999999985
0,plot436,24.461388888888884,6.543777276202206,24.32199999999999
0,plot437,28.63642512077295,5.959078188683016,28.530434782608687
0,plot438,27.302866666666663,6.738597646827432,26.395
0,plot439,26.40148888888888,8.231557088638825,27.456000000000003
0,plot440,27.359288888888873,7.8580539234517,26.997000000000003
0,plot441,26.89286666666667,7.666935134370562,27.180999999999997
0,plot442,27.070999999999994,7.32547621425005,26.855999999999998
0,plot443,28.218333333333316,8.8795239252105,28.72299999999999
0,plot444,28.38375555555555,8.154632050923023,27.434000000000005
0,plot445,25.740288888888898,7.515101961422567,26.178999999999995
0,plot446,27.19226666666667,7.289186106712108,26.163999999999998
0,plot447,27.6155111111111,8.711608939468778,28.233
0,plot448,25.73862222222222,7.066412630053402,26.676
0,plot449,29.238604651162795,4.039852533067456,29.553488372093028
0,plot450,21.10818181818182,0.39485971204623055,19.7
0,plot451,37.19244444444445,1.5000083903278845,36.98
0,plot452,27.42509539842873,6.9604820527651725,25.798989898989884
0,plot453,27.173888888888886,7.5799193010514365,26.698999999999987
0,plot454,28.431705948372606,8.017652328041201,27.69595959595958
0,plot455,31.072033333333312,9.26827009795284,30.084
0,plot456,25.649611111111106,6.262870983683312,24.814999999999987
0,plot457,26.022566666666677,6.509285730458442,25.423999999999992
0,plot458,28.54309999999997,9.163206600237002,28.662999999999993
0,plot459,28.034309764309757,6.968330536612003,26.622222222222216
0,plot460,31.265811111111105,9.468337713707731,29.701999999999988
0,plot461,27.772855555555555,7.9300176009693155,27.153999999999996
0,plot462,29.367388888888865,9.369353197776583,29.63299999999999
0,plot463,28.224322222222213,7.940759491650102,28.425
0,plot464,27.16742222222222,7.199378182922101,26.28899999999999
0,plot465,28.53069999999999,9.570121388693218,29.25700000000001
0,plot466,27.66664444444444,7.780902691064838,26.941000000000003
0,plot467,27.141677777777776,7.712340572992893,26.922999999999988
0,plot468,28.719488888888876,8.293839948394405,28.524999999999995
0,plot469,28.121973466003322,5.207544823294938,27.155223880597017
0,plot470,27.003655555555568,7.3785345725765294,26.908
0,plot471,27.892977777777773,8.363042951367683,27.829
0,plot472,26.27048888888888,6.758736826533268,25.158999999999992
0,plot473,26.619322222222216,6.503115642486795,24.947999999999993
0,plot474,26.154022222222224,6.760479625057847,25.16799999999999
0,plot475,27.121599999999997,6.962469895516731,25.103999999999992
0,plot476,27.20981111111111,6.827975957822062,25.639
0,plot477,28.459755555555542,7.691355519465082,26.946000000000005
0,plot478,27.490844444444452,7.954972056814941,26.654999999999994
0,plot479,25.722077777777766,7.240986221424408,25.969999999999995
0,plot480,29.75240000000001,8.621619588703025,27.995000000000008
0,plot481,24.76253333333333,5.441280102120179,23.701
0,plot482,30.51940568475452,3.8812971372389415,29.327906976744185
0,plot483,25.964948453608255,6.210938886323144,24.72474226804123
0,plot484,26.683522222222212,7.861647120049241,26.657999999999998
0,plot485,27.067888888888888,7.327495472928148,26.592999999999982
0,plot486,28.651911111111108,9.302209508787735,29.44899999999999
0,plot487,26.118377777777777,6.861979771306352,26.04799999999999
0,plot488,28.71351111111109,8.504902353038693,27.936000000000003
0,plot489,26.298377777777773,6.571179818123141,25.16
0,plot490,26.416999999999994,6.863882005658102,25.800000000000004
0,plot491,27.918933333333328,8.253472838990268,27.832000000000004
0,plot492,27.85132222222222,9.286426147296096,29.826999999999984
0,plot493,26.61316666666666,7.595810262091454,26.837999999999994
0,plot494,28.0057111111111,8.566790157518083,27.674
0,plot495,25.326333333333324,6.576759286675919,25.214000000000006
0,plot496,29.6626111111111,8.783208192238579,28.651999999999983
0,plot497,27.398999999999997,7.82779645920681,26.947999999999993
0,plot498,25.988655555555557,6.790036514140985,25.042999999999996
0,plot499,30.01533333333332,10.127866396642773,30.638000000000005
0,plot500,24.44508607198748,4.041534855933452,23.783098591549294
0,plot501,26.263983451536646,6.8616161319566995,26.539361702127657
0,plot502,25.908355555555563,6.674136092566589,25.253999999999987
0,plot503,26.622877777777763,7.9455464934560105,26.566
0,plot504,26.21396666666668,6.517518274007175,26.179999999999982
0,plot505,26.257099999999987,8.188122214008454,28.217000000000006
0,plot506,26.76287777777777,6.781846382093074,25.150999999999996
0,plot507,30.066453423120088,9.053086709145209,28.82929292929292
0,plot508,26.02236666666667,6.673304355911549,25.013000000000005
0,plot509,29.507966666666654,8.799825646579743,28.415999999999993
0,plot510,26.381366666666658,7.8944736216866005,26.694000000000003
0,plot511,26.174122222222223,7.142719559414607,26.166999999999984
0,plot512,24.66914351851852,2.862012898568877,24.900000000000002
0,plot513,30.796944444444446,0.387074845450635,30.674999999999997
0,plot514,28.659134502923973,8.01511627737159,27.27263157894737
0,plot515,27.146611111111106,7.7057400868277055,26.991000000000007
0,plot516,25.428077777777773,6.349417148900729,24.67500000000002
0,plot517,27.5715,8.189391417440506,28.322999999999993
0,plot518,26.712777777777784,7.321871236680056,26.42
0,plot519,27.72677777777777,7.577666779118809,27.236999999999995
0,plot520,26.830055555555543,7.097707605272135,25.895999999999994
0,plot521,26.589066666666657,7.418036173204605,25.78100000000001
0,plot522,28.704077777777783,9.02418327133402,29.034999999999986
0,plot523,28.272477777777766,8.75672613696514,28.62800000000001
0,plot524,26.04135555555555,7.877918213800345,26.78500000000001
0,plot525,25.72407777777778,6.194648157617954,24.409000000000006
0,plot526,25.115988888888886,5.819974749167365,23.696000000000005
0,plot527,29.898622222222226,9.350095234810079,29.80899999999999
0,plot528,27.14498888888889,6.635154425522681,25.159000000000002
0,plot529,25.078011111111106,6.196556675155009,24.550999999999995
0,plot530,27.5848,8.61660403603157,28.120999999999995
0,plot531,26.442399527186755,5.941700468919682,25.07872340425531
0,plot532,28.975288888888887,6.13486050782749,27.550666666666668
0,plot533,25.213844444444444,6.688011721919328,25.041000000000004
0,plot534,28.746644444444428,7.751443191353961,27.178
0,plot535,27.263811111111103,7.467048945591424,25.892000000000007
0,plot536,29.16372222222221,8.902781135625025,29.21499999999999
0,plot537,26.479533333333325,7.233115746429004,26.098999999999993
0,plot538,28.55464444444445,8.30903347586533,28.209999999999994
0,plot539,28.332922222222216,8.468657013196063,28.627
0,plot540,29.699055555555546,9.593096641167085,30.158
0,plot541,26.899866666666643,8.168127547564687,26.67299999999999
0,plot542,28.394344444444446,8.026566597195762,27.314
0,plot543,27.23664302600472,6.6556014813085715,26.888297872340416
0,plot544,27.744382716049387,3.112682147195132,28.272222222222226
0,plot545,27.637791495198897,6.102034791588291,26.499999999999993
0,plot546,26.901888888888887,6.219913631136288,25.458
0,plot547,26.832888888888878,6.166241091446033,24.589999999999996
0,plot548,25.709088888888882,6.330380668216301,24.920999999999985
0,plot549,28.01687777777777,7.329672596637085,27.593000000000004
0,plot550,27.09013333333335,8.070575597883574,27.431999999999988
0,plot551,26.504011111111105,6.9106658180572005,25.98899999999999
0,plot552,28.066233333333326,8.03906149657725,27.771
0,plot553,26.905377777777787,8.260862650309674,27.151
0,plot554,24.95260000000001,5.734383628116638,23.99599999999999
0,plot555,26.02779999999999,7.128936607045146,25.552000000000003
0,plot556,27.12063333333332,7.943317533468287,27.701999999999998
0,plot557,27.58546666666666,6.892241947940222,26.416999999999994
0,plot558,27.691444444444443,6.686794354766063,25.43499999999999
0,plot559,27.14233333333333,8.138434784599278,27.960999999999984
0,plot560,27.291155555555537,8.015364463191231,27.750999999999998
0,plot561,27.783555555555544,7.22493660995538,26.272999999999993
0,plot562,28.18857777777776,8.045591296907741,27.801
0,plot563,27.9317748917749,5.509433813147159,26.609090909090906
0,plot564,27.422878787878787,7.758528268185976,27.36250000000001
0,plot565,27.41068888888888,7.39370375270439,26.199999999999992
0,plot566,26.78027777777777,7.097410724766373,25.61000000000001
0,plot567,27.969022222222225,7.8323808282865635,26.442999999999994
0,plot568,27.91756666666666,8.121651611245642,27.488000000000007
0,plot569,26.452199999999998,6.814977618217833,25.472999999999992
0,plot570,30.62058888888886,10.029059380696555,30.007
0,plot571,25.71489999999999,6.505189879036324,24.822999999999997
0,plot572,26.487111111111094,7.086908380525423,25.842
0,plot573,25.748488888888893,7.372152427100762,26.81199999999999
0,plot574,27.423855555555555,8.421238599080942,27.737999999999996
0,plot575,25.601360544217684,3.306501135162028,25.9265306122449
0,plot576,29.012539682539686,0.6294361523044731,30.47142857142857
0,plot577,26.183195876288654,7.39843184964804,25.701030927835053
0,plot578,27.199055555555557,7.009146108367441,26.02599999999999
0,plot579,26.683066666666658,7.670993286680837,26.296
0,plot580,26.697710437710427,7.36314312476843,26.889898989899
0,plot581,28.208344444444442,7.221059099222687,26.153999999999996
0,plot582,30.705244444444443,10.162094048603633,30.513999999999974
0,plot583,26.942955555555542,7.698590607346299,26.63999999999999
0,plot584,26.79826666666666,7.746434707265979,26.70499999999999
0,plot585,29.962255555555547,8.517369763484464,29.055999999999994
0,plot586,25.969444444444452,6.733671629546602,25.322999999999997
0,plot587,28.497688888888888,7.337786545063144,27.25399999999999
0,plot588,26.56179999999999,6.868353277402327,25.450999999999993
0,plot589,30.171133333333326,9.371681117932892,29.521
0,plot590,27.63127777777779,7.567915275522065,27.005000000000006
0,plot591,30.04261044176706,7.306874058749983,28.610843373493974
0,plot592,27.041774691358025,5.740212853285374,27.349999999999994
0,plot593,29.012155555555555,8.29325875375349,27.76899999999999
0,plot594,26.204155555555552,7.294362666007063,25.955
0,plot595,26.390800000000002,6.727589506169254,25.489
0,plot596,25.653299999999994,7.4247301217512405,26.124000000000002
0,plot597,26.430088888888896,7.087283800847527,25.649999999999995
0,plot598,27.33841111111111,7.501627670531321,27.297000000000004
0,plot599,28.327277777777766,8.400345437138244,27.927999999999983
0,plot600,27.087077777777772,7.584457331639544,26.921
0,plot601,26.261166666666654,7.198878669690181,26.451000000000004
0,plot602,26.61916666666667,7.3388515449727105,25.917999999999992
0,plot603,26.44036666666667,7.2002287691330595,25.349999999999994
0,plot604,27.831861111111113,3.4406494976648023,27.5925
0,plot605,28.65376157407408,8.29855469356928,28.185416666666665
0,plot606,25.42508888888889,6.287552120968075,24.45999999999999
0,plot607,25.238888888888873,6.9348364465357575,25.380000000000013
0,plot608,24.97162222222222,6.455171011602193,24.591000000000008
0,plot609,29.218166666666665,8.655913214109608,28.596999999999984
0,plot610,27.848255555555546,9.177965017125404,29.51399999999999
0,plot611,27.712288888888885,6.787970131573085,26.206
0,plot612,28.136419753086425,7.990002385698798,27.866666666666664
0,plot613,26.50451111111111,6.364576904250628,24.92299999999999
0,plot614,27.640655555555544,7.770373643286333,26.94899999999999
0,plot615,27.05511111111111,7.617391432825292,26.022
0,plot616,26.578766666666674,6.410052243309506,25.046000000000003
0,plot617,26.018833333333333,6.674984322583056,25.065999999999995
0,plot618,27.841188888888887,8.469005729980612,28.294999999999987
0,plot619,27.757822222222227,8.80946797983177,28.51099999999999
0,plot620,26.100066666666656,6.322162261834511,24.65299999999999
0,plot621,25.758115942028983,4.743592064018307,24.21884057971014
0,plot622,27.334666666666656,7.4753184028538335,26.500999999999998
0,plot623,27.307377777777777,7.450554798761913,26.884999999999994
0,plot624,26.568055555555553,6.630959613931973,25.541999999999994
0,plot625,29.282749719416376,8.700502624040176,28.982828282828272
0,plot626,27.520788888888884,7.655374073405353,26.64899999999999
0,plot627,25.44487777777778,6.635704989635224,24.590000000000003
0,plot628,27.86188888888889,6.81100428890921,26.657999999999994
0,plot629,28.05447777777779,8.432284438850964,28.063999999999997
0,plot630,26.293899999999997,6.7700693366329325,25.55999999999999
0,plot631,28.64303333333333,8.189312877624168,27.590999999999998
0,plot632,26.988758169934645,3.3089013119493704,24.937254901960788
0,plot633,22.631555555555554,0.22165506967402784,22.96
0,plot634,25.631470258136922,6.333860767478315,25.183838383838374
0,plot635,27.738099999999996,8.033260545742401,27.51099999999999
0,plot636,30.947044444444433,9.600733852907961,30.22
0,plot637,30.34865555555556,9.71507525912802,30.122000000000003
0,plot638,26.968711111111112,7.474776478121087,27.026999999999997
0,plot639,28.745288888888886,8.487380120013292,27.907999999999998
0,plot640,27.764388888888885,7.8185201214989215,27.244999999999987
0,plot641,30.278733333333317,10.455479532540759,30.529999999999987
0,plot642,26.762399999999992,6.321120823869846,24.973000000000003
0,plot643,26.743479236812576,7.904648454893416,26.52626262626263
0,plot644,30.310866666666662,8.032513632089012,28.193999999999992
0,plot645,28.088366666666666,7.483887882214662,26.667999999999996
0,plot646,28.827522222222218,6.997699715534086,26.476000000000013
0,plot647,25.56513333333332,6.70274657686283,25.379999999999995
0,plot648,26.34683333333333,7.30286303032951,26.11200000000001
0,plot649,26.99961111111111,7.507655601435397,26.900000000000006
0,plot650,26.32337301587302,3.513044358774125,24.373214285714283
0,plot651,26.46650793650793,6.36469785556779,25.651648351648348
0,plot652,27.8918111111111,7.127259781966294,26.464999999999996
0,plot653,27.557699214365886,8.185459714234536,27.776767676767676
0,plot654,27.88689999999999,8.059515620946614,27.749999999999996
0,plot655,28.44517777777777,8.26953344603358,27.180999999999994
0,plot656,27.679088888888888,8.088517233528226,28.258000000000003
0,plot657,27.918455555555543,9.822399132758115,29.615
0,plot658,28.793488888888874,9.60845588765049,29.81
0,plot659,27.679633333333328,7.991475792653332,27.512999999999998
0,plot660,30.14566666666667,10.216822163425498,30.346
0,plot661,27.364888888888892,6.753169138952946,26.05
0,plot662,28.026227106227104,6.122766946907495,25.587912087912088
0,plot663,29.978828828828842,3.6045613089676865,30.448648648648653
0,plot664,28.84153746770025,8.817380080929835,30.22209302325582
0,plot665,28.975211111111097,9.024729908455745,29.237000000000002
0,plot666,28.744644444444432,8.902818834736868,28.63299999999999
0,plot667,24.115777777777772,6.1512509820994286,24.3
0,plot668,27.0037,7.337749631349463,26.69900000000001
0,plot669,28.581366666666653,8.353676292871002,27.800999999999995
0,plot670,28.0949,8.07314463527605,27.002999999999997
0,plot671,29.46093333333333,9.554074918816848,29.67999999999998
0,plot672,25.87165555555555,6.71094377749421,25.068999999999996
0,plot673,28.356388888888873,7.6625471148316615,27.932
0,plot674,26.355655555555558,5.921693236105294,24.72
0,plot675,28.836399999999998,8.074190785629693,28.175
0,plot676,28.59627777777777,8.08068524304283,27.986000000000004
0,plot677,27.020544444444443,6.883988984039241,25.451000000000008
0,plot678,27.867811111111113,7.0895300395948455,26.17
0,plot679,29.018611111111095,8.074647887360792,28.164999999999985
0,plot680,30.234344444444428,9.888784912519283,30.038
0,plot681,25.351931216931213,4.526508797053414,23.678571428571434
0,plot682,27.398727858293075,5.992987754387698,28.0768115942029
0,plot683,28.041055555555545,8.189780974929551,27.952999999999996
0,plot684,26.523377777777778,7.234806708674796,26.91199999999999
0,plot685,29.707300000000004,8.02869973860755,28.67399999999999
0,plot686,25.65036666666666,6.799933316397955,25.713999999999995
0,plot687,28.511322222222216,8.449011848935006,28.531999999999993
0,plot688,28.274255555555538,8.318096970670936,27.794
0,plot689,26.46283333333333,7.032162986943965,25.78
0,plot690,27.55214444444443,8.079869214351058,27.360999999999986
0,plot691,26.691677777777763,8.460931836860887,28.08299999999999
0,plot692,28.686433333333326,8.07803138264871,28.427000000000007
0,plot693,28.273333333333326,8.068679646717136,27.479999999999997
0,plot694,25.449987922705308,6.782481769207264,26.641304347826086
0,plot695,26.72081699346405,2.226152974685976,26.011764705882353
0,plot696,27.75762065095398,7.676963098120824,26.883838383838384
0,plot697,28.136755555555553,7.1807155517634556,26.42299999999999
0,plot698,28.74409999999999,7.872258634634903,27.522999999999993
0,plot699,27.98891111111111,8.473956094604503,27.706
0,plot700,26.681200000000008,6.280455263163614,25.21599999999999
0,plot701,30.24672222222223,10.0785630269355,30.952999999999978
0,plot702,27.573522222222213,8.547777238778561,28.273999999999997
0,plot703,26.88491111111111,7.258406352688563,25.902
0,plot704,28.050466666666676,8.744718969843122,28.521999999999995
0,plot705,26.98512222222222,6.8830873469476614,26.080999999999996
0,plot706,27.81253333333335,7.262011330258558,26.16199999999999
0,plot707,27.487422222222218,8.196671273017035,27.589999999999996
0,plot708,28.325744444444425,8.215150121005454,28.010000000000005
0,plot709,29.720299999999988,8.394401543837652,28.412000000000006
0,plot710,26.8465111111111,6.854437592743248,26.118999999999996
0,plot711,26.85912222222221,7.090404187750705,26.002999999999993
0,plot712,27.354588888888884,7.974127918020207,27.43499999999999
0,plot713,28.95592970521541,9.308477771529814,29.77346938775509
0,plot714,25.783448275862064,3.726866652564592,25.37586206896552
0,plot715,24.160897867564536,5.906322994047607,23.729292929292928
0,plot716,26.775133333333343,6.897125553720227,25.646999999999995
0,plot717,25.498511111111103,7.088710869310421,25.335
0,plot718,26.257641723356002,5.960875965079031,24.7969387755102
0,plot719,29.826064814814814,6.1414790581504395,28.133333333333333
0,plot720,26.346888888888888,4.755126421445961,24.455714285714283
0,plot721,28.028611111111115,6.116058861193916,27.4575
0,plot722,27.03267777777777,7.720562906365504,27.118000000000006
0,plot723,27.92058888888888,9.12364373855218,28.327999999999985
0,plot724,28.820677777777767,8.24936599199386,28.186999999999994
0,plot725,28.554971941638623,7.976261844830157,27.169696969696954
0,plot726,28.395012077294673,7.189049411675262,27.256521739130445
0,plot727,26.99040935672515,3.8310073074384396,29.0578947368421
0,plot728,26.30818428184281,5.362056203980118,25.76829268292684
0,plot729,27.428500000000007,7.469522164407959,26.858999999999984
0,plot730,26.519511111111104,6.284375970795293,25.114
0,plot731,27.115144444444436,7.987906158000689,27.887999999999998
0,plot732,27.977999999999984,8.51427765091517,28.321000000000005
0,plot733,26.678722222222223,8.534001354992565,27.711999999999993
0,plot734,27.998277777777773,7.672270344094524,27.635999999999996
0,plot735,28.419744444444454,6.589421475866213,26.033999999999995
0,plot736,26.53081111111112,6.623740234014026,25.253999999999987
0,plot737,28.701234567901224,8.269106974830853,28.85151515151513
0,plot738,24.83976666666666,6.2484989826913,24.819999999999997
0,plot739,27.799066666666654,8.29923798997144,27.637999999999998
0,plot740,28.267522222222212,8.48591535243856,27.94899999999999
0,plot741,28.07933333333331,9.554628624522037,29.330999999999996
0,plot742,25.7886111111111,7.548004646681778,26.486000000000004
0,plot743,25.833801169590643,7.265613166235898,26.665263157894735
0,plot744,26.465118397085607,4.007791794639404,25.81803278688524
0,plot745,27.827540574282136,7.655322237126567,28.21235955056181
0,plot746,25.486437908496725,4.038804811917481,23.90588235294118
0,plot747,29.789374201787986,7.876867351057719,28.826436781609175
0,plot748,27.513855555555548,8.150670502586847,27.717999999999993
0,plot749,27.783719298245614,7.252264539050795,26.482105263157887
0,plot750,28.049703703703702,5.024551763612314,27.843333333333337
0,plot751,29.689064327485372,8.262113789583966,28.157894736842106
0,plot752,29.69063333333333,8.408357283803062,28.714999999999996
0,plot753,27.98643518518518,5.327637700265552,27.25694444444444
0,plot754,26.139600499375785,6.323095314852626,26.291011235955057
0,plot755,26.552177777777764,7.757908589035053,26.842
0,plot756,25.423466666666663,6.3438109768103965,24.483000000000008
0,plot757,26.310155555555557,6.395995186981014,24.523999999999997
0,plot758,28.523533333333308,8.780804873858582,29.501999999999995
0,plot759,24.66475452196383,2.3147215401741423,23.658139534883723
0,plot760,27.661155555555546,7.8334379742144975,26.491
0,plot761,25.145766666666667,6.375625885613302,24.699000000000005
0,plot762,26.899444444444438,7.572947321554952,26.723999999999997
0,plot763,26.96675555555556,6.814998038570084,26.259
0,plot764,26.852121212121208,7.500573666196043,26.68585858585858
0,plot765,28.258666666666677,8.234753659163852,27.973999999999986
0,plot766,27.73035555555556,7.613639585798742,26.657000000000004
0,plot767,27.432233445566784,8.181894791970882,27.35151515151514
0,plot768,30.897266666666646,10.799927678071155,30.728999999999996
0,plot769,29.329200000000004,9.515157654422342,29.003
0,plot770,27.71637777777778,7.915705290237722,28.018999999999988
0,plot771,26.551166666666663,7.250879882088727,26.892999999999997
0,plot772,24.126927437641715,6.112102025246722,24.546938775510213
0,plot773,27.120071684587813,4.904029273846321,27.15161290322581
0,plot774,27.278103254769917,8.121978336881615,27.26666666666667
0,plot775,27.03764444444444,7.454704057259142,26.061999999999994
0,plot776,28.14491111111111,7.454977375820004,27.105999999999995
0,plot777,24.43843351548269,4.143559648155109,24.275409836065574
0,plot778,25.452499999999997,4.926115455599221,24.885526315789477
0,plot779,26.012812500000003,4.775476873257752,26.946875
0,plot780,26.089811111111093,7.135420854282155,25.563999999999997
0,plot781,27.275422222222204,8.036871806497704,28.06699999999999
0,plot782,26.18444444444445,7.61318248406764,26.028999999999996
0,plot783,27.996015712682368,7.79594385129206,27.838383838383834
0,plot784,24.297638888888887,3.631114050075828,23.673437500000002
0,plot785,25.911063492063484,5.425402492848939,26.061428571428582
0,plot786,26.761414141414143,4.784080124739607,25.515151515151516
0,plot787,27.157999999999987,7.493531000864857,27.083999999999996
0,plot788,24.55269547325104,3.2299530885646592,23.262962962962963
0,plot789,24.6975,0.4276657933313419,23.087500000000002
0,plot790,30.18833333333334,2.2331225979879648,33.94444444444444
0,plot791,25.496233333333336,6.9400043664509115,25.59199999999998
0,plot792,25.908088888888884,7.333345118449129,26.666999999999987
0,plot793,29.03167777777777,8.634889676071788,28.41099999999999
0,plot794,28.365844444444438,8.389041986770627,28.07999999999999
0,plot795,28.532744444444443,8.43568364210215,28.281999999999986
0,plot796,28.193522222222224,7.750008268909438,27.352999999999994
0,plot797,25.586788888888883,6.003944058767093,24.629
0,plot798,27.07025555555555,8.011783832964298,27.507999999999978
0,plot799,26.125788888888888,6.818489133406386,26.058000000000003
0,plot800,28.407934272300476,5.905740228610366,28.253521126760564
0,plot801,27.736944444444433,8.258819829686677,27.512500000000006
0,plot802,26.288100000000007,7.496445613449225,26.572999999999993
0,plot803,26.43617777777776,6.935464765066472,26.007999999999992
0,plot804,27.929411111111108,7.996660205929918,27.677999999999987
0,plot805,26.01187429854096,6.3346548050215095,24.86969696969696
0,plot806,27.467022222222223,7.268180632832043,26.530999999999995
0,plot807,26.725022222222222,7.731956677521908,27.166999999999987
0,plot808,28.185933333333324,8.344619081250704,28.072999999999997
0,plot809,26.99223333333332,8.03913218241196,27.196999999999992
0,plot810,26.519622222222214,7.757262991744739,26.631999999999998
0,plot811,29.3245111111111,8.504244974775926,28.607
0,plot812,29.1669921436588,7.952810641069276,27.406060606060613
0,plot813,26.32293981481482,5.679698710193764,24.292708333333326
0,plot814,27.304006734006734,3.9769594189389137,25.160606060606057
0,plot815,27.90056790123457,3.7276096392271656,28.671111111111113
0,plot816,27.163696145124717,7.537474028106942,27.30408163265306
0,plot817,26.47879999999999,7.676591604789535,26.712000000000003
0,plot818,27.6569,7.789981893833713,26.322999999999997
0,plot819,28.190633333333334,8.036541939269078,27.316999999999997
0,plot820,26.593711111111112,7.173397997075076,26.386
0,plot821,25.11392222222222,6.120188484737061,24.59
0,plot822,28.448733333333326,7.721743359805091,27.63299999999999
0,plot823,29.715074074074067,7.66551042210216,29.529999999999994
0,plot824,27.294822451317295,7.885166653450342,27.47835051546391
0,plot825,26.88935555555554,7.154998474301166,25.936999999999994
0,plot826,28.79834444444444,9.393431149271864,29.673999999999996
0,plot827,30.46405555555556,9.882412191821473,30.623999999999995
0,plot828,25.335695906432754,5.802065314847415,24.508421052631576
0,plot829,28.352172470978445,5.93539607786209,28.553731343283577
0,plot830,27.14258888888888,6.823325615296587,25.05
0,plot831,29.55014444444444,8.638188348358057,28.189
0,plot832,25.43619999999999,6.567644740989692,24.839000000000002
0,plot833,29.909088888888878,9.416060826553833,29.535
0,plot834,28.221599999999988,7.736325847504891,27.27399999999999
0,plot835,28.757411111111104,8.119407728692813,27.546999999999993
0,plot836,28.886311111111105,8.980018761809854,28.628999999999987
0,plot837,28.34454444444446,7.65872065497959,27.10599999999998
0,plot838,28.26219999999999,7.449792962543419,26.331
0,plot839,26.929744444444427,7.785129703980243,26.901
0,plot840,27.079211111111107,7.551964624221628,26.601999999999993
0,plot841,27.149177777777787,6.960189884648392,25.87899999999999
0,plot842,28.34203333333333,7.827587543295348,27.01599999999998
0,plot843,28.30434108527132,3.120822013760585,26.76279069767442
0,plot844,23.341428571428573,0.28198621499356624,22.457142857142856
0,plot845,27.083771043771026,7.045663195974606,26.154545454545442
0,plot846,27.864099999999993,6.279856789763108,24.886000000000003
0,plot847,25.698800000000002,6.619744913556825,24.464999999999996
0,plot848,27.962644444444432,8.374635428259428,28.265
0,plot849,27.87660000000001,6.551038282222816,25.424999999999997
0,plot850,27.4810888888889,7.259677126916939,26.07599999999999
0,plot851,25.897878787878774,7.1569046356437305,26.15555555555555
0,plot852,26.6747266313933,4.850879023934726,27.925396825396824
0,plot853,29.441740740740734,6.167659520529128,32.28
0,plot854,24.273485380116952,5.455429835431949,23.67578947368421
0,plot855,25.00009259259259,5.851980509723975,24.134374999999995
0,plot856,29.142613458528942,6.605881850574696,28.76338028169014
0,plot857,24.793477777777763,5.496528150526211,24.212999999999997
0,plot858,29.777973856209147,6.660368848160392,30.46323529411764
0,plot859,27.299861111111095,8.09726264207766,27.71145833333333
0,plot860,28.602299999999996,8.612278848345737,28.365999999999985
0,plot861,28.205111111111126,7.5209735980921275,27.22099999999999
0,plot862,25.93164983164984,6.379574867578866,25.504040404040396
0,plot863,26.09609999999998,6.370146162627279,24.58400000000001
0,plot864,27.127455555555567,8.077450973405957,27.39399999999999
0,plot865,29.746066666666653,8.256752661720617,27.699999999999996
0,plot866,27.12580000000001,7.337812463202533,26.31499999999999
0,plot867,26.054477777777773,6.517069811655875,25.405000000000005
0,plot868,27.788322222222206,6.480090909928633,25.54799999999999
0,plot869,28.52698888888887,9.092455577483669,28.556000000000004
0,plot870,27.83034444444444,7.302186017112667,26.66199999999999
0,plot871,29.837811111111094,9.90490285362853,29.666000000000007
0,plot872,27.89438888888888,7.678115277226525,27.116000000000003
0,plot873,26.184311111111114,6.525515198106889,25.596
0,plot874,32.113821138211385,5.044615545094464,32.94634146341464
0,plot875,24.961222222222215,1.1279605679375329,24.259999999999998
0,plot876,28.058811111111105,7.712328006622283,26.898999999999987
0,plot877,29.48601111111111,9.056839341569919,28.735999999999994
0,plot878,27.117377777777765,8.259353115039625,26.833000000000002
0,plot879,26.537755555555556,6.546091059191575,25.417999999999992
0,plot880,29.62657596371881,9.022125528145917,29.978571428571442
0,plot881,26.391160130718955,5.152142836848884,27.317647058823525
0,plot882,27.336898656898644,6.507768341206759,26.175824175824186
0,plot883,29.08731762065096,10.08653560369215,30.44646464646464
0,plot884,26.684262023217244,4.672724016938628,25.311940298507455
0,plot885,27.724907407407414,5.503112928728136,26.920833333333334
0,plot886,26.765222222222217,7.3626608902961035,27.663333333333338
0,plot887,27.83820895522388,5.126342507181273,27.32238805970149
0,plot888,27.754053724053716,7.497659839009835,27.440659340659344
0,plot889,28.03299259259259,5.778665161967151,27.174666666666663
0,plot890,30.01835555555557,9.328848643693853,28.986999999999995
0,plot891,25.0845111111111,6.775327577336877,25.320999999999998
0,plot892,27.69933333333334,7.857250461130543,27.054000000000002
0,plot893,27.04079685746352,7.107619330094216,25.542424242424246
0,plot894,28.39664444444444,9.020579864560354,28.568999999999992
0,plot895,25.519666666666666,6.793383095715221,25.862000000000002
0,plot896,28.318722222222213,8.788248092253099,28.542999999999996
0,plot897,27.542688888888883,7.163425011196254,26.20599999999999
0,plot898,28.113877777777756,7.824262167471526,27.117999999999988
0,plot899,27.95726666666666,8.452134592032671,28.114
0,plot900,25.35858888888888,6.668879422658969,24.886999999999997
0,plot901,27.48657777777777,8.574582092697149,28.275
0,plot902,28.660133333333334,8.975794890487105,29.103
0,plot903,29.02990000000001,8.155707261008716,27.655
0,plot904,28.109444444444435,3.048640780951706,26.427272727272733
0,plot905,26.927383966244726,6.308712318286331,28.09367088607595
0,plot906,26.05912457912457,4.656701894405319,25.32878787878788
0,plot907,29.21277777777776,9.831194021391841,29.333
0,plot908,26.451627384960734,6.02087410157729,24.974747474747485
0,plot909,27.842821869488535,5.066430764480991,27.92380952380952
0,plot910,26.179548229548224,7.152541748846058,27.27802197802198
0,plot911,27.072411111111116,6.490190344911761,25.40099999999999
0,plot912,27.874546485260765,7.269915577374989,26.626530612244895
0,plot913,29.53664750957855,4.219616035502189,27.72068965517241
0,plot914,27.45255255255255,5.083865032912088,26.33783783783784
0,plot915,25.056727053140097,5.981126671324072,24.666304347826095
0,plot916,27.620167714884683,4.742084884942746,28.011320754716976
0,plot917,25.74711111111111,5.132869165919107,25.651428571428564
0,plot918,26.95112222222222,6.525395032187888,24.475000000000005
0,plot919,28.820077777777772,8.661595569821792,28.756000000000004
0,plot920,27.094444444444438,7.157506250636891,26.079999999999995
0,plot921,26.816499999999984,8.042570655571316,26.889000000000006
0,plot922,27.639844444444428,7.842263493376593,26.721999999999994
0,plot923,25.59014444444444,6.380713694915792,25.040999999999993
0,plot924,27.843666666666653,7.89880038016876,27.601000000000003
0,plot925,28.757122222222215,8.841070045732398,28.189999999999994
0,plot926,27.34054444444444,7.304601901863275,26.539999999999996
0,plot927,26.635122222222208,7.1296285428271,26.359
0,plot928,26.11837777777778,6.61384657334971,25.358999999999988
0,plot929,26.956753812636162,4.12949787943764,27.635294117647064
0,plot930,28.269166666666678,1.1886231512820251,24.349999999999998
0,plot931,31.834027777777777,0.774062511705133,31.612499999999997
0,plot932,31.413043981481493,9.743308752305824,31.393749999999983
0,plot933,28.69999999999999,6.6183586857984285,27.586046511627913
0,plot934,29.321197916666677,6.12974520958928,29.7125
0,plot935,26.44820512820513,4.6363098164908685,25.327692307692313
0,plot936,26.086591760299612,6.2109977911854,25.89887640449438
0,plot937,29.107300000000006,9.115786615325556,29.195999999999984
0,plot938,26.251666666666676,6.749729880395427,25.505
0,plot939,27.83459999999998,7.649486728772527,27.095
0,plot940,25.56482222222221,6.289089145173843,24.93499999999999
0,plot941,26.22883333333333,6.487143785435939,25.61999999999999
0,plot942,25.96929999999999,7.328482718419534,26.360000000000003
0,plot943,25.939733333333326,7.408850941683667,26.205999999999996
0,plot944,26.46668888888888,7.173851171815356,26.23899999999999
0,plot945,29.021744444444433,8.898124509914236,28.774000000000015
0,plot946,26.696477777777773,8.042452060448642,27.611999999999988
0,plot947,27.53969999999999,8.482858582786617,28.005000000000006
0,plot948,25.788344444444448,6.235461373178901,24.877999999999993
0,plot949,29.657411111111113,9.478299704012263,29.201999999999984
0,plot950,28.288911111111112,7.685563993408188,27.179999999999996
0,plot951,28.060533333333325,8.848163761944203,28.592000000000002
0,plot952,28.432477777777777,8.596696548783932,28.51
0,plot953,26.69168888888889,7.483648335774829,27.142999999999994
0,plot954,25.221533333333337,5.833383066612889,23.65199999999999
0,plot955,30.087578347578347,3.974353467832761,30.025641025641015
0,plot956,26.701859410430828,7.276235676395848,26.821428571428573
0,plot957,26.758777777777773,5.829305279348528,24.171999999999997
0,plot958,26.75395691609977,8.777460648478836,28.485714285714277
0,plot959,25.254104308390026,5.651246876326527,23.794897959183675
0,plot960,26.13762222222222,8.244069266779908,27.346999999999984
0,plot961,24.801733333333328,5.622828029182156,23.59099999999999
0,plot962,27.539755555555562,7.2304995851467275,26.855999999999995
0,plot963,26.074500000000004,6.967832594176408,25.775999999999996
0,plot964,27.06564534231199,7.191532055269763,26.175757575757572
0,plot965,26.96073333333332,7.1912069004301165,26.091000000000005
0,plot966,29.191277777777763,8.892437441813074,28.318999999999978
0,plot967,28.080544444444445,8.697627281363975,28.525
0,plot968,27.398777777777767,7.230348788699353,25.81999999999999
0,plot969,30.278288888888873,9.689388812194105,29.81099999999999
0,plot970,27.9693111111111,7.534553132337271,27.019000000000005
0,plot971,26.07803333333334,6.997602326161825,25.66999999999999
0,plot972,29.122855555555546,8.77904244037992,28.65599999999999
0,plot973,28.67385555555555,8.237583448746575,27.101
0,plot974,26.50912222222222,7.624990160056158,26.916999999999994
0,plot975,28.24677777777777,8.38619256223382,27.939999999999994
0,plot976,25.463144444444453,5.872275983664329,23.65
0,plot977,26.55655982905982,4.23724979506679,26.623076923076926
0,plot978,25.662922374429233,4.391864062911371,24.812328767123276
0,plot979,24.71856209150327,2.7544227749613874,23.372549019607842
0,plot980,28.682962962962968,1.8640530054332156,29.866666666666667
0,plot981,24.31263888888889,0.5426912813517152,26.425000000000004
0,plot982,29.110000000000003,1.5007859345096481,26.45
0,plot983,26.622125603864735,1.6512470168661875,25.526086956521734
0,plot984,30.19858585858586,1.916396651431003,28.5
0,plot985,26.637134502923974,7.404436218607215,26.78842105263158
0,plot986,26.532377777777768,6.471917271242154,25.479
0,plot987,25.72911111111112,6.304163292123931,24.973999999999997
0,plot988,28.614955555555554,9.223079858427282,29.153999999999993
0,plot989,29.577399999999983,8.436324527003487,28.663999999999984
0,plot990,26.896266666666666,7.112739340721403,25.846999999999998
0,plot991,29.353456790123445,9.392659102877241,29.258585858585853
0,plot992,24.754788888888896,6.158715406244358,24.171999999999993
0,plot993,26.6834111111111,8.141366675943244,28.214000000000002
0,plot994,28.388366666666663,8.102747077452662,28.049999999999997
0,plot995,27.52536666666666,7.914154914263176,27.434999999999995
0,plot996,26.725999999999996,5.95714925079371,24.74200000000001
0,plot997,25.903433333333332,6.017217287728512,24.934999999999988
0,plot998,28.59277777777778,8.74149883737319,28.133999999999997
0,plot999,26.926744444444438,7.645620213614122,26.247999999999998
0,plot1000,26.76258888888887,7.3084095121594235,26.535999999999994
0,plot1001,28.567488888888892,7.467050516387752,26.691999999999997
0,plot1002,28.48543333333333,8.285822603942446,28.61299999999999
0,plot1003,27.502088888888892,8.488455330098986,27.996999999999993
0,plot1004,26.287322222222222,7.1974531720236135,25.752
0,plot1005,28.606993464052287,2.458041782429072,26.011764705882356
0,plot1006,30.022307692307695,1.5599311286024564,31.76923076923077
0,plot1007,48.436666666666675,1.9937528727385072,55.214285714285715
0,plot1008,31.328080808080813,2.0595244711358998,30.781818181818178
0,plot1009,24.380846560846564,1.3131205411529716,24.538095238095234
0,plot1010,28.420603864734293,8.166365899484182,28.969565217391303
0,plot1011,25.09923333333333,6.2025728250866345,24.791
0,plot1012,24.77309999999999,5.499944632536992,23.553
0,plot1013,27.866688888888884,7.829273007753998,27.406
0,plot1014,28.635666666666665,7.474922562179482,26.894999999999992
0,plot1015,25.622011111111096,7.515785257824728,25.867000000000008
0,plot1016,27.79716666666666,8.278644850127154,27.682000000000002
0,plot1017,27.092477777777777,6.479495578120775,25.29799999999999
0,plot1018,28.36906666666667,7.65175574406658,27.051999999999992
0,plot1019,25.503144444444434,7.052251115769185,26.509000000000004
0,plot1020,25.60795555555555,6.433278037797494,24.957999999999988
0,plot1021,29.027544444444448,8.718752135764875,28.555999999999987
0,plot1022,23.583622222222218,5.234978781142409,22.962
0,plot1023,26.85309999999999,7.484390537039239,26.417999999999996
0,plot1024,27.07474444444443,7.815662842980484,26.962999999999987
0,plot1025,27.173399999999994,8.094425783911465,26.825
0,plot1026,27.68976430976431,6.934904776175972,26.291919191919185
0,plot1027,29.130291806958475,9.330428079400443,29.452525252525255
0,plot1028,28.20215555555556,8.64444483012768,27.949
0,plot1029,24.92141414141414,2.720684426056323,27.71212121212121
0,plot1030,27.466520146520136,6.728893267120493,26.946153846153834
0,plot1031,26.934266666666666,7.405695997261307,26.344999999999995
0,plot1032,27.155144444444435,7.5665251207728526,26.71899999999999
0,plot1033,26.720022222222216,8.263362572663763,27.704
0,plot1034,25.85871111111111,6.534826093333963,24.976999999999993
0,plot1035,28.213,8.979571870254883,28.522
0,plot1036,28.765533333333334,9.747644150167778,29.459999999999987
0,plot1037,29.37387777777778,9.455716365221926,28.958
0,plot1038,25.335533333333323,6.015985783408304,24.033000000000005
0,plot1039,28.191077777777767,7.373566929193042,26.604999999999997
0,plot1040,25.89524444444442,6.1101039723190365,24.633999999999997
0,plot1041,24.030422222222224,5.874664379479218,24.289000000000005
0,plot1042,29.057833333333324,8.709141218439385,28.612999999999992
0,plot1043,28.851677777777777,7.659861838511002,27.497
0,plot1044,26.30371492704826,5.61342131537914,24.426262626262623
0,plot1045,26.638477777777766,6.739160777310591,26.293999999999993
0,plot1046,28.469422222222224,7.89945775843152,27.041999999999994
0,plot1047,29.9521,7.983124653981925,27.91999999999998
0,plot1048,25.065055555555556,6.309958745171642,24.232999999999997
0,plot1049,22.21609523809524,1.8099516383457466,23.120000000000005
0,plot1050,29.691807081807085,8.179979205850351,28.91318681318682
0,plot1051,28.065677777777793,7.3790655017349875,26.699999999999996
0,plot1052,27.154144444444455,7.2734239509708845,26.200999999999993
0,plot1053,27.19607777777777,7.839694455984118,27.097000000000012
0,plot1054,26.855656565656552,7.190531458009595,26.322222222222234
0,plot1055,25.87378888888889,7.067395163155813,25.637000000000004
0,plot1056,26.54195555555556,7.085682373992359,25.887000000000004
0,plot1057,24.865233333333332,5.514393602549012,23.305999999999997
0,plot1058,29.30744444444442,10.184142531244689,30.422999999999988
0,plot1059,24.45081111111111,5.843507634337244,23.979000000000006
0,plot1060,25.507677777777772,6.765559580378706,25.49
0,plot1061,27.04482222222221,7.641069616655396,26.837999999999994
0,plot1062,26.584111111111113,6.491282048358883,24.837
0,plot1063,25.71362222222222,5.9433992851471125,24.591000000000005
0,plot1064,26.729466666666664,7.401413221076298,26.248000000000005
0,plot1065,28.08038888888887,8.476756039057017,28.01100000000001
0,plot1066,27.850999999999985,7.0125594487855665,26.506
0,plot1067,27.950422222222223,3.7675777663642975,26.486
0,plot1068,29.47901234567901,0.7481365183313833,30.011111111111113
0,plot1069,27.367973137973138,5.47912058563267,24.618681318681304
0,plot1070,27.881455555555547,7.113077847329827,26.189999999999994
0,plot1071,29.4665888888889,9.256189888801625,29.756999999999977
0,plot1072,27.702077777777774,8.168377304180643,27.808999999999983
0,plot1073,29.2245888888889,8.376792131616119,27.678999999999988
0,plot1074,28.272399999999998,8.912849940079777,29.324999999999985
0,plot1075,27.880966666666662,8.220689534251894,27.322999999999993
0,plot1076,26.486099999999993,7.483945216280588,26.634999999999987
0,plot1077,27.780311111111104,8.59662664834739,28.015000000000008
0,plot1078,27.821799999999993,7.773087979339034,27.608999999999995
0,plot1079,27.446122222222215,7.474922562179479,26.484999999999996
0,plot1080,27.858177777777755,8.516173602081611,28.713000000000008
0,plot1081,26.937855555555547,7.09371464100943,26.044
0,plot1082,28.034699999999997,8.46932852862577,27.841999999999988
0,plot1083,27.921739618406292,7.677969193168133,26.706060606060593
0,plot1084,26.292844444444437,6.8413803482767666,25.395999999999994
0,plot1085,27.56467777777779,7.11784128719083,26.08699999999999
0,plot1086,27.061444444444437,7.275978851196417,27.112000000000002
0,plot1087,24.73111111111111,1.675048508207947,23.0375
0,plot1088,27.252572463768114,6.576635193766099,25.695652173913043
0,plot1089,24.397533333333328,6.2516358629559114,24.954000000000004
0,plot1090,26.010055555555553,6.643763174791681,25.56
0,plot1091,29.34178888888887,8.753353637251514,28.911999999999985
0,plot1092,26.560833333333324,7.626893965204239,26.353
0,plot1093,26.113877777777773,6.4249433924875206,24.936000000000007
0,plot1094,30.41989999999998,9.530384168616127,29.684000000000005
0,plot1095,25.580855555555562,5.766569244852665,23.98999999999999
0,plot1096,24.582633333333334,6.177807650198387,24.185000000000013
0,plot1097,27.365522222222207,7.535706096841137,27.113000000000003
0,plot1098,27.2932098765432,7.676010410148619,27.028282828282823
0,plot1099,27.00273333333332,7.101609463347897,26.063999999999997
0,plot1100,25.266044444444443,6.872747580126536,25.88799999999999
0,plot1101,26.47111111111111,7.9255023469279395,27.570999999999994
0,plot1102,25.067533333333326,6.746021230267866,25.234999999999996
0,plot1103,28.72528888888889,9.404337973566957,29.473
0,plot1104,31.977955555555564,11.143492250667732,31.88699999999999
0,plot1105,25.387810457516345,1.9754554517258374,25.27647058823529
0,plot1106,30.263089133089125,8.314374968774596,29.2098901098901
0,plot1107,26.789711111111107,7.235502571447568,26.789999999999992
0,plot1108,29.459911111111115,8.886273637026735,29.186999999999994
0,plot1109,25.61521111111111,6.599346552457063,25.56699999999999
0,plot1110,27.846577777777775,7.596748812896713,26.92299999999999
0,plot1111,23.67435555555555,6.522407377574325,24.236999999999995
0,plot1112,28.972122222222218,8.971620499248639,29.00199999999999
0,plot1113,25.4158,6.367025775724101,25.317000000000007
0,plot1114,27.48809999999999,8.38912052658697,28.232
0,plot1115,27.972177777777773,7.6628738404676335,26.761999999999993
0,plot1116,28.14861111111111,7.353611532657438,26.520999999999994
0,plot1117,26.749622222222225,7.784154239461307,26.680999999999997
0,plot1118,26.56508888888888,7.321212287620964,26.414999999999985
0,plot1119,25.18228888888889,5.793504474866381,24.288999999999998
0,plot1120,31.089120370370363,3.6903307154015064,27.92708333333334
0,plot1121,23.296249999999997,1.5908004180166295,24.841666666666665
0,plot1122,27.96484126984127,2.174130556537019,26.475000000000012
0,plot1123,27.677777777777777,0.5217038716294087,23.555555555555557
0,plot1124,27.49081807081806,6.648585519514942,26.635164835164833
0,plot1125,27.169933333333336,7.975968891315211,26.90899999999999
0,plot1126,28.241777777777784,7.97174266379797,27.257999999999992
0,plot1127,29.31185555555555,8.85297589649134,28.984999999999996
0,plot1128,28.4212,7.069464687316365,26.914000000000005
0,plot1129,27.75474444444443,8.357146181956898,27.918999999999997
0,plot1130,25.731944444444434,7.331109875276101,26.26499999999999
0,plot1131,29.431622222222217,9.486307623686264,29.424000000000007
0,plot1132,28.007622222222206,7.38537696137605,26.477999999999998
0,plot1133,27.0397111111111,6.958443159132996,25.750999999999998
0,plot1134,26.167277777777777,8.170270899152596,26.500000000000004
0,plot1135,29.444433333333322,9.526669235303256,29.13599999999999
0,plot1136,26.48881111111112,8.926627394662091,28.249000000000002
0,plot1137,27.261955555555563,8.081531116864806,27.42299999999999
0,plot1138,26.641966666666672,6.726144373548605,25.866999999999994
0,plot1139,28.586986111111116,6.678221733812582,27.964999999999996
0,plot1140,26.071466666666662,5.493204345498714,26.441333333333336
0,plot1141,22.642272727272726,0.9341117348404282,21.045454545454547
0,plot1142,27.699190821256046,7.564094313457135,27.67173913043478
0,plot1143,26.425522222222202,6.679897773493272,25.514000000000014
0,plot1144,28.078877777777777,8.699794980294953,28.22699999999999
0,plot1145,27.966288888888883,7.361990945662727,26.761999999999997
0,plot1146,26.450922222222218,6.711392239845507,25.39999999999998
0,plot1147,25.075088888888885,6.6565887267999635,25.37400000000001
0,plot1148,28.357677777777766,8.734526072478548,28.91999999999999
0,plot1149,28.08856666666666,8.824187126812005,28.61599999999999
0,plot1150,28.638944444444434,7.33187249689276,26.625999999999998
0,plot1151,27.36357777777778,7.317141568940074,25.66999999999999
0,plot1152,28.053866666666657,7.373030502247439,26.869999999999987
0,plot1153,27.72476666666666,7.451291502239177,26.610999999999994
0,plot1154,29.151155555555544,9.827089530589925,29.598999999999997
0,plot1155,26.21145555555555,6.842665259672085,25.55999999999999
0,plot1156,29.302011111111092,8.571048586360027,28.4
0,plot1157,29.162411111111105,9.673976944033752,28.993999999999996
0,plot1158,25.3576111111111,6.616200411645414,25.191999999999993
0,plot1159,27.366531986531985,2.441880644420843,26.530303030303035
0,plot1160,26.437728937728938,5.249391622838916,24.1021978021978
0,plot1161,27.614411111111107,8.096367288171384,27.376999999999985
0,plot1162,29.464166666666646,8.447182656612451,28.083000000000002
0,plot1163,28.092033333333315,7.415997279572428,26.677000000000003
0,plot1164,26.573577777777786,7.919968431468645,26.828999999999997
0,plot1165,26.85741111111109,6.697140404772499,25.808000000000007
0,plot1166,27.860677777777774,7.682412190578473,26.56299999999999
0,plot1167,25.34952222222221,6.946957496391472,25.22899999999999
0,plot1168,26.956566666666664,7.605459663926954,26.087999999999994
0,plot1169,29.251288888888872,8.837909603522888,28.93799999999999
0,plot1170,28.56617777777778,7.95965538606328,27.690000000000005
0,plot1171,27.354077777777775,7.3103337376597475,26.63200000000001
0,plot1172,27.12985555555555,7.425471537617487,26.072
0,plot1173,29.482411111111094,10.049860651054141,30.454
0,plot1174,29.282155555555548,9.4602316192633,29.61699999999998
0,plot1175,26.029944444444435,6.275699677284247,24.809
0,plot1176,25.353055555555557,3.0252162807283756,24.385416666666668
0,plot1177,24.57585858585859,0.5643753392449554,23.7
0,plot1178,31.868620268620262,9.842132261613477,31.13186813186812
0,plot1179,26.714622222222214,6.427661655531038,25.299
0,plot1180,26.01925555555555,6.786045120674599,25.863000000000007
0,plot1181,27.346644444444433,7.567586979089763,27.070999999999984
0,plot1182,30.53335555555556,9.617713375802454,29.69699999999998
0,plot1183,27.317444444444444,7.09599072488695,25.736000000000004
0,plot1184,29.67827777777778,8.361672431572552,28.357999999999993
0,plot1185,27.00064444444445,7.0126654775376265,26.240999999999985
0,plot1186,27.200633333333318,6.741154903247454,25.310999999999993
0,plot1187,28.37441111111111,8.26873155450875,27.213999999999995
0,plot1188,28.095222222222215,8.593713606559348,28.521999999999995
0,plot1189,26.673244444444446,7.051366757437198,27.010999999999996
0,plot1190,31.165477777777788,9.92840275207554,30.534999999999982
0,plot1191,25.719099999999994,6.637066084652393,25.239
0,plot1192,28.265888888888888,9.830597118787658,29.494999999999983
0,plot1193,26.221577777777785,3.9655695747733235,26.760000000000005
0,plot1194,34.2525925925926,0.5984482677676269,28.04444444444444
0,plot1195,25.677453703703705,2.0163660566590473,28.229166666666668
0,plot1196,26.97242532855437,5.903689554005735,25.192473118279555
0,plot1197,28.296622222222226,8.004957152128046,28.204
0,plot1198,28.912477777777767,8.988222245626538,28.368
0,plot1199,27.09833333333334,7.338970925493549,26.951999999999984
0,plot1200,26.566288888888884,7.829613085158748,26.125
0,plot1201,26.720911111111107,7.023503972192511,25.166999999999987
0,plot1202,27.472100000000008,8.122524974003335,27.469999999999985
0,plot1203,25.432844444444445,6.107601693770451,24.47999999999999
0,plot1204,26.50552222222221,6.785902178208861,26.090999999999994
0,plot1205,28.976733333333318,8.570683376214046,29.140999999999995
0,plot1206,26.38364444444444,6.638237113314019,25.536000000000005
0,plot1207,25.024688888888885,6.014303460542307,24.569000000000006
0,plot1208,25.137615740740745,3.1002485088703873,24.556249999999995
0,plot1209,31.50222222222222,0.8120616456466282,30.54444444444444
0,plot1210,26.541,5.960689040316143,25.572222222222226
0,plot1211,28.096544444444433,7.916260566739247,27.538
0,plot1212,27.122222222222227,6.27309294077993,24.934000000000005
0,plot1213,28.601566666666667,8.777944453747486,28.607999999999997
0,plot1214,27.33461111111111,7.102345381426998,26.324999999999992
0,plot1215,26.800633333333334,7.0637006501951936,26.29499999999999
0,plot1216,25.8974111111111,6.427136224159721,25.455999999999996
0,plot1217,25.31864444444444,6.539076668194273,25.119000000000007
0,plot1218,27.000211111111113,7.603094830056965,27.284999999999997
0,plot1219,26.917166666666667,6.8619122270643045,25.84
0,plot1220,25.539611111111103,6.468717559124478,24.96899999999999
0,plot1221,26.011377777777774,6.345815312923388,24.416999999999994
0,plot1222,27.671455555555536,7.485380138725117,27.120000000000005
0,plot1223,28.189603174603178,2.1790188747060046,26.503571428571426
0,plot1224,26.461716049382716,6.964115304669049,26.963333333333328
0,plot1225,27.93772222222222,8.529881941625549,27.921
0,plot1226,26.570344444444444,6.366876550073054,25.29899999999999
0,plot1227,27.019133333333325,7.322607154759161,26.534999999999997
0,plot1228,24.5593111111111,6.255030353818112,24.74400000000001
0,plot1229,28.763311111111115,7.691968915430691,27.24299999999999
0,plot1230,25.92727777777777,7.774876330957092,27.047999999999988
0,plot1231,27.75735555555557,8.026886254248264,27.49899999999999
0,plot1232,31.11874444444444,9.720777249794285,30.64
0,plot1233,25.74892222222222,6.66682403566536,24.49599999999999
0,plot1234,25.283166666666656,6.135660828555994,24.141999999999992
0,plot1235,23.66824444444444,5.577781517520495,24.010000000000005
0,plot1236,32.20063492063492,3.1535943229246692,31.01785714285715
0,plot1237,30.285630461922587,8.64003717563469,29.967415730337073
0,plot1238,27.181388888888886,7.848704543714614,27.351
0,plot1239,26.625255555555558,7.530920665831554,26.91199999999999
0,plot1240,28.75685555555555,9.150549908833856,29.231999999999992
0,plot1241,25.583955555555562,6.3466085650684185,25.299000000000007
0,plot1242,28.519366666666656,8.610835286521418,28.279999999999983
0,plot1243,26.63723333333332,7.759257903079769,26.52799999999997
0,plot1244,25.87978888888889,7.2925209073138975,25.511999999999993
0,plot1245,26.71951739618407,6.849763688272871,25.40404040404041
0,plot1246,29.132855555555558,7.83420216662748,27.051999999999985
0,plot1247,26.916355555555562,7.602819940699775,26.355
0,plot1248,28.56437777777778,8.905628203967341,29.131999999999994
0,plot1249,26.644786324786327,1.496178003484995,24.246153846153845
0,plot1250,28.065716049382704,7.690188417794272,28.526666666666674
0,plot1251,27.58407777777777,7.749151399513169,27.47599999999999
0,plot1252,26.079688888888892,6.485949194829414,24.735000000000003
0,plot1253,28.23194444444443,8.867297632000888,28.542
0,plot1254,26.525888888888886,7.042655906406958,25.942000000000004
0,plot1255,25.43007777777778,6.246876350085718,25.022
0,plot1256,27.376255555555552,7.602128790315983,26.85699999999999
0,plot1257,28.262311111111114,7.665805731811593,27.42499999999999
0,plot1258,26.461882086167797,3.1761768763168368,25.306122448979597
0,plot1259,25.010471380471376,1.4935021519423004,22.2
0,plot1260,28.703185185185188,2.428188798238336,27.433333333333337
0,plot1261,38.29617283950618,1.1833594127909353,36.13333333333333
0,plot1262,25.903716049382734,6.545911988410318,27.19333333333331
0,plot1263,27.627188888888877,7.758639009327013,26.676000000000002
0,plot1264,27.409811111111093,7.030481449476133,26.419
0,plot1265,26.715544444444436,6.717753179570864,25.083000000000016
0,plot1266,27.4328222222222,7.76973511457949,27.37599999999999
0,plot1267,24.654444444444444,6.739338277295518,25.255999999999993
0,plot1268,25.97446666666666,6.83557625584926,25.555999999999987
0,plot1269,29.002677777777766,9.226219094886384,29.712999999999994
0,plot1270,27.955499999999986,7.832489213233112,27.319000000000003
0,plot1271,26.108933333333322,7.695934390757688,26.762000000000004
0,plot1272,28.646521739130435,1.3932209436433869,26.043478260869566
0,plot1273,28.966604938271605,8.665071742092989,29.79999999999998
0,plot1274,29.8296,8.572588752158447,27.95899999999999
0,plot1275,27.833233333333325,8.685742636355442,27.811000000000003
0,plot1276,27.377511111111115,7.172763395359054,26.05399999999999
0,plot1277,25.47812222222222,6.022178647926694,24.501999999999985
0,plot1278,26.62095555555555,7.346701599615868,26.952999999999996
0,plot1279,25.984799999999996,6.415566523814718,25.060999999999986
0,plot1280,25.385899999999996,6.888677025676559,25.326000000000004
0,plot1281,26.986311111111107,8.126173148472319,27.048999999999992
0,plot1282,26.65722222222222,1.3839422497410097,24.083333333333332
0,plot1283,26.34616049382715,6.676793094553364,25.87666666666668
0,plot1284,26.098966666666648,6.465043466516102,25.175000000000008
0,plot1285,27.3825888888889,8.392303745343217,28.052999999999987
0,plot1286,26.70667777777778,8.145120879164281,26.683999999999997
0,plot1287,29.155455555555545,9.107292534188405,28.869
0,plot1288,27.744988888888884,8.22848382562545,27.81699999999998
0,plot1289,27.733741496598636,7.548016427654231,27.357142857142847
0,plot1290,27.92024444444444,7.504141730052357,26.728
0,plot1291,26.542455555555545,7.456805782744392,26.781999999999993
0,plot1292,28.273288888888878,8.910731721233093,28.271999999999995
0,plot1293,28.043822222222225,2.062330698773719,27.676000000000002
0,plot1294,30.689012345678996,8.067726958744935,29.565555555555562
0,plot1295,27.89206666666667,7.860886854627073,27.688000000000002
0,plot1296,28.345011111111116,8.747767885513433,28.435999999999993
0,plot1297,27.68097777777777,8.146657117971888,27.669999999999995
0,plot1298,30.42013333333334,9.458965557423902,30.560999999999986
0,plot1299,24.817977777777774,6.148945838489857,24.872999999999998
0,plot1300,30.66316666666665,10.381507591919323,31.02599999999999
0,plot1301,29.64306666666666,8.682061475163604,28.299999999999986
0,plot1302,28.19606666666666,8.010183976905456,28.015000000000004
0,plot1303,29.63094907407408,4.549607357038934,29.400000000000002
0,plot1304,25.553174603174604,0.5983720841457774,25.24285714285714
0,plot1305,27.745515873015876,1.9258159316046282,26.103571428571435
0,plot1306,28.290780141843967,7.63604228301149,26.943617021276598
0,plot1307,27.370544444444434,8.142297372766867,27.187
0,plot1308,27.769955555555548,8.76439083764174,28.111
0,plot1309,28.63118888888888,8.564060898900276,28.778999999999993
0,plot1310,28.0808,7.309145430238529,26.620999999999984
0,plot1311,27.048377777777777,7.352589729646859,26.653999999999996
0,plot1312,26.785531914893614,3.7228061440598257,28.012765957446803
0,plot1313,34.80301587301587,0.8883505108500759,32.15714285714286
0,plot1314,29.100187265917608,7.0666647428638525,28.16966292134831
0,plot1315,27.951666666666643,8.122188038191238,27.153000000000002
0,plot1316,25.90371111111111,7.6116148293335,26.451
0,plot1317,25.574588888888883,5.9536518727721015,24.626999999999995
0,plot1318,27.225333333333335,3.2759216576701498,26.93555555555556
0,plot1319,27.374410774410777,2.114615439909251,26.018181818181816
0,plot1320,24.200000000000003,0.3262261227414177,20.975
0,plot1321,27.240724094881394,6.622582557121177,26.95280898876404
0,plot1322,26.647433333333325,6.331607460147529,25.229
0,plot1323,26.301122334455656,6.278492553153285,24.800000000000004
0,plot1324,25.289488888888883,6.7627667045096596,25.217999999999993
0,plot1325,27.940046296296302,3.7031060019273285,27.585416666666664
0,plot1326,26.679682539682542,0.5940461110617841,28.785714285714285
0,plot1327,24.984522222222214,6.821444586695249,25.475
0,plot1328,25.63644444444445,6.621577247472032,24.390000000000004
0,plot1329,29.65255555555555,9.479811595476802,30.027
0,plot1330,25.683202614379088,1.5329016508091329,27.405882352941177
0,plot1331,25.466367041198506,5.332041427767721,24.17078651685393
0,plot1332,29.56618888888888,9.04362501747076,28.795
0,plot1333,26.663422222222213,6.8948683193986255,25.977000000000004
0,plot1334,26.60892222222222,6.553024554178046,25.199999999999996
0,plot1335,27.8317888888889,9.086873752736409,28.640999999999984
0,plot1336,26.91654970760234,1.5990918664276161,26.931578947368422
0,plot1337,27.710606060606054,8.11117675594041,28.414772727272723
0,plot1338,30.69387777777778,9.999573177448129,30.289999999999996
0,plot1339,27.328199999999995,6.493162291562057,25.455000000000005
0,plot1340,26.273544444444443,7.517967879320805,26.305999999999994
0,plot1341,25.4981,6.447034286629399,25.028999999999986
0,plot1342,24.048888888888893,1.0094659762294331,23.87777777777778
0,plot1343,25.13426966292134,5.501957608029778,24.249438202247195
0,plot1344,26.722100000000005,7.531537203389824,26.558999999999997
0,plot1345,26.95642222222222,7.7776990519563425,26.859999999999996
0,plot1346,25.67165555555555,6.902045287815747,25.667
0,plot1347,29.170555555555552,4.899769274208053,30.758333333333326
0,plot1348,26.185416666666665,0.46339512658061865,24.3125
0,plot1349,28.127679012345673,6.59077942929073,26.805555555555557
0,plot1350,26.412143658810333,6.899933352154373,26.29797979797979
0,plot1351,26.227411111111095,7.8250664151908405,27.537999999999993
0,plot1352,26.120922222222227,6.037856766064432,24.696000000000005
0,plot1353,32.26419753086421,2.5148017222996417,35.16111111111112
0,plot1354,27.982635658914724,7.390740445433889,28.096511627906963
0,plot1355,26.56039999999999,7.272503464323383,26.337
0,plot1356,25.165933333333324,5.9182877496688056,24.93400000000001
0,plot1357,25.961241830065358,4.034079071168319,26.896078431372555
0,plot1358,34.73111111111111,0.4509418533017887,30.9
0,plot1359,27.412743055555556,1.9191353348267692,24.30312500000001
0,plot1360,27.821219806763285,7.291087555665696,27.785869565217375
0,plot1361,27.232055555555554,8.05117233625684,27.697
0,plot1362,29.22055555555555,1.5260694721857386,30.599999999999998
0,plot1363,29.64610472541507,6.784530873015568,27.775862068965516
0,plot1364,27.571622222222217,7.588628581285343,27.257999999999996
0,plot1365,34.50688888888889,1.8875953153810545,33.873333333333335
0,plot1366,30.898725490196085,3.295602164848562,29.61470588235294
0,plot1367,25.610361111111114,2.3688967346889727,24.7825
0,plot1368,37.14333333333333,0.38182838571914,32.075
