cycle,investor_percent_share,exotic_price_per_bdft,native_price_per_bdft,length(trees where ((each.type = NATIVE) and (each.state = SEEDLING))),length(trees where ((each.type = NATIVE) and (each.state = SAPLING))),length(trees where ((each.type = NATIVE) and (each.state = POLE))),length(trees where ((each.type = NATIVE) and (each.state = ADULT))),length(trees where ((each.type = EXOTIC) and (each.state = SEEDLING))),length(trees where ((each.type = EXOTIC) and (each.state = SAPLING))),length(trees where ((each.type = EXOTIC) and (each.state = POLE))),length(trees where ((each.type = EXOTIC) and (each.state = ADULT))),management_running_cost,ITP_running_earning,net_running_earning,,partners_earning,independent_earning,investor_total_profit,total_investment_cost,total_investments,inv_harvested_trees
0,1,45.06,49.35,25,50,54885,7400,0,0,35698,26732,45519.51,0,0,,0,0,0,0,0,0
1,1,45.06,49.35,25,289,54680,7394,0,0,35488,26713,142548.12,0,-142548.12,,0,0,0,0,0,0
2,1,45.06,49.35,25,289,54458,7386,0,0,35281,26684,142548.12,0,-142548.12,,0,0,0,0,0,0
3,1,45.06,49.35,24,289,54235,7384,0,0,35035,26662,221580.3376,0,-221580.3376,,0,0,0,0,0,0
4,1,45.06,49.35,24,288,54033,7380,0,0,34796,26635,221580.3376,0,-221580.3376,,0,0,0,0,0,0
5,1,45.06,49.35,9116,286,53793,7417,0,0,34566,26605,460532.6876,395051.8605,-65480.82714,,0,0,0,0,0,0
6,1,45.06,49.35,15975,285,53611,7420,0,0,34316,26563,602649.6574,395051.8605,-207597.7969,,0,0,0,0,0,0
7,1,45.06,49.35,18605,719,53392,7427,0,0,34099,26540,675929.1074,9644816.41,8968887.303,,0,0,0,1139129.6,10,41
8,1,45.06,49.35,18233,853,53110,7516,0,0,33706,26647,1861363.991,9644816.41,7783452.419,,336812.3617,0,0,1139129.6,10,41
9,1,45.06,49.35,18029,851,52861,7569,0,0,33454,26623,1916996.661,9644816.41,7727819.749,,27225.20005,0,0,1139129.6,10,41
10,1,45.06,49.35,17808,851,52654,7573,0,0,32116,27692,1946676.219,9644816.41,7698140.191,,11896.67227,0,0,1139129.6,10,41
11,1,45.06,49.35,17616,849,52466,7573,0,0,31301,28253,2035064.902,9644816.41,7609751.508,,62218.77949,0,0,1139129.6,10,41
12,1,45.06,49.35,17427,847,52287,7570,0,0,31074,28230,2123453.585,9644816.41,7521362.825,,62218.77949,0,0,1139129.6,10,41
13,1,45.06,49.35,17229,849,52013,7634,0,0,30682,28385,2211831.521,9644816.41,7432984.889,,58709.12509,0,0,1139129.6,10,41
14,1,45.06,49.35,17039,849,51839,7630,0,0,30479,28359,2305097.567,9644816.41,7339718.843,,767.7369,0,0,1139129.6,10,41
15,1,45.06,49.35,16828,877,51664,7629,0,0,30290,28327,2333983.778,9644816.41,7310832.632,,58025.27055,0,0,1139129.6,10,41
16,1,45.06,49.35,16617,878,51477,7627,0,0,30130,28297,2409215.117,9644816.41,7235601.294,,61641.96129,0,0,1139129.6,10,41
17,1,45.06,49.35,17578,878,51292,7646,0,0,29644,28558,2507482.827,9644816.41,7137333.583,,62218.77949,0,0,1139129.6,10,41
18,1,45.06,49.35,25230,876,51102,7659,0,0,29470,28531,2593129.592,9644816.41,7051686.818,,59476.86199,0,0,1139129.6,10,41
19,1,45.06,49.35,32196,874,50925,7656,0,0,29304,28497,2678776.358,9644816.41,6966040.052,,59476.86199,0,0,1139129.6,10,41
20,1,45.06,49.35,31773,873,50731,7656,0,0,29139,28472,2800136.294,9644816.41,6844680.116,,83870.1787,0,0,1139129.6,10,41
21,1,45.06,49.35,31376,880,50516,7691,0,0,28982,28445,2822112.689,9644816.41,6822703.721,,11319.85407,0,0,1139129.6,10,41
22,1,45.06,49.35,31018,887,50286,7741,0,0,28798,28416,2864372.774,9644816.41,6780443.636,,3509.6544,0,0,1139129.6,10,41
23,1,45.06,49.35,30646,887,50111,7748,0,0,28619,28383,2952761.457,9644816.41,6692054.953,,49638.25268,0,0,1139129.6,10,41
24,1,45.06,49.35,30284,887,49910,7750,0,0,28446,28357,3041150.14,9644816.41,6603666.27,,49638.25268,0,0,1139129.6,10,41
25,1,45.06,49.35,29925,885,49726,7751,26284,0,28264,28330,3129528.076,9644816.41,6515288.334,,46896.33518,0,0,1139129.6,10,41
26,1,45.06,49.35,29555,884,49475,7829,25447,0,28093,28304,3231948.877,9644816.41,6412867.533,,46896.33518,0,0,1139129.6,10,41
27,1,45.06,49.35,29171,883,49297,7821,24701,0,27924,28280,3305015.116,9644816.41,6339801.294,,71289.6519,0,0,1139129.6,10,41
28,1,45.06,49.35,28858,879,49126,7819,23960,0,27772,28255,3339572.037,9644816.41,6305244.373,,13348.26371,0,0,1139129.6,10,41
29,1,45.06,49.35,33891,879,48957,7819,23290,0,27598,28228,3381832.122,9644816.41,6262984.288,,16090.1812,0,0,1139129.6,10,41
30,1,45.06,49.35,36541,879,48746,7866,22632,0,27442,28209,3467478.888,9644816.41,6177337.522,,59476.86199,0,0,1139129.6,10,41
31,1,45.06,49.35,44063,878,48581,7862,21989,0,26279,29176,3553125.653,9644816.41,6091690.757,,59476.86199,0,0,1139129.6,10,41
32,1,45.06,49.35,43549,878,48380,7873,21367,0,25541,29731,3657711.554,9644816.41,5987104.856,,65835.47022,0,0,1139129.6,10,41
33,1,45.06,49.35,43040,878,48222,7877,20734,0,25403,29699,3712552.166,9644816.41,5932264.245,,49638.25268,0,0,1139129.6,10,41
34,1,45.06,49.35,42514,876,47972,7947,20191,0,25258,29669,3809327.867,9644816.41,5835488.544,,71289.65189,0,0,1139129.6,10,41
35,1,45.06,49.35,41966,874,47785,7985,19611,0,25102,29632,3843884.788,9644816.41,5800931.622,,16090.1812,0,0,1139129.6,10,41
36,1,45.06,49.35,41457,872,47587,7997,19054,0,24944,29601,3886144.873,9644816.41,5758671.537,,16090.1812,0,0,1139129.6,10,41
37,1,45.06,49.35,40962,871,47429,7993,20709,0,24819,29582,3974522.809,9644816.41,5670293.602,,59476.86199,0,0,1139129.6,10,41
38,1,45.06,49.35,40471,899,47261,8009,20145,0,24665,29548,4080343.772,9644816.41,5564472.638,,59476.86199,0,0,1139129.6,10,41
39,1,45.06,49.35,40021,899,47037,8062,2063,17522,24364,29664,4153410.011,9644816.41,5491406.399,,67863.87986,0,0,1139129.6,10,41
40,1,45.06,49.35,39589,899,46903,8053,2009,17018,24227,29633,4234326.867,9644816.41,5410489.543,,49061.43448,0,0,1139129.6,10,41
41,1,45.06,49.35,46409,914,46744,8061,1957,16546,24085,29603,4336996.158,9644816.41,5307820.252,,71289.65189,0,0,1139129.6,10,41
42,1,45.06,49.35,51541,914,46548,8120,1901,16077,23950,29574,4371553.08,9644816.41,5273263.331,,16090.1812,0,0,1139129.6,10,41
43,1,45.06,49.35,54717,912,46263,8268,1865,15640,23819,29549,4418752.678,9644816.41,5226063.732,,16090.1812,0,0,1139129.6,10,41
44,1,45.06,49.35,54142,912,46115,8274,1822,15233,23695,29520,4514951.561,9644816.41,5129864.849,,61641.96129,0,0,1139129.6,10,41
45,1,45.06,49.35,52755,1656,45926,8288,1787,14835,23545,29498,4586566.208,9644816.41,5058250.202,,62218.77949,0,0,1139129.6,10,41
46,1,45.06,49.35,47187,6556,45777,8289,1732,14492,23415,29468,4679148.4,9644816.41,4965668.01,,70605.79736,0,0,1139129.6,10,41
47,1,45.06,49.35,43725,9397,45636,8298,1687,14151,23294,29440,4750763.048,9644816.41,4894053.363,,49638.25268,0,0,1139129.6,10,41
48,1,45.06,49.35,40827,11670,45486,8300,1646,13782,23171,29414,4847538.748,9644816.41,4797277.662,,71289.65189,0,0,1139129.6,10,41
49,1,45.06,49.35,39697,12193,45313,8308,27412,13418,23061,29393,4884826.84,9644816.41,4759989.57,,16090.1812,0,0,1139129.6,10,41
50,1,45.06,49.35,39233,12090,45147,8313,26581,13060,22932,29371,4941349.623,9644816.41,4703466.788,,16090.1812,0,0,1139129.6,10,41
51,1,45.06,49.35,38788,11979,45000,8320,24252,14273,22796,29351,5010222.353,9644816.41,4634594.058,,59476.86199,0,0,1139129.6,10,41
52,1,45.06,49.35,38300,11828,44833,8355,23510,13918,22467,29520,5102973.731,9644816.41,4541842.679,,61641.96129,0,0,1139129.6,10,41
53,1,45.06,49.35,45853,11711,44688,8354,22872,13568,22323,29493,5195555.923,9644816.41,4449260.487,,70605.79736,0,0,1139129.6,10,41
54,1,45.06,49.35,52808,11605,44511,8365,22264,13235,22205,29475,5264428.653,9644816.41,4380387.757,,46896.33518,0,0,1139129.6,10,41
55,1,45.06,49.35,58249,11492,44344,8385,21593,12906,22086,29453,5358462.436,9644816.41,4286353.974,,71289.65189,0,0,1139129.6,10,41
56,1,45.06,49.35,57562,11380,44167,8424,20973,12578,21977,29425,5401406.376,9644816.41,4243410.034,,13348.26371,0,0,1139129.6,10,41
57,1,45.06,49.35,56838,11368,44020,8427,20363,12261,21856,29394,5426892.425,9644816.41,4217923.985,,16090.1812,0,0,1139129.6,10,41
58,1,45.06,49.35,55003,12438,43855,8449,19786,11953,21739,29363,5515281.108,9644816.41,4129535.302,,62218.77949,0,0,1139129.6,10,41
59,1,45.06,49.35,51211,15458,43674,8476,19219,11645,21625,29324,5609545.471,9644816.41,4035270.939,,62218.77949,0,0,1139129.6,10,41
60,1,45.06,49.35,46588,19348,43464,8541,18730,11354,21534,29293,5702127.663,9644816.41,3942688.747,,70605.79736,0,0,1139129.6,10,41
61,1,45.06,49.35,44437,20763,43321,8546,21876,11088,21427,29262,5778671.077,9644816.41,3866145.334,,46896.33518,0,0,1139129.6,10,41
62,1,45.06,49.35,43917,20534,43160,8560,21279,10829,21320,29233,5881091.878,9644816.41,3763724.532,,71289.65189,0,0,1139129.6,10,41
63,1,45.06,49.35,43395,20351,42985,8591,3456,27745,20162,30228,5898874.764,9644816.41,3745941.647,,13348.26371,0,0,1139129.6,10,41
64,1,45.06,49.35,42913,20160,42774,8647,3345,27038,19607,30664,5941134.848,9644816.41,3703681.562,,16090.1812,0,0,1139129.6,10,41
65,1,45.06,49.35,47395,19939,42596,8690,3243,26320,18346,31809,6029523.532,9644816.41,3615292.879,,62218.77949,0,0,1139129.6,10,41
66,1,45.06,49.35,55132,19740,42455,8688,3149,25671,18118,31913,6115170.297,9644816.41,3529646.113,,59476.86199,0,0,1139129.6,10,41
67,1,45.06,49.35,62224,19541,42295,8703,3061,25008,18002,31877,6205010.572,9644816.41,3439805.839,,67863.87986,0,0,1139129.6,10,41
68,1,45.06,49.35,61483,19343,42118,8744,2980,24370,17895,31848,6284435.419,9644816.41,3360380.992,,49061.43448,0,0,1139129.6,10,41
69,1,45.06,49.35,60340,19568,41950,8763,2897,23767,17780,31828,6364437.084,9644816.41,3280379.326,,71289.65189,0,0,1139129.6,10,41
70,1,45.06,49.35,56804,22167,41869,8778,2816,23198,17690,31798,6398994.005,9644816.41,3245822.405,,16090.1812,0,0,1139129.6,10,41
71,1,45.06,49.35,54254,23849,41729,8792,2735,22594,17594,31785,6441254.09,9644816.41,3203562.32,,16090.1812,0,0,1139129.6,10,41
72,1,45.06,49.35,50396,26803,41622,8821,2649,22022,17506,31757,6541394.133,9644816.41,3103422.277,,62218.77949,0,0,1139129.6,10,41
73,1,45.06,49.35,48085,28285,41437,8875,28217,21496,17424,31725,6629772.069,9644816.41,3015044.341,,59476.86199,0,0,1139129.6,10,41
74,1,45.06,49.35,47554,27969,41329,8879,27396,20989,17340,31700,6737878.388,9644816.41,2906938.022,,67863.87986,0,0,1139129.6,10,41
75,1,45.06,49.35,47025,27682,41204,8884,24179,22903,17233,31673,6789977.083,9644816.41,2854839.328,,46896.33518,0,0,1139129.6,10,41
76,1,45.06,49.35,46461,27376,41032,8906,23436,22300,16080,32699,6886175.965,9644816.41,2758640.445,,71289.65189,0,0,1139129.6,10,41
77,1,45.06,49.35,52532,27096,40840,8972,22714,21781,15107,33569,6920732.887,9644816.41,2724083.523,,15513.36301,0,0,1139129.6,10,41
78,1,45.06,49.35,57489,26836,40713,8973,22075,21257,14462,34106,6962992.972,9644816.41,2681823.439,,16090.1812,0,0,1139129.6,10,41
79,1,45.06,49.35,65428,26571,40585,8983,21483,20757,14266,34195,7054515.417,9644816.41,2590300.993,,59476.86199,0,0,1139129.6,10,41
80,1,45.06,49.35,64688,26281,40461,8998,20870,20266,14137,34206,7150714.3,9644816.41,2494102.11,,61641.96129,0,0,1139129.6,10,41
81,1,45.06,49.35,63356,26610,40338,9040,20283,19797,13975,34261,7231461.97,9644816.41,2413354.44,,70605.79736,0,0,1139129.6,10,41
82,1,45.06,49.35,58732,30299,40198,9065,19715,19301,13856,34253,7303076.617,9644816.41,2341739.793,,49638.25268,0,0,1139129.6,10,41
83,1,45.06,49.35,55536,32489,40094,9075,19122,18857,13777,34234,7399852.318,9644816.41,2244964.092,,71289.65189,0,0,1139129.6,10,41
84,1,45.06,49.35,52473,34571,39923,9126,18577,18429,13693,34199,7434409.24,9644816.41,2210407.17,,16090.1812,0,0,1139129.6,10,41
85,1,45.06,49.35,50980,35158,39721,9213,24005,17978,13621,34160,7479400.495,9644816.41,2165415.916,,16090.1812,0,0,1139129.6,10,41
86,1,45.06,49.35,50434,34791,39498,9314,23350,17572,13555,34124,7573434.278,9644816.41,2071382.132,,59476.86199,0,0,1139129.6,10,41
87,1,45.06,49.35,49859,34421,39368,9321,5635,34194,13463,34081,7648182.688,9644816.41,1996633.722,,59476.86199,0,0,1139129.6,10,41
88,1,45.06,49.35,49273,34081,39251,9323,5474,33339,13392,34052,7740188.062,9644816.41,1904628.348,,70028.97916,0,0,1139129.6,10,41
89,1,45.06,49.35,56718,33723,39110,9333,5311,32458,13321,34018,7816742.223,9644816.41,1828074.187,,49638.25268,0,0,1139129.6,10,41
90,1,45.06,49.35,63159,33021,39370,9358,5186,31644,13251,33976,7910776.006,9644816.41,1734040.404,,71289.65189,0,0,1139129.6,10,41
91,1,45.06,49.35,68409,32704,39252,9348,5043,30880,13180,33948,7957084.288,9644816.41,1687732.123,,13348.26371,0,0,1139129.6,10,41
92,1,45.06,49.35,67604,32407,39114,9354,4895,30139,13112,33906,8007731.39,9644816.41,1637085.02,,16090.1812,0,0,1139129.6,10,41
93,1,45.06,49.35,66153,32765,38985,9370,4764,29430,13042,33874,8100994.335,9644816.41,1543822.075,,62218.77949,0,0,1139129.6,10,41
94,1,45.06,49.35,60912,36893,38817,9408,4631,28678,12983,33828,8189383.018,9644816.41,1455433.392,,62218.77949,0,0,1139129.6,10,41
95,1,45.06,49.35,56837,39882,38673,9424,4529,28000,12833,33885,8291844.237,9644816.41,1352972.173,,70605.79736,0,0,1139129.6,10,41
96,1,45.06,49.35,52612,43043,38535,9443,4411,27309,12695,33920,8363458.885,9644816.41,1281357.526,,49638.25268,0,0,1139129.6,10,41
97,1,45.06,49.35,50573,43984,38407,9461,31596,26655,12575,33930,8460223.838,9644816.41,1184592.572,,71289.65189,0,0,1139129.6,10,41
98,1,45.06,49.35,49922,43569,38267,9492,30680,25970,11869,34545,8503167.777,9644816.41,1141648.633,,13348.26371,0,0,1139129.6,10,41
99,1,45.06,49.35,49325,43145,38127,9511,25710,29406,11322,35006,8528653.826,9644816.41,1116162.584,,16090.1812,0,0,1139129.6,10,41
100,1,45.06,49.35,48772,42719,38009,9514,24940,28721,11211,35025,8616465.691,9644816.41,1028350.719,,61641.96129,0,0,1139129.6,10,41
101,1,45.06,49.35,56944,42279,37886,9525,24217,28014,11139,34986,8704854.374,9644816.41,939962.0357,,62218.77949,0,0,1139129.6,10,41
102,1,45.06,49.35,64575,41857,37735,9547,23519,27306,11089,34953,8794694.649,9644816.41,850121.7612,,67863.87986,0,0,1139129.6,10,41
103,1,45.06,49.35,71230,41423,37599,9578,22868,26687,11025,34909,8863567.379,9644816.41,781249.0313,,46896.33518,0,0,1139129.6,10,41
104,1,45.06,49.35,70430,41028,37484,9586,22163,26046,10971,34879,8968153.28,9644816.41,676663.1307,,71289.65189,0,0,1139129.6,10,41
105,1,45.06,49.35,69252,41006,37354,9618,21535,25418,10870,34883,8985936.165,9644816.41,658880.2449,,15513.36301,0,0,1139129.6,10,41
106,1,45.06,49.35,65359,43718,37214,9643,21009,24873,10732,34941,9028196.25,9644816.41,616620.1601,,16090.1812,0,0,1139129.6,10,41
107,1,45.06,49.35,61104,46796,37014,9717,20429,24324,10595,34984,9116584.933,9644816.41,528231.477,,62218.77949,0,0,1139129.6,10,41
108,1,45.06,49.35,56178,50582,36878,9725,19896,23800,10479,35013,9204973.616,9644816.41,439842.7939,,62218.77949,0,0,1139129.6,10,41
109,1,45.06,49.35,53806,51796,36756,9731,25796,23245,10390,35002,9297545.061,9644816.41,347271.3494,,67863.87986,0,0,1139129.6,10,41
110,1,45.06,49.35,53192,51297,36640,9743,25085,22712,10355,34974,9374804.809,9644816.41,270011.6017,,46896.33518,0,0,1139129.6,10,41
111,1,45.06,49.35,52551,50783,36500,9775,6102,40494,10297,34942,9452064.556,9644816.41,192751.8539,,71289.65189,0,0,1139129.6,10,41
112,1,45.06,49.35,51985,50285,36385,9793,5932,39509,10251,34909,9486621.478,9644816.41,158194.9324,,13348.26371,0,0,1139129.6,10,41
113,1,45.06,49.35,57977,49806,36280,9810,5774,38559,10204,34885,9528881.563,9644816.41,115934.8476,,16090.1812,0,0,1139129.6,10,41
114,1,45.06,49.35,66218,49327,36166,9827,5627,37682,10161,34844,9614528.328,9644816.41,30288.08203,,59476.86199,0,0,1139129.6,10,41
115,1,45.06,49.35,73943,48784,36003,9873,5466,36747,10112,34816,9700175.094,9644816.41,-55358.68357,,59476.86199,0,0,1139129.6,10,41
116,1,45.06,49.35,73098,48281,35858,9925,5307,35844,10069,34786,9800567.485,9644816.41,-155751.0753,,70028.97916,0,0,1139129.6,10,41
117,1,45.06,49.35,71720,48324,35753,9927,5190,34990,10020,34755,9855408.097,9644816.41,-210591.6869,,49638.25268,0,0,1139129.6,10,41
118,1,45.06,49.35,67309,51480,35612,9960,5035,34128,9970,34732,9952183.798,9644816.41,-307367.3879,,71289.65189,0,0,1139129.6,10,41
119,1,45.06,49.35,63650,53864,35475,9988,4891,33281,9934,34699,9986740.72,9644816.41,-341924.3093,,16090.1812,0,0,1139129.6,10,41
120,1,45.06,49.35,58849,57375,35329,10022,4739,32487,9629,34926,10029000.8,9644816.41,-384184.3942,,16090.1812,0,0,1139129.6,10,41
121,1,45.06,49.35,56260,58711,35204,10036,32892,31725,9111,35356,10117378.74,9644816.41,-472562.3298,,59476.86199,0,0,1139129.6,10,41
122,1,45.06,49.35,55602,58148,35085,10061,31969,30992,8760,35624,10211412.52,9644816.41,-566596.1132,,59476.86199,0,0,1139129.6,10,41
123,1,45.06,49.35,54973,57540,34953,10076,26628,34617,8659,35650,10284478.76,9644816.41,-639662.352,,67863.87986,0,0,1139129.6,10,41
124,1,45.06,49.35,54317,56954,34810,10125,25855,33856,8595,35648,10355516.59,9644816.41,-710700.1812,,49061.43448,0,0,1139129.6,10,41
125,1,45.06,49.35,61516,56364,34695,10139,25061,33036,8559,35612,10452292.29,9644816.41,-807475.8822,,71289.65189,0,0,1139129.6,10,41
126,1,45.06,49.35,67665,55833,34549,10173,24337,32296,8441,35657,10486849.21,9644816.41,-842032.8036,,16090.1812,0,0,1139129.6,10,41
127,1,45.06,49.35,76126,55299,34444,10179,23645,31524,8365,35649,10528100.45,19431429.71,8903329.266,,16090.1812,0,3454098.813,1139129.6,10,61
128,1,45.06,49.35,75289,54873,34263,10247,22907,30743,8282,35573,13882502.05,24683811.96,10801309.91,,34244.36958,0,3454098.813,1708694.4,15,77
129,1,45.06,49.35,73524,55104,34323,10353,22147,29880,8350,35634,15021575.06,29892485.7,14870910.64,,51036.089,0,3454098.813,2278259.2,20,101
130,1,45.06,49.35,67951,59050,34374,10427,21402,29035,8470,35658,15692575.81,29892485.7,14199909.89,,70605.79736,0,3454098.813,2278259.2,20,101
131,1,45.06,49.35,63952,61700,34266,10419,20784,28352,8418,35632,15765116.34,29892485.7,14127369.35,,49638.25268,0,3454098.813,2278259.2,20,101
132,1,45.06,49.35,59751,64495,34152,10414,20223,27723,8382,35593,15895440.12,29892485.7,13997045.58,,71289.65189,0,3454098.813,2278259.2,20,101
133,1,45.06,49.35,57731,65132,34046,10415,26094,27094,8347,35559,15999824.35,29892485.7,13892661.35,,16090.1812,0,3454098.813,2278259.2,20,101
134,1,45.06,49.35,57027,64482,33949,10421,25333,26412,8310,35515,16104987.07,29892485.7,13787498.63,,16090.1812,0,3454098.813,2278259.2,20,101
135,1,45.06,49.35,56370,63817,33849,10429,6068,44319,8273,35493,16257729.98,29892485.7,13634755.72,,63670.37092,0,3454098.813,2278259.2,20,101
136,1,45.06,49.35,55766,63163,33729,10444,5873,43216,8234,35464,16437799.04,29892485.7,13454686.66,,65835.47022,0,3454098.813,2278259.2,20,101
137,1,45.06,49.35,63675,62565,33613,10453,5689,42158,8195,35435,16559735.8,29892485.7,13332749.9,,74799.30629,0,3454098.813,2278259.2,20,101
138,1,45.06,49.35,71058,62001,33496,10465,5526,41126,8123,35451,16670543.61,29892485.7,13221942.09,,51089.84412,0,3454098.813,2278259.2,20,101
139,1,45.06,49.35,77369,61365,33368,10491,5371,40120,7578,35941,16831673.54,29892485.7,13060812.16,,71289.65189,0,3454098.813,2278259.2,20,101
140,1,45.06,49.35,76503,60750,33251,10496,5235,39146,7044,36417,16933326.61,29892485.7,12959159.09,,13348.26371,0,3454098.813,2278259.2,20,101
141,1,45.06,49.35,74932,60919,33121,10531,5083,38166,6605,36795,17038489.32,29892485.7,12853996.38,,16090.1812,0,3454098.813,2278259.2,20,101
142,1,45.06,49.35,69216,65154,33052,10541,4939,37237,6344,36991,17219135.2,29892485.7,12673350.5,,66412.28842,0,3454098.813,2278259.2,20,101
143,1,45.06,49.35,64732,68182,32982,10546,4785,36303,6273,36986,17328491.43,29892485.7,12563994.27,,66412.28842,0,3454098.813,2278259.2,20,101
144,1,45.06,49.35,59816,71695,32905,10549,4665,35434,6241,36963,17463008.71,29892485.7,12429476.99,,74799.30629,0,3454098.813,2278259.2,20,101
145,1,45.06,49.35,57490,72597,32817,10556,33372,34573,6219,36933,17610095.77,29892485.7,12282389.93,,51089.84412,0,3454098.813,2278259.2,20,101
146,1,45.06,49.35,56803,71827,32744,10565,32447,33725,6195,36894,17775419.21,29892485.7,12117066.49,,71289.65189,0,3454098.813,2278259.2,20,101
147,1,45.06,49.35,56133,71054,32654,10578,27234,37264,6171,36854,17885459.29,29892485.7,12007026.41,,17541.77264,0,3454098.813,2278259.2,20,101
148,1,45.06,49.35,55494,70314,32541,10597,26405,36415,5929,37020,18024170.08,29892485.7,11868315.62,,20283.69014,0,3454098.813,2278259.2,20,101
149,1,45.06,49.35,64120,69605,32406,10637,25590,35561,5548,37347,18141913.33,29892485.7,11750572.37,,70605.79736,0,3454098.813,2278259.2,20,101
150,1,45.06,49.35,72228,68907,32287,10673,24875,34696,5360,37477,18269495.18,29892485.7,11622990.52,,67863.87986,0,3454098.813,2278259.2,20,101
151,1,45.06,49.35,79751,68246,32172,10684,24144,33830,5197,37576,18434818.62,29892485.7,11457667.08,,72057.38879,0,3454098.813,2278259.2,20,101
152,1,45.06,49.35,78880,67572,32045,10711,23445,33018,5150,37573,18581339.61,29892485.7,11311146.09,,53254.94342,0,3454098.813,2278259.2,20,101
153,1,45.06,49.35,77433,67445,31936,10739,22777,32236,5101,37549,18749404.96,29892485.7,11143080.74,,71289.65189,0,3454098.813,2278259.2,20,101
154,1,45.06,49.35,72644,70674,31796,10785,22091,31484,5079,37512,18884606.1,29892485.7,11007879.6,,20283.69014,0,3454098.813,2278259.2,20,101
155,1,45.06,49.35,67918,73850,31716,10782,21437,30732,5047,37470,18952027.23,29892485.7,10940458.46,,20283.69014,0,3454098.813,2278259.2,20,101
156,1,45.06,49.35,62459,77788,31585,10812,20828,30022,5025,37438,19082351.01,29892485.7,10810134.69,,70605.79736,0,3454098.813,2278259.2,20,101
157,1,45.06,49.35,59897,78896,31506,10829,26808,29306,5007,37410,19246212.1,29892485.7,10646273.6,,67863.87986,0,3454098.813,2278259.2,20,101
158,1,45.06,49.35,59256,78107,31375,10878,26074,28635,4990,37379,19411535.54,29892485.7,10480950.16,,72057.38879,0,3454098.813,2278259.2,20,101
159,1,45.06,49.35,58554,77326,31269,10904,6188,47146,4965,37343,19555891.43,29892485.7,10336594.27,,51089.84412,0,3454098.813,2278259.2,20,101
160,1,45.06,49.35,57866,76572,31160,10929,6009,45960,4944,37311,19748541.02,29892485.7,10143944.68,,71289.65189,0,3454098.813,2278259.2,20,101
161,1,45.06,49.35,64772,75764,31068,10938,5813,44836,4922,37270,19812452.5,29892485.7,10080033.2,,19706.87194,0,3454098.813,2278259.2,20,101
162,1,45.06,49.35,73538,75059,30926,11000,5641,43715,4909,37237,19888260.66,29892485.7,10004225.04,,20283.69014,0,3454098.813,2278259.2,20,101
163,1,45.06,49.35,81728,74345,30816,11019,5482,42673,4864,37227,20041003.57,29892485.7,9851482.133,,63670.37092,0,3454098.813,2278259.2,20,101
164,1,45.06,49.35,80751,73649,30707,11044,5318,41617,4790,37246,20195911.57,29892485.7,9696574.125,,65835.47022,0,3454098.813,2278259.2,20,101
165,1,45.06,49.35,79199,73560,30617,11053,5163,40627,4764,37220,20355589.91,29892485.7,9536895.79,,70605.79736,0,3454098.813,2278259.2,20,101
166,1,45.06,49.35,74058,77077,30532,11083,5018,39648,4724,37197,20519461.75,29892485.7,9373023.946,,49638.25268,0,3454098.813,2278259.2,20,101
167,1,45.06,49.35,69886,79651,30426,11123,4885,38699,4662,37194,20641398.51,29892485.7,9251087.191,,71289.65189,0,3454098.813,2278259.2,20,101
168,1,45.06,49.35,64704,83186,30352,11137,4749,37770,4299,37498,20717890.52,29892485.7,9174595.181,,20283.69014,0,3454098.813,2278259.2,20,101
169,1,45.06,49.35,61913,84372,30286,11149,35187,36846,4172,37578,20829977.92,29892485.7,9062507.783,,20283.69014,0,3454098.813,2278259.2,20,101
170,1,45.06,49.35,61193,83448,30190,11181,34169,35989,3970,37718,20982720.83,29892485.7,8909764.874,,63670.37092,0,3454098.813,2278259.2,20,101
171,1,45.06,49.35,60506,82618,30060,11230,28907,39513,3917,37716,21135463.73,29892485.7,8757021.966,,63670.37092,0,3454098.813,2278259.2,20,101
172,1,45.06,49.35,59848,81807,29960,11254,28075,38572,3896,37685,21319726.3,29892485.7,8572759.395,,70028.97916,0,3454098.813,2278259.2,20,101
173,1,45.06,49.35,67757,80970,29845,11273,27254,37666,3857,37673,21412308.5,29892485.7,8480177.203,,49638.25268,0,3454098.813,2278259.2,20,101
174,1,45.06,49.35,74852,80171,29755,11293,26453,36823,3813,37667,21539890.35,29892485.7,8352595.348,,71289.65189,0,3454098.813,2278259.2,20,101
175,1,45.06,49.35,83666,79395,29671,11305,25686,35921,3772,37667,21641543.42,29892485.7,8250942.284,,13348.26371,0,3454098.813,2278259.2,20,101
176,1,45.06,49.35,82720,78670,29552,11332,24952,35064,3716,37667,21746706.13,29892485.7,8145779.565,,16090.1812,0,3454098.813,2278259.2,20,101
177,1,45.06,49.35,81021,78608,29469,11345,24253,34242,3691,37637,21902190.96,29892485.7,7990294.739,,66412.28842,0,3454098.813,2278259.2,20,101
178,1,45.06,49.35,75320,82686,29381,11350,23493,33095,4086,37614,22082836.84,29892485.7,7809648.859,,66412.28842,0,3454098.813,2278259.2,20,101
179,1,45.06,49.35,70634,85666,29277,11379,22850,32015,4392,37587,22204773.6,29892485.7,7687712.105,,74799.30629,0,3454098.813,2278259.2,20,101
180,1,45.06,49.35,65663,88959,29165,11411,22227,31103,4581,37567,22318323.33,29892485.7,7574162.368,,53831.76162,0,3454098.813,2278259.2,20,101
181,1,45.06,49.35,63313,89660,29072,11416,28275,30405,4593,37533,22482184.43,29892485.7,7410301.272,,71289.65189,0,3454098.813,2278259.2,20,101
182,1,45.06,49.35,62583,88761,28995,11417,27475,29659,4555,37506,22583837.49,29892485.7,7308648.207,,13348.26371,0,3454098.813,2278259.2,20,101
183,1,45.06,49.35,61838,87920,28882,11443,6255,49392,4522,37471,22689000.21,29892485.7,7203485.488,,16090.1812,0,3454098.813,2278259.2,20,101
184,1,45.06,49.35,61155,87092,28793,11462,6098,48138,4485,37445,22869069.27,29892485.7,7023416.427,,65835.47022,0,3454098.813,2278259.2,20,101
185,1,45.06,49.35,69629,86215,28694,11483,5926,46936,4452,37422,22978425.5,29892485.7,6914060.199,,66412.28842,0,3454098.813,2278259.2,20,101
186,1,45.06,49.35,77610,85345,28609,11507,5753,45785,4403,37417,23110200.86,29892485.7,6782284.835,,72057.38879,0,3454098.813,2278259.2,20,101
187,1,45.06,49.35,84803,84536,28518,11540,5591,44658,4362,37391,23254556.76,29892485.7,6637928.944,,51089.84412,0,3454098.813,2278259.2,20,101
188,1,45.06,49.35,83791,83704,28429,11563,5426,43617,4332,37379,23422045.29,29892485.7,6470440.41,,71289.65189,0,3454098.813,2278259.2,20,101
189,1,45.06,49.35,82099,83589,28356,11587,5268,42583,4293,37346,23532085.37,29892485.7,6360400.327,,19706.87194,0,3454098.813,2278259.2,20,101
190,1,45.06,49.35,76031,87939,28272,11601,5123,41505,4191,37453,23670796.16,29892485.7,6221689.537,,20283.69014,0,3454098.813,2278259.2,20,101
191,1,45.06,49.35,71094,91124,28226,11612,4974,40460,4003,37658,23788539.41,29892485.7,6103946.291,,70605.79736,0,3454098.813,2278259.2,20,101
192,1,45.06,49.35,65778,94772,28127,11657,4858,39451,3896,37722,23918863.18,29892485.7,5973622.519,,70605.79736,0,3454098.813,2278259.2,20,101
193,1,45.06,49.35,63175,95690,28061,11684,35628,38575,3768,37800,24086917.79,29892485.7,5805567.914,,72057.38879,0,3454098.813,2278259.2,20,101
194,1,45.06,49.35,62388,94786,27968,11696,34606,37701,3598,37905,24231273.68,29892485.7,5661212.023,,51089.84412,0,3454098.813,2278259.2,20,101
195,1,45.06,49.35,61699,93875,27884,11709,29173,41259,3326,38129,24396597.11,29892485.7,5495888.588,,71289.65189,0,3454098.813,2278259.2,20,101
196,1,45.06,49.35,61023,92942,27785,11732,28304,40266,3265,38134,24531798.25,29892485.7,5360687.452,,17541.77264,0,3454098.813,2278259.2,20,101
197,1,45.06,49.35,70126,91989,27658,11782,27506,39288,3148,38191,24599219.39,29892485.7,5293266.313,,20283.69014,0,3454098.813,2278259.2,20,101
198,1,45.06,49.35,78794,91103,27568,11796,26707,38389,3116,38174,24726801.24,29892485.7,5165684.458,,67863.87986,0,3454098.813,2278259.2,20,101
199,1,45.06,49.35,86969,90217,27480,11801,25952,37476,3100,38142,24887931.17,29892485.7,5004554.532,,67863.87986,0,3454098.813,2278259.2,20,101
200,1,45.06,49.35,85999,89361,27375,11850,25215,36590,3063,38118,25055419.7,29892485.7,4837065.997,,74222.48809,0,3454098.813,2278259.2,20,101
201,1,45.06,49.35,84352,89133,27269,11887,24475,35770,2989,38141,25202517.51,29892485.7,4689968.189,,53831.76162,0,3454098.813,2278259.2,20,101
202,1,45.06,49.35,79065,92703,27160,11912,23776,34558,3353,38118,25395743.92,29892485.7,4496741.783,,71289.65189,0,3454098.813,2278259.2,20,101
203,1,45.06,49.35,74025,95999,27087,11919,23065,33451,3614,38099,25459655.4,29892485.7,4432830.299,,20283.69014,0,3454098.813,2278259.2,20,101
204,1,45.06,49.35,68151,100083,26978,11952,22409,32488,3814,38075,25535463.56,29892485.7,4357022.142,,20283.69014,0,3454098.813,2278259.2,20,101
205,1,45.06,49.35,65338,101183,26856,12006,28289,31691,3824,38039,25690937.64,29892485.7,4201548.064,,63670.37092,0,3454098.813,2278259.2,20,101
206,1,45.06,49.35,64620,100260,26776,12023,27523,30954,3786,38009,25843680.54,29892485.7,4048805.155,,63670.37092,0,3454098.813,2278259.2,20,101
207,1,45.06,49.35,63935,99295,26700,12019,6199,50778,3759,37986,26000616.96,29892485.7,3891868.738,,67863.87986,0,3454098.813,2278259.2,20,101
208,1,45.06,49.35,63176,98285,26615,12046,6024,49487,3622,38065,26163911.99,29892485.7,3728573.712,,49061.43448,0,3454098.813,2278259.2,20,101
209,1,45.06,49.35,71003,97346,26541,12069,5855,48292,3374,38259,26285848.74,29892485.7,3606636.957,,71289.65189,0,3454098.813,2278259.2,20,101
210,1,45.06,49.35,80125,96350,26537,12099,5673,47124,3291,38280,26362340.75,29892485.7,3530144.946,,20283.69014,0,3454098.813,2278259.2,20,101
211,1,45.06,49.35,88838,95408,26496,12111,5523,45972,3167,38339,26471696.98,29892485.7,3420788.719,,20283.69014,0,3454098.813,2278259.2,20,101
212,1,45.06,49.35,87813,94458,26429,12154,5353,44892,3086,38367,26626604.99,29892485.7,3265880.711,,65835.47022,0,3454098.813,2278259.2,20,101
213,1,45.06,49.35,86093,94217,26325,12176,5184,43826,3040,38347,26782089.81,29892485.7,3110395.885,,66412.28842,0,3454098.813,2278259.2,20,101
214,1,45.06,49.35,80257,98215,26212,12214,5065,42680,3068,38310,26966929.2,29892485.7,2925556.496,,70605.79736,0,3454098.813,2278259.2,20,101
215,1,45.06,49.35,75495,101115,26139,12206,4933,41592,3110,38273,27059511.4,29892485.7,2832974.304,,49638.25268,0,3454098.813,2278259.2,20,101
216,1,45.06,49.35,69746,105039,26086,12204,4778,40626,3112,38251,27189835.17,29892485.7,2702650.532,,71289.65189,0,3454098.813,2278259.2,20,101
217,1,45.06,49.35,66816,106164,25988,12232,36170,39657,3092,38219,27294219.4,29892485.7,2598266.297,,16090.1812,0,3454098.813,2278259.2,20,101
218,1,45.06,49.35,66018,105167,25915,12248,35055,38782,3070,38190,27399382.12,29892485.7,2493103.578,,16090.1812,0,3454098.813,2278259.2,20,101
219,1,45.06,49.35,65248,104205,25845,12258,29641,42307,3035,38167,27552125.03,29892485.7,2340360.67,,63670.37092,0,3454098.813,2278259.2,20,101
220,1,45.06,49.35,64504,103227,25770,12268,28764,41312,3002,38137,27732194.09,29892485.7,2160291.608,,65835.47022,0,3454098.813,2278259.2,20,101
221,1,45.06,49.35,72985,102275,25660,12315,27919,40317,2976,38109,27854130.85,29892485.7,2038354.854,,74799.30629,0,3454098.813,2278259.2,20,101
222,1,45.06,49.35,80919,101315,25571,12339,27098,39393,2955,38075,27964938.67,29892485.7,1927547.035,,51089.84412,0,3454098.813,2278259.2,20,101
223,1,45.06,49.35,90083,100356,25479,12361,26335,38484,2924,38041,28126068.59,29892485.7,1766417.108,,71289.65189,0,3454098.813,2278259.2,20,101
224,1,45.06,49.35,89030,99414,25419,12362,25602,37602,2889,38019,28227721.66,29892485.7,1664764.044,,13348.26371,0,3454098.813,2278259.2,20,101
225,1,45.06,49.35,87273,99240,25310,12398,24915,36760,2858,37999,28332884.37,29892485.7,1559601.325,,16090.1812,0,3454098.813,2278259.2,20,101
226,1,45.06,49.35,81171,103434,25231,12416,24222,35564,3205,37975,28513530.25,29892485.7,1378955.445,,66412.28842,0,3454098.813,2278259.2,20,101
227,1,45.06,49.35,76206,106473,25136,12441,23565,34480,3445,37946,28622886.48,29892485.7,1269599.217,,66412.28842,0,3454098.813,2278259.2,20,101
228,1,45.06,49.35,70672,110176,25074,12450,22877,33460,3635,37918,28757403.76,29892485.7,1135081.936,,74799.30629,0,3454098.813,2278259.2,20,101
229,1,45.06,49.35,68053,110930,24979,12477,29022,32628,3640,37898,28904490.82,29892485.7,987994.8753,,51089.84412,0,3454098.813,2278259.2,20,101
230,1,45.06,49.35,67276,109897,24909,12492,28186,31882,3595,37884,29069814.26,29892485.7,822671.44,,71289.65189,0,3454098.813,2278259.2,20,101
231,1,45.06,49.35,66525,108852,24790,12548,6397,52232,3539,37883,29179854.34,29892485.7,712631.3577,,17541.77264,0,3454098.813,2278259.2,20,101
232,1,45.06,49.35,65727,107809,24716,12564,6192,50980,3471,37872,29318565.13,29892485.7,573920.5674,,20283.69014,0,3454098.813,2278259.2,20,101
233,1,45.06,49.35,74674,106793,24639,12578,6048,49750,3410,37869,29436308.38,29892485.7,456177.3217,,70605.79736,0,3454098.813,2278259.2,20,101
234,1,45.06,49.35,83264,105790,24535,12615,5868,48555,3333,37876,29563890.23,29892485.7,328595.4668,,67863.87986,0,3454098.813,2278259.2,20,101
235,1,45.06,49.35,91301,104809,24425,12666,5688,47381,3299,37856,29729213.67,29892485.7,163272.0314,,72057.38879,0,3454098.813,2278259.2,20,101
236,1,45.06,49.35,90258,103836,24340,12693,5544,46313,3267,37839,29875734.66,29892485.7,16751.0414,,53254.94342,0,3454098.813,2278259.2,20,101
237,1,45.06,49.35,88365,103719,24282,12706,5388,45244,3222,37819,30043800.01,29892485.7,-151314.3115,,71289.65189,0,3454098.813,2278259.2,20,101
238,1,45.06,49.35,81817,108254,24187,12738,5233,44109,3251,37823,30179001.15,29892485.7,-286515.4474,,20283.69014,0,3454098.813,2278259.2,20,101
239,1,45.06,49.35,76611,111507,24091,12777,5096,42987,3280,37795,30246422.29,29892485.7,-353936.5858,,20283.69014,0,3454098.813,2278259.2,20,101
240,1,45.06,49.35,70756,115420,23986,12801,4955,41893,3295,37768,30376746.06,29892485.7,-484260.3583,,70605.79736,0,3454098.813,2278259.2,20,101
241,1,45.06,49.35,67888,116405,23911,12810,36058,40939,3270,37747,30540607.15,29892485.7,-648121.4547,,67863.87986,0,3454098.813,2278259.2,20,101
242,1,45.06,49.35,67105,115283,23820,12828,35041,40014,3225,37716,30705930.59,29892485.7,-813444.8901,,72057.38879,0,3454098.813,2278259.2,20,101
243,1,45.06,49.35,66349,114172,23750,12839,29431,43607,3169,37709,30850286.48,29892485.7,-957800.7807,,51089.84412,0,3454098.813,2278259.2,20,101
244,1,45.06,49.35,65560,113088,23656,12874,28569,42625,3137,37692,31042936.07,29892485.7,-1150450.369,,71289.65189,0,3454098.813,2278259.2,20,101
245,1,45.06,49.35,75046,112051,23597,12882,27784,41634,3099,37672,31106847.55,29892485.7,-1214361.853,,19706.87194,0,3454098.813,2278259.2,20,101
246,1,45.06,49.35,84105,111025,23490,12922,26951,40693,3062,37654,31182655.71,29892485.7,-1290170.009,,20283.69014,0,3454098.813,2278259.2,20,101
247,1,45.06,49.35,92845,110032,23396,12950,26172,39731,3007,37648,31335398.62,29892485.7,-1442912.918,,63670.37092,0,3454098.813,2278259.2,20,101
248,1,45.06,49.35,91798,109020,23282,13003,25432,38799,2946,37648,31489802.2,34912172.15,3422369.948,,65835.47022,0,5225752.854,2278259.2,20,150
249,1,45.06,49.35,90011,108680,23206,13018,24663,37885,2805,37728,31663127.58,43470581.14,11807453.56,,70605.79736,0,7230170.977,2506085.12,22,208
250,1,45.06,49.35,83943,112511,23273,13068,23866,36399,3347,37761,32476632.83,48665582.95,16188950.12,,49638.25268,0,7230170.977,2961736.96,26,208
251,1,45.06,49.35,78148,115903,23705,13142,23095,35041,3881,37742,33832036.43,53398146.3,19566109.88,,692418.367,0,7230170.977,3417388.8,30,210
252,1,45.06,49.35,71837,119900,23904,13264,22400,33945,4192,37735,35888205.12,53398146.3,17509941.18,,513776.0023,0,7230170.977,3417388.8,30,210
253,1,45.06,49.35,68838,120934,23806,13295,28481,33137,4150,37737,35910849.62,53398146.3,17487296.69,,730974.8924,0,7230170.977,3417388.8,30,210
254,1,45.06,49.35,68041,119781,23722,13309,27669,32397,4101,37719,36006473.77,53398146.3,17391672.53,,40099.68749,0,7230170.977,3417388.8,30,210
255,1,45.06,49.35,67265,118644,23622,13355,6307,52255,4062,37707,36117281.59,53398146.3,17280864.71,,21735.28158,0,7230170.977,3417388.8,30,210
256,1,45.06,49.35,66503,117548,23503,13408,6125,50972,4000,37703,36272189.6,53398146.3,17125956.71,,65835.47022,0,7230170.977,3417388.8,30,210
257,1,45.06,49.35,75070,116478,23400,13448,5916,49724,3956,37680,36427674.42,53398146.3,16970471.88,,53831.76162,0,7230170.977,3417388.8,30,210
258,1,45.06,49.35,84619,115401,23331,13457,5752,48538,3910,37660,36592997.86,53398146.3,16805148.44,,62902.63402,0,7230170.977,3417388.8,30,210
259,1,45.06,49.35,93764,114273,23263,13451,5603,47373,3858,37637,36707231.45,53398146.3,16690914.85,,25928.79051,0,7230170.977,3417388.8,30,210
260,1,45.06,49.35,92688,113219,23231,13450,5457,46207,3814,37621,36795620.13,53398146.3,16602526.17,,70605.79736,0,7230170.977,3417388.8,30,210
261,1,45.06,49.35,90890,112879,23190,13455,5294,45113,3765,37610,36967878.99,53398146.3,16430267.31,,78992.81523,0,7230170.977,3417388.8,30,210
262,1,45.06,49.35,84738,116918,23148,13470,5151,43964,3814,37591,37140137.86,53398146.3,16258008.45,,78992.81523,0,7230170.977,3417388.8,30,210
263,1,45.06,49.35,79638,119937,23124,13473,5009,42851,3828,37567,37312396.72,53398146.3,16085749.58,,78992.81523,0,7230170.977,3417388.8,30,210
264,1,45.06,49.35,73668,123821,23081,13480,4870,41835,3844,37539,37484655.58,53398146.3,15913490.72,,53831.76162,0,7230170.977,3417388.8,30,210
265,1,45.06,49.35,70590,124847,23024,13504,35634,40812,3804,37512,37606581.59,53398146.3,15791564.72,,71289.65189,0,7230170.977,3417388.8,30,210
266,1,45.06,49.35,69719,123711,22942,13521,34599,39914,3771,37491,37683073.6,53398146.3,15715072.71,,17541.77264,0,7230170.977,3417388.8,30,210
267,1,45.06,49.35,68955,122508,22867,13534,29118,43388,3722,37480,37792429.82,53398146.3,15605716.48,,20283.69014,0,7230170.977,3417388.8,30,210
268,1,45.06,49.35,68108,121359,22781,13543,28307,42341,3673,37465,37947337.83,53398146.3,15450808.47,,65835.47022,0,7230170.977,3417388.8,30,210
269,1,45.06,49.35,77038,120246,22700,13568,27532,41350,3631,37450,38102822.66,53398146.3,15295323.64,,66412.28842,0,7230170.977,3417388.8,30,210
270,1,45.06,49.35,85739,119177,22610,13604,26711,40337,3602,37425,38284920.13,53398146.3,15113226.17,,67863.87986,0,7230170.977,3417388.8,30,210
271,1,45.06,49.35,95282,118108,22536,13616,25978,39421,3556,37403,38374760.4,53398146.3,15023385.9,,46896.33518,0,7230170.977,3417388.8,30,210
272,1,45.06,49.35,94112,116995,22452,13635,25230,38496,3520,37381,38504507.36,53398146.3,14893638.94,,71289.65189,0,7230170.977,3417388.8,30,210
273,1,45.06,49.35,92150,116680,22349,13672,24567,37607,3480,37365,38606160.42,53398146.3,14791985.88,,15513.36301,0,7230170.977,3417388.8,30,210
274,1,45.06,49.35,85667,121024,22245,13704,23897,36294,3876,37339,38711323.14,53398146.3,14686823.16,,16090.1812,0,7230170.977,3417388.8,30,210
275,1,45.06,49.35,80397,124221,22163,13729,23219,35175,4115,37312,38866807.97,53398146.3,14531338.33,,66412.28842,0,7230170.977,3417388.8,30,210
276,1,45.06,49.35,74559,128001,22076,13758,22622,34187,4308,37287,39047453.85,53398146.3,14350692.45,,66412.28842,0,7230170.977,3417388.8,30,210
277,1,45.06,49.35,71749,128765,21994,13774,28910,33388,4293,37261,39169379.85,53398146.3,14228766.45,,72057.38879,0,7230170.977,3417388.8,30,210
278,1,45.06,49.35,70943,127606,21859,13837,28088,32557,4245,37244,39280187.67,53398146.3,14117958.63,,51089.84412,0,7230170.977,3417388.8,30,210
279,1,45.06,49.35,70113,126451,21768,13866,6494,52682,4177,37239,39441317.6,53398146.3,13956828.7,,71289.65189,0,7230170.977,3417388.8,30,210
280,1,45.06,49.35,69380,125269,21671,13896,6320,51417,4111,37231,39542970.66,53398146.3,13855175.64,,13348.26371,0,7230170.977,3417388.8,30,210
281,1,45.06,49.35,78909,124058,21568,13924,6165,50190,4055,37206,39648133.38,53398146.3,13750012.92,,16090.1812,0,7230170.977,3417388.8,30,210
282,1,45.06,49.35,87939,122994,21471,13959,5972,48966,4008,37193,39826037.35,53398146.3,13572108.96,,63670.37092,0,7230170.977,3417388.8,30,210
283,1,45.06,49.35,96617,121825,21412,13976,5808,47767,3958,37172,39932651.66,53398146.3,13465494.65,,63670.37092,0,7230170.977,3417388.8,30,210
284,1,45.06,49.35,95493,120715,21380,13978,5632,46632,3916,37147,40066592.12,53398146.3,13331554.18,,74222.48809,0,7230170.977,3417388.8,30,210
285,1,45.06,49.35,93445,120432,21334,13995,5457,45492,3876,37118,40213689.93,53398146.3,13184456.37,,53831.76162,0,7230170.977,3417388.8,30,210
286,1,45.06,49.35,86697,124961,21302,14008,5297,44334,3931,37097,40381755.28,53398146.3,13016391.02,,71289.65189,0,7230170.977,3417388.8,30,210
287,1,45.06,49.35,81129,128365,21242,14048,5163,43213,3955,37074,40491795.36,53398146.3,12906350.94,,20283.69014,0,7230170.977,3417388.8,30,210
288,1,45.06,49.35,75047,132333,21220,14050,5030,42100,3988,37059,40630506.15,53398146.3,12767640.15,,20283.69014,0,7230170.977,3417388.8,30,210
289,1,45.06,49.35,72004,133253,21148,14074,35528,41078,3952,37037,40748238.65,53398146.3,12649907.65,,67863.87986,0,7230170.977,3417388.8,30,210
290,1,45.06,49.35,71149,131946,21076,14115,34509,40122,3908,37016,40875820.51,53398146.3,12522325.8,,67863.87986,0,7230170.977,3417388.8,30,210
291,1,45.06,49.35,70304,130601,21001,14163,28840,43769,3860,36993,41041143.94,53398146.3,12357002.36,,72057.38879,0,7230170.977,3417388.8,30,210
292,1,45.06,49.35,69483,129381,20934,14167,27980,42766,3825,36970,41187664.93,53398146.3,12210481.37,,53254.94342,0,7230170.977,3417388.8,30,210
293,1,45.06,49.35,79257,128125,20848,14197,27211,41801,3786,36946,41355730.28,53398146.3,12042416.02,,71289.65189,0,7230170.977,3417388.8,30,210
294,1,45.06,49.35,88766,126930,20775,14220,26400,40855,3752,36927,41490931.42,53398146.3,11907214.88,,20283.69014,0,7230170.977,3417388.8,30,210
295,1,45.06,49.35,97950,125739,20710,14274,25640,39894,3715,36903,41558352.56,53398146.3,11839793.74,,20283.69014,0,7230170.977,3417388.8,30,210
296,1,45.06,49.35,96830,124564,20675,14297,24884,38975,3683,36873,41688099.51,53398146.3,11710046.79,,70028.97916,0,7230170.977,3417388.8,30,210
297,1,45.06,49.35,94903,124074,20693,14315,24182,38016,3647,36847,41851971.36,53398146.3,11546174.95,,70605.79736,0,7230170.977,3417388.8,30,210
298,1,45.06,49.35,88411,128261,20739,14332,23451,36673,4056,36834,42020036.71,53398146.3,11378109.59,,74799.30629,0,7230170.977,3417388.8,30,210
299,1,45.06,49.35,82759,131677,20690,14383,22782,35545,4306,36851,42167134.52,53398146.3,11231011.78,,53831.76162,0,7230170.977,3417388.8,30,210
300,1,45.06,49.35,76312,135785,20663,14405,22109,34499,4505,36837,42360360.92,53398146.3,11037785.38,,71289.65189,0,7230170.977,3417388.8,30,210
301,1,45.06,49.35,73206,136593,20829,14398,28254,33695,4519,36820,42427003.58,53398146.3,10971142.72,,20283.69014,0,7230170.977,3417388.8,30,210
302,1,45.06,49.35,72368,135108,20992,14410,27429,32880,4478,36799,42502811.73,53398146.3,10895334.57,,20283.69014,0,7230170.977,3417388.8,30,210
303,1,45.06,49.35,71537,133536,21242,14427,6357,52422,4429,36779,42655554.64,53398146.3,10742591.66,,63670.37092,0,7230170.977,3417388.8,30,210
304,1,45.06,49.35,70714,132173,21319,14432,6195,51111,4388,36756,42810462.65,53398146.3,10587683.65,,65835.47022,0,7230170.977,3417388.8,30,210
305,1,45.06,49.35,79802,130905,21324,14449,6007,49827,4351,36738,42970140.99,53398146.3,10428005.32,,70605.79736,0,7230170.977,3417388.8,30,210
306,1,45.06,49.35,89554,129729,21278,14459,5830,48607,4295,36717,43131270.91,53398146.3,10266875.39,,46896.33518,0,7230170.977,3417388.8,30,210
307,1,45.06,49.35,99138,128506,21252,14483,5679,47436,4244,36701,43250465.75,53398146.3,10147680.55,,71289.65189,0,7230170.977,3417388.8,30,210
308,1,45.06,49.35,97972,127279,21263,14492,5554,46252,4179,36674,43326957.76,53398146.3,10071188.54,,17541.77264,0,7230170.977,3417388.8,30,210
309,1,45.06,49.35,96037,126863,21279,14494,5391,45178,4137,36658,43436313.99,53398146.3,9961832.314,,20283.69014,0,7230170.977,3417388.8,30,210
310,1,45.06,49.35,89511,131036,21318,14505,5224,43957,4203,36637,43591798.81,53398146.3,9806347.488,,66412.28842,0,7230170.977,3417388.8,30,210
311,1,45.06,49.35,83891,134239,21344,14519,5073,42896,4205,36640,43747283.64,53398146.3,9650862.662,,66412.28842,0,7230170.977,3417388.8,30,210
312,1,45.06,49.35,77475,138338,21321,14550,4948,41814,4216,36636,43932123.03,53398146.3,9466023.273,,70605.79736,0,7230170.977,3417388.8,30,210
313,1,45.06,49.35,74253,139148,21309,14555,35178,40846,4163,36631,44024694.47,53398146.3,9373451.829,,46896.33518,0,7230170.977,3417388.8,30,210
314,1,45.06,49.35,73454,137674,21389,14568,34120,39918,4123,36605,44152276.33,53398146.3,9245869.974,,71289.65189,0,7230170.977,3417388.8,30,210
315,1,45.06,49.35,72648,136148,21596,14597,28584,43509,4073,36590,44253929.39,53398146.3,9144216.909,,13348.26371,0,7230170.977,3417388.8,30,210
316,1,45.06,49.35,71800,134654,21716,14648,27732,42454,4026,36577,44359092.11,53398146.3,9039054.19,,16090.1812,0,7230170.977,3417388.8,30,210
317,1,45.06,49.35,81133,133288,21761,14660,26916,41432,3977,36563,44514576.94,53398146.3,8883569.364,,66412.28842,0,7230170.977,3417388.8,30,210
318,1,45.06,49.35,90251,132088,21666,14696,26117,40427,3926,36553,44692480.9,53398146.3,8705665.402,,63670.37092,0,7230170.977,3417388.8,30,210
319,1,45.06,49.35,100032,130894,21587,14741,25322,39481,3880,36531,44811675.74,53398146.3,8586470.565,,72057.38879,0,7230170.977,3417388.8,30,210
320,1,45.06,49.35,98874,129656,21503,14784,24663,38587,3846,36507,44924648.66,53398146.3,8473497.647,,53254.94342,0,7230170.977,3417388.8,30,210
321,1,45.06,49.35,96919,129279,21486,14830,23973,37732,3816,36482,45088520.5,53398146.3,8309625.803,,71289.65189,0,7230170.977,3417388.8,30,210
322,1,45.06,49.35,89914,133823,21477,14838,23269,36343,4266,36475,45190173.56,53398146.3,8207972.738,,16090.1812,0,7230170.977,3417388.8,30,210
323,1,45.06,49.35,84375,137087,21470,14863,22600,35176,4535,36461,45295336.28,53398146.3,8102810.019,,16090.1812,0,7230170.977,3417388.8,30,210
324,1,45.06,49.35,78117,141072,21441,14887,21971,34148,4689,36449,45475982.16,53398146.3,7922164.14,,66412.28842,0,7230170.977,3417388.8,30,210
325,1,45.06,49.35,75075,141872,21482,14919,27944,33306,4662,36441,45585327.64,53398146.3,7812818.659,,63670.37092,0,7230170.977,3417388.8,30,210
326,1,45.06,49.35,74255,140410,21558,14939,27180,32521,4603,36428,45717103.01,53398146.3,7681043.296,,72057.38879,0,7230170.977,3417388.8,30,210
327,1,45.06,49.35,73400,138843,21721,14992,6298,51903,4563,36420,45861458.9,53398146.3,7536687.405,,51089.84412,0,7230170.977,3417388.8,30,210
328,1,45.06,49.35,72552,137359,21823,15016,6116,50671,4512,36403,46028947.43,53398146.3,7369198.87,,71289.65189,0,7230170.977,3417388.8,30,210
329,1,45.06,49.35,82422,135946,21826,15065,5946,49447,4448,36384,46138987.51,53398146.3,7259158.788,,19706.87194,0,7230170.977,3417388.8,30,210
330,1,45.06,49.35,91935,134695,21741,15093,5767,48193,4400,36371,46277698.3,53398146.3,7120447.998,,20283.69014,0,7230170.977,3417388.8,30,210
331,1,45.06,49.35,101173,133351,21691,15120,5608,47013,4346,36352,46392699.63,53398146.3,7005446.669,,67863.87986,0,7230170.977,3417388.8,30,210
332,1,45.06,49.35,100015,132050,21679,15136,5450,45859,4302,36334,46522446.59,53398146.3,6875699.715,,70028.97916,0,7230170.977,3417388.8,30,210
333,1,45.06,49.35,97975,131661,21640,15179,5299,44776,4258,36312,46690511.94,53398146.3,6707634.362,,74799.30629,0,7230170.977,3417388.8,30,210
334,1,45.06,49.35,90925,136238,21728,15195,5139,43599,4301,36305,46837609.75,53398146.3,6560536.554,,53831.76162,0,7230170.977,3417388.8,30,210
335,1,45.06,49.35,85005,139797,21683,15217,4967,42481,4343,36292,47005675.1,53398146.3,6392471.201,,71289.65189,0,7230170.977,3417388.8,30,210
336,1,45.06,49.35,78488,143968,21622,15266,4825,41402,4359,36278,47140876.24,53398146.3,6257270.065,,20283.69014,0,7230170.977,3417388.8,30,210
337,1,45.06,49.35,75350,144659,21685,15319,34877,40422,4325,36262,47211028.55,53398146.3,6187117.757,,20283.69014,0,7230170.977,3417388.8,30,210
338,1,45.06,49.35,74524,143054,21859,15337,33791,39483,4282,36236,47338610.4,53398146.3,6059535.902,,67863.87986,0,7230170.977,3417388.8,30,210
339,1,45.06,49.35,73639,141437,22058,15350,28381,43020,4226,36218,47499740.33,53398146.3,5898405.976,,67863.87986,0,7230170.977,3417388.8,30,210
340,1,45.06,49.35,72714,140025,22077,15408,27503,41998,4179,36202,47667228.86,53398146.3,5730917.441,,74222.48809,0,7230170.977,3417388.8,30,210
341,1,45.06,49.35,82877,138655,22062,15441,26665,41019,4132,36181,47814326.67,53398146.3,5583819.633,,53831.76162,0,7230170.977,3417388.8,30,210
342,1,45.06,49.35,92728,137452,21962,15502,25894,39967,4096,36172,48004811.16,53398146.3,5393335.144,,71289.65189,0,7230170.977,3417388.8,30,210
343,1,45.06,49.35,102302,136106,21909,15530,25119,39084,4031,36175,48068722.64,53398146.3,5329423.66,,17541.77264,0,7230170.977,3417388.8,30,210
344,1,45.06,49.35,101099,134876,21833,15551,24400,38248,3991,36162,48144530.8,53398146.3,5253615.503,,20283.69014,0,7230170.977,3417388.8,30,210
345,1,45.06,49.35,99194,134374,21863,15556,23710,37334,3936,36149,48300015.62,53398146.3,5098130.677,,66412.28842,0,7230170.977,3417388.8,30,210
346,1,45.06,49.35,92383,138666,21909,15570,23026,35984,4349,36131,48455500.45,53398146.3,4942645.851,,66412.28842,0,7230170.977,3417388.8,30,210
347,1,45.06,49.35,86423,142217,21928,15574,22395,34794,4626,36125,48615178.79,53398146.3,4782967.516,,70605.79736,0,7230170.977,3417388.8,30,210
348,1,45.06,49.35,79691,146638,21876,15594,21738,33740,4827,36102,48779050.63,53398146.3,4619095.672,,49638.25268,0,7230170.977,3417388.8,30,210
349,1,45.06,49.35,76432,147399,21984,15609,27691,32916,4816,36096,48900976.64,53398146.3,4497169.665,,71289.65189,0,7230170.977,3417388.8,30,210
350,1,45.06,49.35,75589,145814,22124,15643,26950,32229,4763,36082,48977468.65,53398146.3,4420677.654,,17541.77264,0,7230170.977,3417388.8,30,210
351,1,45.06,49.35,74654,144084,22414,15659,6172,51532,4706,36074,49086824.88,53398146.3,4311321.427,,20283.69014,0,7230170.977,3417388.8,30,210
352,1,45.06,49.35,73739,142534,22529,15687,5999,50281,4662,36067,49241732.88,53398146.3,4156413.419,,65835.47022,0,7230170.977,3417388.8,30,210
353,1,45.06,49.35,83274,141139,22552,15713,5830,49041,4613,36049,49397217.71,53398146.3,4000928.593,,66412.28842,0,7230170.977,3417388.8,30,210
354,1,45.06,49.35,93428,139880,22458,15737,5644,47858,4568,36034,49579315.18,53398146.3,3818831.122,,67863.87986,0,7230170.977,3417388.8,30,210
355,1,45.06,49.35,103355,138561,22398,15762,5472,46638,4487,36038,49669155.46,53398146.3,3728990.847,,46896.33518,0,7230170.977,3417388.8,30,210
356,1,45.06,49.35,102129,137265,22365,15773,5300,45552,4399,36050,49798902.41,53398146.3,3599243.893,,71289.65189,0,7230170.977,3417388.8,30,210
357,1,45.06,49.35,100072,136822,22323,15822,5145,44340,4361,36042,49900555.47,53398146.3,3497590.828,,15513.36301,0,7230170.977,3417388.8,30,210
358,1,45.06,49.35,93119,141266,22306,15854,4991,43214,4405,36025,50005718.19,53398146.3,3392428.11,,16090.1812,0,7230170.977,3417388.8,30,210
359,1,45.06,49.35,87294,144587,22278,15886,4845,42097,4407,36010,50161203.02,53398146.3,3236943.284,,66412.28842,0,7230170.977,3417388.8,30,210
360,1,45.06,49.35,80616,148891,22274,15908,4727,41041,4415,36002,50341848.9,53398146.3,3056297.404,,66412.28842,0,7230170.977,3417388.8,30,210
361,1,45.06,49.35,77389,149718,22317,15941,34529,40062,4383,35989,50463774.91,53398146.3,2934371.397,,72057.38879,0,7230170.977,3417388.8,30,210
362,1,45.06,49.35,76483,148059,22449,15958,33572,39065,4324,35974,50574582.72,53398146.3,2823563.578,,51089.84412,0,7230170.977,3417388.8,30,210
363,1,45.06,49.35,75591,146333,22706,15986,28206,42484,4291,35962,50735712.65,53398146.3,2662433.651,,71289.65189,0,7230170.977,3417388.8,30,210
364,1,45.06,49.35,74728,144767,22843,16022,27381,41465,4253,35948,50837365.72,53398146.3,2560780.587,,13348.26371,0,7230170.977,3417388.8,30,210
365,1,45.06,49.35,84598,143310,22863,16044,26580,40526,4185,35955,50942528.43,53398146.3,2455617.868,,16090.1812,0,7230170.977,3417388.8,30,210
366,1,45.06,49.35,94186,141946,22774,16063,25826,39606,4149,35940,51120432.4,53398146.3,2277713.906,,63670.37092,0,7230170.977,3417388.8,30,210
367,1,45.06,49.35,104397,140621,22694,16083,25057,38642,4106,35931,51227046.71,53398146.3,2171099.595,,63670.37092,0,7230170.977,3417388.8,30,210
368,1,45.06,49.35,103176,139271,22629,16104,24335,37755,4071,35913,51360987.17,53398146.3,2037159.132,,74222.48809,0,7230170.977,3417388.8,30,210
369,1,45.06,49.35,101142,138804,22622,16118,23605,36900,4036,35904,51507883.21,57007804.55,5499921.345,,53831.76162,0,8504168.007,3417388.8,30,240
370,1,45.06,49.35,93996,143435,22612,16138,22922,35555,4433,35893,51675343.25,60049764.81,8374421.555,,71289.65189,0,9577801.037,3417388.8,30,240
371,1,45.06,49.35,88076,146842,22613,16151,22262,34387,4729,35852,53083498.77,66587163.36,13503664.59,,20283.69014,0,10526160.38,3645214.72,32,275
372,1,45.06,49.35,81430,150850,22827,16171,21514,33220,5140,35849,53250714.26,72258548.98,19007834.72,,1304752.09,0,10526160.38,4100866.56,36,280
373,1,45.06,49.35,77952,151349,23372,16200,27357,32287,5264,35798,56111570.17,73561269.85,17449699.68,,944871.8196,0,10526160.38,4328692.48,38,280
374,1,45.06,49.35,76608,149498,24172,16221,26433,31267,5516,35896,56533872.5,73561269.85,17027397.34,,17541.77264,0,10526160.38,4328692.48,38,280
375,1,45.06,49.35,75751,147731,24397,16255,5970,50231,5460,35898,56636837.54,73561269.85,16924432.31,,67863.87986,0,10526160.38,4328692.48,38,280
376,1,45.06,49.35,74764,146104,24650,16283,5783,48899,5413,35897,56773710.67,74274027.34,17500316.68,,49061.43448,0,10526160.38,4442605.44,39,286
377,1,45.06,49.35,84833,144631,24700,16306,5621,47680,5363,35880,56908127.06,74274027.34,17365900.28,,46128.59828,0,10526160.38,4442605.44,39,286
378,1,45.06,49.35,94736,143306,24667,16330,5447,46499,5306,35861,57058942.28,74987929.87,17928987.59,,16090.1812,0,10526160.38,4556518.4,40,293
379,1,45.06,49.35,104416,141928,24614,16382,5285,45302,5250,35848,57172492.02,74987929.87,17815437.85,,62218.77949,0,10526160.38,4556518.4,40,293
380,1,45.06,49.35,103221,140555,24595,16418,5127,44176,5193,35830,57319013.01,74987929.87,17668916.86,,65835.47022,0,10526160.38,4556518.4,40,293
381,1,45.06,49.35,101080,140072,24602,16433,4970,43148,5134,35810,57424175.72,74987929.87,17563754.14,,66412.28842,0,10526160.38,4556518.4,40,293
382,1,45.06,49.35,93822,144662,24676,16455,4819,42018,5162,35791,57583854.06,74987929.87,17404075.81,,74799.30629,0,10526160.38,4556518.4,40,293
383,1,45.06,49.35,87737,148140,24661,16483,4675,40967,5171,35775,57730951.87,74987929.87,17256978,,53831.76162,0,10526160.38,4556518.4,40,293
384,1,45.06,49.35,81087,152397,24634,16514,4536,39949,5184,35763,57899017.22,74987929.87,17088912.65,,71289.65189,0,10526160.38,4556518.4,40,293
385,1,45.06,49.35,77855,153113,24700,16554,34177,39010,5138,35746,58024369,74987929.87,16963560.87,,20283.69014,0,10526160.38,4556518.4,40,293
386,1,45.06,49.35,76932,151390,24887,16565,33187,38107,5094,35735,58129531.72,74987929.87,16858398.15,,20283.69014,0,10526160.38,4556518.4,40,293
387,1,45.06,49.35,76066,149618,25149,16578,27982,41367,5029,35719,58240339.54,74987929.87,16747590.33,,67863.87986,0,10526160.38,4556518.4,40,293
388,1,45.06,49.35,75185,148082,25252,16576,27196,40358,4985,35708,58395247.54,74987929.87,16592682.32,,70028.97916,0,10526160.38,4556518.4,40,293
389,1,45.06,49.35,85560,146619,25285,16580,26441,39369,4936,35700,58563312.9,74987929.87,16424616.97,,74799.30629,0,10526160.38,4556518.4,40,293
390,1,45.06,49.35,95681,145353,25177,16594,25677,38450,4887,35689,58707668.79,74987929.87,16280261.08,,51089.84412,0,10526160.38,4556518.4,40,293
391,1,45.06,49.35,105695,143964,25136,16604,24968,37557,4839,35678,58885572.75,74987929.87,16102357.11,,71289.65189,0,10526160.38,4556518.4,40,293
392,1,45.06,49.35,104515,142557,25085,16620,24254,36667,4768,35659,58987225.82,74987929.87,16000704.05,,17541.77264,0,10526160.38,4556518.4,40,293
393,1,45.06,49.35,102373,142028,25078,16633,23535,35760,4721,35652,59046259.94,74987929.87,15941669.93,,20283.69014,0,10526160.38,4556518.4,40,293
394,1,45.06,49.35,95348,146408,25096,16649,22832,34423,5099,35642,59193357.74,74987929.87,15794572.12,,66412.28842,0,10526160.38,4556518.4,40,293
395,1,45.06,49.35,89097,150070,25079,16676,22213,33287,5397,35646,59348842.57,74987929.87,15639087.3,,66412.28842,0,10526160.38,4556518.4,40,293
396,1,45.06,49.35,82178,154503,25031,16714,21548,32245,5617,35638,59508520.9,74987929.87,15479408.96,,70605.79736,0,10526160.38,4556518.4,40,293
397,1,45.06,49.35,78868,155178,25135,16733,27513,31424,5606,35628,59659801.47,74987929.87,15328128.39,,46896.33518,0,10526160.38,4556518.4,40,293
398,1,45.06,49.35,77909,153547,25289,16755,26758,30684,5520,35648,59816737.89,74987929.87,15171191.97,,71289.65189,0,10526160.38,4556518.4,40,293
399,1,45.06,49.35,76986,151689,25590,16769,6211,49739,5421,35675,59876455.87,74987929.87,15111474,,17541.77264,0,10526160.38,4556518.4,40,293
400,1,45.06,49.35,76124,150104,25698,16798,6007,48525,5345,35668,59985812.09,74987929.87,15002117.77,,20283.69014,0,10526160.38,4556518.4,40,293
401,1,45.06,49.35,86066,148590,25786,16818,5810,47352,5295,35661,60149683.94,74987929.87,14838245.93,,66412.28842,0,10526160.38,4556518.4,40,293
402,1,45.06,49.35,96439,147136,25728,16834,5637,46185,5245,35649,60310813.87,74987929.87,14677116,,63670.37092,0,10526160.38,4556518.4,40,293
403,1,45.06,49.35,106590,145735,25703,16862,5466,45139,5189,35643,60488717.83,74987929.87,14499212.04,,67863.87986,0,10526160.38,4556518.4,40,293
404,1,45.06,49.35,105351,144276,25654,16883,5319,44067,5149,35630,60622658.29,74987929.87,14365271.57,,49061.43448,0,10526160.38,4556518.4,40,293
405,1,45.06,49.35,103271,143762,25687,16895,5166,43031,5096,35624,60736208.03,74987929.87,14251721.84,,71289.65189,0,10526160.38,4556518.4,40,293
406,1,45.06,49.35,96056,148292,25713,16916,5018,41934,5129,35614,60829474.07,74987929.87,14158455.79,,16090.1812,0,10526160.38,4556518.4,40,293
407,1,45.06,49.35,90164,151549,25717,16946,4888,40873,5159,35608,60930443.28,74987929.87,14057486.58,,16090.1812,0,10526160.38,4556518.4,40,293
408,1,45.06,49.35,83317,155908,25683,16975,4750,39845,5189,35597,61077541.09,74987929.87,13910388.77,,62218.77949,0,10526160.38,4556518.4,40,293
409,1,45.06,49.35,79927,156667,25769,16989,34242,38950,5143,35585,61237208.68,74987929.87,13750721.19,,59476.86199,0,10526160.38,4556518.4,40,293
410,1,45.06,49.35,78991,155021,25906,17022,33236,38056,5091,35573,61385758.08,74987929.87,13602171.79,,67863.87986,0,10526160.38,4556518.4,40,293
411,1,45.06,49.35,78036,153227,26213,17029,27894,41534,5038,35565,61471404.84,74987929.87,13516525.02,,46896.33518,0,10526160.38,4556518.4,40,293
412,1,45.06,49.35,77121,151525,26365,17058,27131,40480,4990,35557,61634699.87,74987929.87,13353229.99,,71289.65189,0,10526160.38,4556518.4,40,293
413,1,45.06,49.35,87336,149983,26417,17078,26312,39499,4931,35554,61744739.95,74987929.87,13243189.91,,15513.36301,0,10526160.38,4556518.4,40,293
414,1,45.06,49.35,97376,148551,26315,17095,25551,38515,4884,35544,61858289.69,74987929.87,13129640.18,,16090.1812,0,10526160.38,4556518.4,40,293
415,1,45.06,49.35,107723,147175,26207,17138,24847,37617,4828,35538,62032000.14,74987929.87,12955929.72,,63670.37092,0,10526160.38,4556518.4,40,293
416,1,45.06,49.35,106491,145813,26103,17196,24170,36726,4791,35526,62182714.64,74987929.87,12805215.22,,65835.47022,0,10526160.38,4556518.4,40,293
417,1,45.06,49.35,104365,145271,26105,17208,23485,35888,4714,35545,62300457.89,74987929.87,12687471.98,,74799.30629,0,10526160.38,4556518.4,40,293
418,1,45.06,49.35,97113,149963,26089,17226,22802,34561,5121,35549,62439168.68,74987929.87,12548761.19,,53831.76162,0,10526160.38,4556518.4,40,293
419,1,45.06,49.35,90909,153502,26036,17265,22171,33423,5356,35560,62603040.52,74987929.87,12384889.34,,71289.65189,0,10526160.38,4556518.4,40,293
420,1,45.06,49.35,84133,157740,25979,17323,21547,32410,5575,35554,62704693.59,74987929.87,12283236.28,,16090.1812,0,10526160.38,4556518.4,40,293
421,1,45.06,49.35,80872,158367,26067,17371,27503,31619,5573,35542,62825168,74987929.87,12162761.86,,16090.1812,0,10526160.38,4556518.4,40,293
422,1,45.06,49.35,79925,156607,26241,17373,26722,30860,5517,35535,62969523.89,74987929.87,12018405.97,,63670.37092,0,10526160.38,4556518.4,40,293
423,1,45.06,49.35,79067,154789,26492,17412,6203,49914,5458,35522,63071944.69,74987929.87,11915985.17,,63670.37092,0,10526160.38,4556518.4,40,293
424,1,45.06,49.35,78220,153095,26640,17431,6048,48696,5396,35513,63231046.21,74987929.87,11756883.65,,74222.48809,0,10526160.38,4556518.4,40,293
425,1,45.06,49.35,88594,151491,26683,17503,5876,47544,5347,35502,63378144.02,74987929.87,11609785.85,,53831.76162,0,10526160.38,4556518.4,40,293
426,1,45.06,49.35,98832,150031,26602,17531,5730,46346,5302,35488,63543467.45,74987929.87,11444462.41,,71289.65189,0,10526160.38,4556518.4,40,293
427,1,45.06,49.35,108847,148661,26484,17614,5576,45197,5242,35473,63666088.06,74987929.87,11321841.8,,17541.77264,0,10526160.38,4556518.4,40,293
428,1,45.06,49.35,107594,147257,26456,17653,5422,44145,5196,35464,63771250.78,74987929.87,11216679.08,,20283.69014,0,10526160.38,4556518.4,40,293
429,1,45.06,49.35,105451,146698,26481,17661,5257,43114,5155,35455,63884800.52,74987929.87,11103129.35,,70605.79736,0,10526160.38,4556518.4,40,293
430,1,45.06,49.35,97986,151418,26525,17684,5106,41960,5198,35452,64040285.34,74987929.87,10947644.52,,70605.79736,0,10526160.38,4556518.4,40,293
431,1,45.06,49.35,91666,155199,26511,17686,4967,40847,5217,35438,64208350.7,74987929.87,10779579.17,,74799.30629,0,10526160.38,4556518.4,40,293
432,1,45.06,49.35,84612,159622,26482,17696,4839,39837,5216,35424,64355448.51,74987929.87,10632481.36,,53831.76162,0,10526160.38,4556518.4,40,293
433,1,45.06,49.35,81197,160308,26566,17709,34210,38876,5172,35413,64536083.64,74987929.87,10451846.23,,71289.65189,0,10526160.38,4556518.4,40,293
434,1,45.06,49.35,80231,158546,26747,17728,33188,37998,5122,35399,64637736.7,74987929.87,10350193.16,,17541.77264,0,10526160.38,4556518.4,40,293
435,1,45.06,49.35,79312,156607,27074,17732,27770,41520,5067,35391,64696770.82,74987929.87,10291159.04,,20283.69014,0,10526160.38,4556518.4,40,293
436,1,45.06,49.35,78408,154974,27170,17755,26889,40571,5022,35382,64843291.81,74987929.87,10144638.05,,65835.47022,0,10526160.38,4556518.4,40,293
437,1,45.06,49.35,89035,153417,27196,17786,26080,39558,4982,35375,64998776.64,74987929.87,9989153.226,,66412.28842,0,10526160.38,4556518.4,40,293
438,1,45.06,49.35,99488,152040,27103,17792,25306,38618,4933,35370,65155713.06,74987929.87,9832216.809,,67863.87986,0,10526160.38,4556518.4,40,293
439,1,45.06,49.35,109757,150635,27036,17799,24544,37713,4869,35372,65304262.46,74987929.87,9683667.409,,46896.33518,0,10526160.38,4556518.4,40,293
440,1,45.06,49.35,108497,149249,26957,17819,23828,36828,4826,35360,65463363.97,74987929.87,9524565.892,,71289.65189,0,10526160.38,4556518.4,40,293
441,1,45.06,49.35,106340,148701,26952,17824,23127,35939,4788,35355,65523081.95,74987929.87,9464847.917,,19706.87194,0,10526160.38,4556518.4,40,293
442,1,45.06,49.35,99107,153302,26970,17854,22473,34669,5170,35346,65632438.18,74987929.87,9355491.689,,20283.69014,0,10526160.38,4556518.4,40,293
443,1,45.06,49.35,92683,157087,26968,17850,21816,33507,5422,35340,65796310.02,74987929.87,9191619.845,,66412.28842,0,10526160.38,4556518.4,40,293
444,1,45.06,49.35,85442,161784,26923,17868,21177,32528,5589,35333,65960181.86,74987929.87,9027748.002,,66412.28842,0,10526160.38,4556518.4,40,293
445,1,45.06,49.35,82036,162473,27047,17884,27150,31788,5579,35326,66140817,74987929.87,8847112.869,,67863.87986,0,10526160.38,4556518.4,40,293
446,1,45.06,49.35,81054,160699,27208,17919,26361,31046,5524,35318,66272592.36,74987929.87,8715337.505,,46896.33518,0,10526160.38,4556518.4,40,293
447,1,45.06,49.35,80157,158834,27484,17937,6154,49778,5481,35309,66383400.18,74987929.87,8604529.686,,71289.65189,0,10526160.38,4556518.4,40,293
448,1,45.06,49.35,79293,157076,27658,17942,5958,48580,5424,35299,66476666.23,74987929.87,8511263.64,,13348.26371,0,10526160.38,4556518.4,40,293
449,1,45.06,49.35,89606,155477,27681,17968,5807,47378,5376,35285,66577635.44,74987929.87,8410294.43,,16090.1812,0,10526160.38,4556518.4,40,293
450,1,45.06,49.35,100244,153997,27536,18012,5637,46153,5323,35277,66721991.33,74987929.87,8265938.539,,59476.86199,0,10526160.38,4556518.4,40,293
451,1,45.06,49.35,110754,152512,27462,18029,5498,45001,5266,35267,66878927.74,74987929.87,8109002.122,,59476.86199,0,10526160.38,4556518.4,40,293
452,1,45.06,49.35,109429,151066,27409,18044,5329,43912,5215,35258,67029642.24,74987929.87,7958287.623,,70028.97916,0,10526160.38,4556518.4,40,293
453,1,45.06,49.35,107211,150546,27366,18074,5191,42811,5162,35253,67118030.93,74987929.87,7869898.94,,49638.25268,0,10526160.38,4556518.4,40,293
454,1,45.06,49.35,99634,155374,27360,18099,5040,41759,5197,35240,67281902.77,74987929.87,7706027.096,,71289.65189,0,10526160.38,4556518.4,40,293
455,1,45.06,49.35,93340,158995,27320,18115,4883,40682,5214,35231,67391942.85,74987929.87,7595987.013,,16090.1812,0,10526160.38,4556518.4,40,293
456,1,45.06,49.35,86207,163537,27304,18114,4747,39709,5219,35226,67505492.59,74987929.87,7482437.277,,16090.1812,0,10526160.38,4556518.4,40,293
457,1,45.06,49.35,82749,164375,27346,18148,34028,38810,5179,35220,67681934.21,74987929.87,7305995.653,,63670.37092,0,10526160.38,4556518.4,40,293
458,1,45.06,49.35,81774,162589,27475,18156,33030,37913,5121,35211,67830483.61,74987929.87,7157446.254,,63670.37092,0,10526160.38,4556518.4,40,293
459,1,45.06,49.35,80853,160665,27778,18173,27680,41434,5070,35203,67945484.94,74987929.87,7042444.926,,72057.38879,0,10526160.38,4556518.4,40,293
460,1,45.06,49.35,79973,158980,27947,18180,26908,40437,5024,35195,68083618.91,74987929.87,6904310.954,,53254.94342,0,10526160.38,4556518.4,40,293
461,1,45.06,49.35,90477,157329,27967,18213,26091,39458,4968,35198,68247490.76,74987929.87,6740439.11,,71289.65189,0,10526160.38,4556518.4,40,293
462,1,45.06,49.35,100759,155852,27819,18255,25296,38559,4911,35200,68349143.82,74987929.87,6638786.045,,16090.1812,0,10526160.38,4556518.4,40,293
463,1,45.06,49.35,111441,154451,27733,18278,24551,37619,4862,35191,68466887.07,74987929.87,6521042.799,,16090.1812,0,10526160.38,4556518.4,40,293
464,1,45.06,49.35,110171,153071,27663,18292,23832,36764,4814,35183,68613408.06,74987929.87,6374521.81,,65835.47022,0,10526160.38,4556518.4,40,293
465,1,45.06,49.35,107925,152520,27630,18320,23152,35951,4772,35177,68718570.77,74987929.87,6269359.091,,66412.28842,0,10526160.38,4556518.4,40,293
466,1,45.06,49.35,100166,157461,27641,18331,22510,34678,5184,35166,68878249.11,74987929.87,6109680.756,,74799.30629,0,10526160.38,4556518.4,40,293
467,1,45.06,49.35,93796,161143,27623,18374,21889,33591,5438,35162,69025346.92,74987929.87,5962582.947,,53831.76162,0,10526160.38,4556518.4,40,293
468,1,45.06,49.35,86601,165678,27603,18376,21316,32569,5640,35152,69193412.27,74987929.87,5794517.595,,71289.65189,0,10526160.38,4556518.4,40,293
469,1,45.06,49.35,83083,166355,27738,18378,27235,31789,5629,35147,69318764.05,74987929.87,5669165.815,,20283.69014,0,10526160.38,4556518.4,40,293
470,1,45.06,49.35,82159,164638,27896,18410,26464,31073,5580,35136,69423926.77,74987929.87,5564003.097,,20283.69014,0,10526160.38,4556518.4,40,293
471,1,45.06,49.35,81206,162663,28223,18432,6157,49965,5526,35131,69534734.59,74987929.87,5453195.277,,67863.87986,0,10526160.38,4556518.4,40,293
472,1,45.06,49.35,80277,160925,28390,18437,5971,48755,5470,35121,69689642.6,74987929.87,5298287.27,,70028.97916,0,10526160.38,4556518.4,40,293
473,1,45.06,49.35,90962,159233,28469,18441,5780,47564,5401,35119,69857707.95,74987929.87,5130221.917,,74799.30629,0,10526160.38,4556518.4,40,293
474,1,45.06,49.35,101465,157795,28340,18459,5613,46470,5352,35110,70002063.84,74987929.87,4985866.026,,51089.84412,0,10526160.38,4556518.4,40,293
475,1,45.06,49.35,111852,156385,28279,18460,5459,45340,5298,35101,70179967.8,74987929.87,4807962.064,,71289.65189,0,10526160.38,4556518.4,40,293
476,1,45.06,49.35,110618,154923,28209,18461,5285,44244,5247,35090,70281620.87,74987929.87,4706308.999,,17541.77264,0,10526160.38,4556518.4,40,293
477,1,45.06,49.35,108435,154329,28229,18465,5125,43219,5202,35078,70340654.99,74987929.87,4647274.879,,20283.69014,0,10526160.38,4556518.4,40,293
478,1,45.06,49.35,100786,159289,28254,18484,4984,42094,5242,35065,70487752.79,74987929.87,4500177.071,,66412.28842,0,10526160.38,4556518.4,40,293
479,1,45.06,49.35,94328,163023,28263,18490,4863,41119,5257,35059,70643237.62,74987929.87,4344692.245,,66412.28842,0,10526160.38,4556518.4,40,293
480,1,45.06,49.35,87034,167711,28255,18504,4740,40045,5260,35051,70802915.96,74987929.87,4185013.91,,70605.79736,0,10526160.38,4556518.4,40,293
481,1,45.06,49.35,83650,168382,28386,18500,33948,39034,5224,35047,70954196.53,74987929.87,4033733.34,,46896.33518,0,10526160.38,4556518.4,40,293
482,1,45.06,49.35,82675,166585,28543,18516,32906,38109,5151,35073,71111132.94,74987929.87,3876796.923,,71289.65189,0,10526160.38,4556518.4,40,293
483,1,45.06,49.35,81702,164677,28857,18533,27572,41559,5111,35064,71170850.92,74987929.87,3817078.947,,17541.77264,0,10526160.38,4556518.4,40,293
484,1,45.06,49.35,80758,162876,28997,18537,26768,40647,5058,35057,71280207.15,74987929.87,3707722.72,,20283.69014,0,10526160.38,4556518.4,40,293
485,1,45.06,49.35,91589,161215,29050,18548,25952,39679,4997,35047,71444078.99,74987929.87,3543850.876,,66412.28842,0,10526160.38,4556518.4,40,293
486,1,45.06,49.35,102250,159733,28938,18549,25224,38839,4959,35037,71605208.92,74987929.87,3382720.949,,63670.37092,0,10526160.38,4556518.4,40,293
487,1,45.06,49.35,112628,158251,28863,18573,24554,37984,4917,35028,71783112.88,74987929.87,3204816.987,,67863.87986,0,10526160.38,4556518.4,40,293
488,1,45.06,49.35,111289,156747,28795,18586,23874,37092,4864,35019,71917053.34,74987929.87,3070876.524,,49061.43448,0,10526160.38,4556518.4,40,293
489,1,45.06,49.35,109091,156172,28751,18606,23149,36227,4814,35007,72030603.08,74987929.87,2957326.787,,71289.65189,0,10526160.38,4556518.4,40,293
490,1,45.06,49.35,101387,161017,28800,18612,22455,35034,5174,35001,72123869.12,74987929.87,2864060.741,,16090.1812,0,10526160.38,4556518.4,40,293
491,1,45.06,49.35,94822,164820,28774,18650,21873,33973,5392,34991,72224636.56,79244429.85,7019793.287,,16090.1812,0,12028454.5,4556518.4,40,329
492,1,45.06,49.35,87414,169518,28749,18673,21268,32975,5565,34983,72371129.06,81749505.89,9378376.83,,62218.77949,0,12912598.98,4556518.4,40,358
493,1,45.06,49.35,83917,170253,28890,18688,27181,32228,5561,34976,72681939.84,87642864.33,14960924.49,,59476.86199,0,13253723.03,4784344.32,42,381
494,1,45.06,49.35,82845,168311,29291,18709,26159,31233,5951,34996,73698030.65,92516368.07,18818337.42,,67863.87986,0,13253723.03,5239996.16,46,381
495,1,45.06,49.35,81484,166208,30063,18747,5943,49862,6008,34990,75339843.43,92516368.07,17176524.64,,46896.33518,0,13253723.03,5239996.16,46,381
496,1,45.06,49.35,80470,164397,30351,18771,5759,48580,5993,34988,75452050.21,93368555.22,17916505.01,,71289.65189,0,13554494.97,5239996.16,46,381
497,1,45.06,49.35,91001,162797,30348,18810,5605,47370,5926,34969,75894086.67,94571737.65,18677650.98,,15513.36301,0,13554494.97,5353909.12,47,381
498,1,45.06,49.35,101344,160977,30976,18882,5250,45561,6613,35057,76389293.6,95972721.92,19583428.32,,16090.1812,0,13832390.7,5467822.08,48,387
499,1,45.06,49.35,111758,159443,31062,18934,5073,44397,6612,35060,76863704.82,96544996.67,19681291.85,,59476.86199,0,13832390.7,5581735.04,49,387
500,1,45.06,49.35,110284,158024,31137,18955,4913,43320,6606,35059,77170995.08,96544996.67,19374001.59,,61641.96129,0,13832390.7,5581735.04,49,387
501,1,45.06,49.35,107965,157494,31152,18979,4788,42290,6552,35052,77326379.02,96544996.67,19218617.65,,70605.79736,0,13832390.7,5581735.04,49,387
502,1,45.06,49.35,100317,162274,31213,18979,4658,41153,6589,35042,77418860.33,96544996.67,19126136.34,,49638.25268,0,13832390.7,5581735.04,49,387
503,1,45.06,49.35,93988,165897,31160,19012,4506,40077,6615,35035,77565857.25,96544996.67,18979139.42,,71289.65189,0,13832390.7,5581735.04,49,387
504,1,45.06,49.35,86862,170449,31142,19044,4384,39024,6636,35028,77667409.43,96544996.67,18877587.24,,16090.1812,0,13832390.7,5581735.04,49,387
505,1,45.06,49.35,83292,171183,31257,19063,33510,38096,6595,35017,77775202.43,96544996.67,18769794.23,,16090.1812,0,13832390.7,5581735.04,49,387
506,1,45.06,49.35,82292,169305,31447,19098,32517,37254,6538,35014,77940424.98,96544996.67,18604571.68,,63670.37092,0,13832390.7,5581735.04,49,387
507,1,45.06,49.35,81367,167250,31743,19098,27533,40460,6490,35010,78096201.44,97064989.47,18968788.02,,63670.37092,0,13832390.7,5695648,50,387
508,1,45.06,49.35,80460,165418,31900,19126,26719,39514,6434,35000,78362953.73,97064989.47,18702035.74,,74222.48809,0,13832390.7,5695648,50,387
509,1,45.06,49.35,91125,163750,31928,19172,25918,38563,6391,34993,78481442.98,97064989.47,18583546.49,,53831.76162,0,13832390.7,5695648,50,387
510,1,45.06,49.35,101681,162210,31789,19203,25165,37654,6340,34990,78634185.89,97064989.47,18430803.58,,71289.65189,0,13832390.7,5695648,50,387
511,1,45.06,49.35,112490,160643,31692,19225,24486,36772,6243,35034,78735838.95,97064989.47,18329150.51,,13348.26371,0,13832390.7,5695648,50,387
512,1,45.06,49.35,111216,159131,31592,19283,23753,35880,6185,35026,78853582.2,97064989.47,18211407.27,,16090.1812,0,13832390.7,5695648,50,387
513,1,45.06,49.35,109011,158549,31557,19310,23065,35060,6133,35020,79000680.01,97064989.47,18064309.46,,66412.28842,0,13832390.7,5695648,50,387
514,1,45.06,49.35,101370,163513,31536,19333,22409,33795,6526,35016,79131003.78,97064989.47,17933985.69,,66412.28842,0,13832390.7,5695648,50,387
515,1,45.06,49.35,95005,167107,31532,19347,21736,32723,6773,35025,79273908.08,97064989.47,17791081.39,,74799.30629,0,13832390.7,5695648,50,387
516,1,45.06,49.35,87782,171499,31501,19381,21111,31732,6961,35018,79412618.87,97064989.47,17652370.6,,53831.76162,0,13832390.7,5695648,50,387
517,1,45.06,49.35,84279,172090,31623,19397,26980,30993,6938,35025,79576479.97,97064989.47,17488509.5,,71289.65189,0,13832390.7,5695648,50,387
518,1,45.06,49.35,83303,170147,31814,19413,26235,30269,6881,35020,79690713.56,97064989.47,17374275.91,,13348.26371,0,13832390.7,5695648,50,387
519,1,45.06,49.35,82368,168149,32176,19419,6144,48912,6826,35014,79787489.26,97064989.47,17277500.21,,16090.1812,0,13832390.7,5695648,50,387
520,1,45.06,49.35,81411,166254,32351,19435,5976,47666,6770,35005,79917236.21,97064989.47,17147753.26,,65835.47022,0,13832390.7,5695648,50,387
521,1,45.06,49.35,92268,164418,32520,19442,5786,46489,6710,34996,80047559.98,97064989.47,17017429.48,,66412.28842,0,13832390.7,5695648,50,387
522,1,45.06,49.35,102971,162828,32451,19451,5650,45345,6655,34988,80204496.4,97064989.47,16860493.07,,72057.38879,0,13832390.7,5695648,50,387
523,1,45.06,49.35,113524,161365,32395,19452,5476,44234,6598,34984,80348852.29,97064989.47,16716137.18,,51089.84412,0,13832390.7,5695648,50,387
524,1,45.06,49.35,112230,159824,32355,19463,5312,43152,6558,34976,80528921.35,97064989.47,16536068.11,,71289.65189,0,13832390.7,5695648,50,387
525,1,45.06,49.35,109985,159217,32342,19465,5193,42125,6503,34970,80630574.42,97064989.47,16434415.05,,19706.87194,0,13832390.7,5695648,50,387
526,1,45.06,49.35,102259,164160,32327,19477,5050,41018,6513,34973,80723156.61,97064989.47,16341832.86,,20283.69014,0,13832390.7,5695648,50,387
527,1,45.06,49.35,95714,167905,32307,19474,4904,39963,6499,34974,80861867.4,97064989.47,16203122.07,,66412.28842,0,13832390.7,5695648,50,387
528,1,45.06,49.35,88401,172516,32282,19487,4773,38970,6485,34981,81017352.23,97064989.47,16047637.24,,66412.28842,0,13832390.7,5695648,50,387
529,1,45.06,49.35,84947,173159,32395,19488,33988,38024,6449,34983,81185406.83,97064989.47,15879582.64,,67863.87986,0,13832390.7,5695648,50,387
530,1,45.06,49.35,83933,171208,32613,19500,33025,37149,6389,34981,81338149.74,97064989.47,15726839.73,,46896.33518,0,13832390.7,5695648,50,387
531,1,45.06,49.35,82955,169198,32946,19522,27641,40640,6325,34975,81495086.16,97064989.47,15569903.31,,71289.65189,0,13832390.7,5695648,50,387
532,1,45.06,49.35,82036,167322,33088,19539,26832,39688,6272,34977,81579965.19,97064989.47,15485024.28,,17541.77264,0,13832390.7,5695648,50,387
533,1,45.06,49.35,92902,165575,33140,19558,26108,38742,6207,34984,81672547.38,97064989.47,15392442.09,,20283.69014,0,13832390.7,5695648,50,387
534,1,45.06,49.35,103664,164066,33002,19567,25355,37840,6157,34981,81825290.29,97064989.47,15239699.18,,63670.37092,0,13832390.7,5695648,50,387
535,1,45.06,49.35,114256,162572,32916,19612,24628,36974,6085,34975,81986420.21,97064989.47,15078569.25,,63670.37092,0,13832390.7,5695648,50,387
536,1,45.06,49.35,112943,161095,32848,19629,23920,36091,6038,34970,82166489.28,97064989.47,14898500.19,,70028.97916,0,13832390.7,5695648,50,387
537,1,45.06,49.35,110676,160499,32827,19645,23241,35315,5933,35027,82301006.56,97064989.47,14763982.91,,49638.25268,0,13832390.7,5695648,50,387
538,1,45.06,49.35,102995,165221,32865,19660,22579,34047,6370,35019,82448104.36,97064989.47,14616885.1,,71289.65189,0,13832390.7,5695648,50,387
539,1,45.06,49.35,96395,168975,32840,19701,21954,32915,6642,35008,82532983.39,97064989.47,14532006.07,,16090.1812,0,13832390.7,5695648,50,387
540,1,45.06,49.35,88887,173672,32866,19718,21332,31901,6853,35007,82633952.6,97064989.47,14431036.86,,16090.1812,0,13832390.7,5695648,50,387
541,1,45.06,49.35,85334,174284,33025,19732,27247,31120,6842,35004,82789426.68,97064989.47,14275562.79,,59476.86199,0,13832390.7,5695648,50,387
542,1,45.06,49.35,84322,172238,33284,19740,26469,30366,6784,35000,82950556.61,97064989.47,14114432.86,,59476.86199,0,13832390.7,5695648,50,387
543,1,45.06,49.35,83343,170124,33651,19762,6167,49218,6722,34994,83099106.01,97064989.47,13965883.46,,67863.87986,0,13832390.7,5695648,50,387
544,1,45.06,49.35,82353,168213,33877,19779,5968,48002,6660,34991,83212078.93,97064989.47,13852910.54,,49061.43448,0,13832390.7,5695648,50,387
545,1,45.06,49.35,93065,166465,33974,19792,5802,46823,6612,34987,83359176.73,97064989.47,13705812.73,,71289.65189,0,13832390.7,5695648,50,387
546,1,45.06,49.35,104026,164962,33823,19801,5645,45675,6553,34986,83460829.8,97064989.47,13604159.67,,16090.1812,0,13832390.7,5695648,50,387
547,1,45.06,49.35,114730,163341,33770,19825,5467,44561,6500,34981,83570186.03,97064989.47,13494803.44,,16090.1812,0,13832390.7,5695648,50,387
548,1,45.06,49.35,113432,161852,33689,19848,5313,43474,6416,34978,83737674.56,97064989.47,13327314.91,,61641.96129,0,13832390.7,5695648,50,387
549,1,45.06,49.35,111160,161285,33632,19854,5150,42399,6365,34970,83880578.86,97064989.47,13184410.61,,62218.77949,0,13832390.7,5695648,50,387
550,1,45.06,49.35,103250,166238,33682,19850,5011,41274,6402,34974,84015096.14,97064989.47,13049893.33,,70605.79736,0,13832390.7,5695648,50,387
551,1,45.06,49.35,96691,169898,33647,19882,4866,40223,6405,34975,84128645.88,97064989.47,12936343.59,,49638.25268,0,13832390.7,5695648,50,387
552,1,45.06,49.35,89165,174671,33605,19912,4723,39235,6404,34985,84284130.7,97064989.47,12780858.76,,71289.65189,0,13832390.7,5695648,50,387
553,1,45.06,49.35,85534,175407,33701,19934,33993,38345,6360,34994,84388514.94,97064989.47,12676474.53,,16090.1812,0,13832390.7,5695648,50,387
554,1,45.06,49.35,84529,173414,33929,19923,32969,37463,6300,34996,84506258.19,97064989.47,12558731.28,,16090.1812,0,13832390.7,5695648,50,387
555,1,45.06,49.35,83541,171374,34260,19955,27704,40968,6173,35065,84650614.08,97064989.47,12414375.39,,63670.37092,0,13832390.7,5695648,50,387
556,1,45.06,49.35,82601,169497,34433,19969,26890,39914,6123,35065,84780361.03,97064989.47,12284628.44,,65835.47022,0,13832390.7,5695648,50,387
557,1,45.06,49.35,93479,167739,34483,19986,26122,38976,6060,35060,84923265.33,97064989.47,12141724.14,,74799.30629,0,13832390.7,5695648,50,387
558,1,45.06,49.35,104167,166212,34345,20006,25383,38081,5996,35060,85059234.2,97064989.47,12005755.27,,51089.84412,0,13832390.7,5695648,50,387
559,1,45.06,49.35,115103,164666,34245,20002,24654,37210,5941,35061,85220364.13,97064989.47,11844625.34,,71289.65189,0,13832390.7,5695648,50,387
560,1,45.06,49.35,113807,163146,34165,20025,23984,36380,5909,35053,85334597.72,97064989.47,11730391.75,,13348.26371,0,13832390.7,5695648,50,387
561,1,45.06,49.35,111508,162534,34111,20035,23321,35538,5857,35047,85431373.42,97064989.47,11633616.05,,16090.1812,0,13832390.7,5695648,50,387
562,1,45.06,49.35,103516,167538,34149,20042,22645,34315,6257,35040,85561697.19,97064989.47,11503292.27,,66412.28842,0,13832390.7,5695648,50,387
563,1,45.06,49.35,96900,171212,34180,20067,21995,33225,6528,35038,85692020.97,97064989.47,11372968.5,,66412.28842,0,13832390.7,5695648,50,387
564,1,45.06,49.35,89501,175797,34146,20083,21410,32216,6711,35038,85851699.3,97064989.47,11213290.17,,74799.30629,0,13832390.7,5695648,50,387
565,1,45.06,49.35,85957,176371,34291,20106,27392,31425,6690,35038,85998786.36,97064989.47,11066203.11,,51089.84412,0,13832390.7,5695648,50,387
566,1,45.06,49.35,84979,174410,34517,20119,26642,30709,6642,35034,86176690.32,97064989.47,10888299.14,,71289.65189,0,13832390.7,5695648,50,387
567,1,45.06,49.35,83975,172334,34866,20107,6218,49726,6584,35032,86278343.39,97064989.47,10786646.08,,17541.77264,0,13832390.7,5695648,50,387
568,1,45.06,49.35,82963,170484,35018,20118,6050,48481,6527,35026,86370925.58,97064989.47,10694063.89,,20283.69014,0,13832390.7,5695648,50,387
569,1,45.06,49.35,93844,168725,35045,20149,5871,47343,6455,35026,86509636.37,97064989.47,10555353.1,,66412.28842,0,13832390.7,5695648,50,387
570,1,45.06,49.35,104637,167208,34897,20162,5721,46188,6399,35019,86662379.28,97064989.47,10402610.19,,63670.37092,0,13832390.7,5695648,50,387
571,1,45.06,49.35,115344,165622,34832,20159,5562,45075,6348,35016,86827702.71,97064989.47,10237286.75,,67863.87986,0,13832390.7,5695648,50,387
572,1,45.06,49.35,114015,164117,34758,20154,5400,44010,6296,35013,86982610.72,97064989.47,10082378.75,,49061.43448,0,13832390.7,5695648,50,387
573,1,45.06,49.35,111691,163509,34724,20159,5231,42957,6235,35008,87142289.06,97064989.47,9922700.41,,71289.65189,0,13832390.7,5695648,50,387
574,1,45.06,49.35,103670,168611,34721,20187,5072,41860,6239,35007,87227168.09,97064989.47,9837821.382,,20283.69014,0,13832390.7,5695648,50,387
575,1,45.06,49.35,96863,172555,34693,20185,4929,40818,6236,35004,87319750.28,97064989.47,9745239.19,,20283.69014,0,13832390.7,5695648,50,387
576,1,45.06,49.35,89503,177175,34648,20220,4808,39773,6202,35027,87475235.1,97064989.47,9589754.364,,66412.28842,0,13832390.7,5695648,50,387
577,1,45.06,49.35,85947,177802,34732,20235,34173,38814,6129,35044,87639096.2,97064989.47,9425893.267,,63670.37092,0,13832390.7,5695648,50,387
578,1,45.06,49.35,84956,175828,34927,20252,33152,37924,6079,35043,87817000.16,97064989.47,9247989.305,,67863.87986,0,13832390.7,5695648,50,387
579,1,45.06,49.35,83975,173730,35341,20244,27793,41491,6032,35037,87948775.53,97064989.47,9116213.941,,46896.33518,0,13832390.7,5695648,50,387
580,1,45.06,49.35,82997,171810,35534,20249,26977,40480,5972,35040,88095296.52,97064989.47,8969692.951,,71289.65189,0,13832390.7,5695648,50,387
581,1,45.06,49.35,94023,170100,35545,20280,26183,39501,5909,35041,88180175.55,97064989.47,8884813.922,,15513.36301,0,13832390.7,5695648,50,387
582,1,45.06,49.35,104957,168594,35396,20303,25406,38567,5867,35042,88281144.75,97064989.47,8783844.712,,16090.1812,0,13832390.7,5695648,50,387
583,1,45.06,49.35,115715,167085,35293,20319,24706,37697,5826,35035,88433887.66,97064989.47,8631101.804,,59476.86199,0,13832390.7,5695648,50,387
584,1,45.06,49.35,114372,165533,35193,20321,23979,36826,5771,35031,88597182.69,97064989.47,8467806.778,,61641.96129,0,13832390.7,5695648,50,387
585,1,45.06,49.35,112040,164947,35120,20362,23259,35995,5726,35024,88748474.01,97064989.47,8316515.461,,70605.79736,0,13832390.7,5695648,50,387
586,1,45.06,49.35,104178,169901,35141,20379,22582,34718,6138,35019,88862023.74,97064989.47,8202965.724,,49638.25268,0,13832390.7,5695648,50,387
587,1,45.06,49.35,97401,173824,35134,20378,21940,33606,6380,35012,89009121.55,97064989.47,8055867.916,,71289.65189,0,13832390.7,5695648,50,387
588,1,45.06,49.35,89767,178695,35094,20368,21323,32621,6556,35007,89110774.62,97064989.47,7954214.852,,16090.1812,0,13832390.7,5695648,50,387
589,1,45.06,49.35,86195,179407,35204,20373,27321,31834,6547,35005,89222862.01,97064989.47,7842127.454,,16090.1812,0,13832390.7,5695648,50,387
590,1,45.06,49.35,85253,177382,35383,20406,26546,31105,6483,34998,89388185.45,97064989.47,7676804.019,,59476.86199,0,13832390.7,5695648,50,387
591,1,45.06,49.35,84219,175276,35754,20420,6217,50018,6415,34998,89528347.83,97064989.47,7536641.637,,59476.86199,0,13832390.7,5695648,50,387
592,1,45.06,49.35,83266,173411,35899,20424,6021,48837,6347,34999,89662288.29,97064989.47,7402701.174,,70028.97916,0,13832390.7,5695648,50,387
593,1,45.06,49.35,94009,171668,35908,20436,5860,47704,6305,34993,89775838.03,97064989.47,7289151.437,,49638.25268,0,13832390.7,5695648,50,387
594,1,45.06,49.35,104997,170084,35754,20460,5707,46556,6253,34990,89928580.94,97064989.47,7136408.528,,71289.65189,0,13832390.7,5695648,50,387
595,1,45.06,49.35,115805,168442,35647,20479,5555,45456,6198,34987,90030234,97064989.47,7034755.464,,13348.26371,0,13832390.7,5695648,50,387
596,1,45.06,49.35,114448,166922,35570,20479,5378,44373,6132,34980,90147977.25,97064989.47,6917012.218,,16090.1812,0,13832390.7,5695648,50,387
597,1,45.06,49.35,112109,166295,35507,20501,5237,43289,6083,34978,90295075.06,97064989.47,6769914.41,,66412.28842,0,13832390.7,5695648,50,387
598,1,45.06,49.35,104188,171262,35502,20539,5108,42197,5991,35123,90425398.83,97064989.47,6639590.638,,66412.28842,0,13832390.7,5695648,50,387
599,1,45.06,49.35,97500,175064,35475,20553,4982,41187,5984,35134,90568303.13,97064989.47,6496686.338,,74799.30629,0,13832390.7,5695648,50,387
600,1,45.06,49.35,89902,179757,35449,20551,4845,40186,5958,35146,90707013.92,97064989.47,6357975.548,,53831.76162,0,13832390.7,5695648,50,387
601,1,45.06,49.35,86286,180376,35553,20548,34267,39263,5905,35147,90870875.02,97064989.47,6194114.452,,71289.65189,0,13832390.7,5695648,50,387
602,1,45.06,49.35,85274,178332,35769,20542,33245,38398,5842,35147,90985108.61,97064989.47,6079880.86,,13348.26371,0,13832390.7,5695648,50,387
603,1,45.06,49.35,84284,176247,36114,20547,27795,41983,5796,35143,91081884.31,97064989.47,5983105.159,,16090.1812,0,13832390.7,5695648,50,387
604,1,45.06,49.35,83253,174409,36280,20565,26981,41037,5745,35146,91211631.26,97064989.47,5853358.205,,65835.47022,0,13832390.7,5695648,50,387
605,1,45.06,49.35,94061,172558,36343,20565,26216,40118,5695,35138,91341955.03,97064989.47,5723034.433,,66412.28842,0,13832390.7,5695648,50,387
606,1,45.06,49.35,104806,171000,36198,20586,25445,39226,5648,35140,91498891.45,97064989.47,5566098.015,,72057.38879,0,13832390.7,5695648,50,387
607,1,45.06,49.35,115789,169360,36076,20618,24728,38353,5595,35139,91643247.34,97064989.47,5421742.125,,51089.84412,0,13832390.7,5695648,50,387
608,1,45.06,49.35,114406,167737,35976,20627,23985,37499,5548,35133,91823316.4,97064989.47,5241673.063,,71289.65189,0,13832390.7,5695648,50,387
609,1,45.06,49.35,112057,167113,35955,20628,23304,36636,5492,35127,91924969.47,97064989.47,5140019.999,,19706.87194,0,13832390.7,5695648,50,387
610,1,45.06,49.35,104112,172158,35947,20631,22638,35384,5907,35121,92017551.66,97064989.47,5047437.807,,20283.69014,0,13832390.7,5695648,50,387
611,1,45.06,49.35,97467,175848,35903,20643,22005,34315,6160,35118,92156262.45,97064989.47,4908727.016,,66412.28842,0,13832390.7,5695648,50,387
612,1,45.06,49.35,89904,180511,35877,20648,21311,33341,6349,35114,92311747.28,97064989.47,4753242.19,,66412.28842,0,13832390.7,5695648,50,387
613,1,45.06,49.35,86326,181130,36027,20644,27283,32579,6338,35105,92616894.49,101580632.8,8963738.297,,67863.87986,0,15426147.17,5695648,50,414
614,1,45.06,49.35,85284,179169,36229,20654,26561,31835,6279,35095,93033831.85,103272501.3,10238669.47,,46896.33518,0,16023277.23,5695648,50,419
615,1,45.06,49.35,84267,177022,36626,20662,6229,50773,6222,35082,93542062.84,103272501.3,9730438.479,,336089.4072,0,16023277.23,5695648,50,419
616,1,45.06,49.35,83151,175053,36877,20678,6045,49591,6171,35088,93750978,108743499.3,14992521.32,,142809.3544,0,16023277.23,5923473.92,52,419
617,1,45.06,49.35,93922,173192,37116,20712,5627,47849,6875,35138,95703391.05,109878391.7,14175000.7,,3509.6544,0,16132689.22,6037386.88,53,419
618,1,45.06,49.35,104572,171603,37192,20736,5444,46705,6859,35136,96208023.15,110846943.9,14638920.76,,60222.86665,0,16474531.16,6037386.88,53,419
619,1,45.06,49.35,115224,169950,37093,20750,5280,45573,6801,35122,96729326.93,111414709.8,14685382.9,,55283.35305,0,16674919.14,6037386.88,53,419
620,1,45.06,49.35,113274,168426,37523,20831,5075,44401,6841,35142,97121159.73,112915069.4,15793909.66,,61641.96129,0,16674919.14,6265212.8,55,428
621,1,45.06,49.35,111019,167758,37456,20839,4929,43352,6785,35133,97443778.64,112915069.4,15471290.75,,49638.25268,0,16674919.14,6265212.8,55,428
622,1,45.06,49.35,102687,172879,37665,20877,4738,42205,6858,35145,97555865.77,114758968.7,17203102.89,,83870.1787,0,16674919.14,6379125.76,56,428
623,1,45.06,49.35,95265,176258,38571,21108,4421,39588,8326,35461,98277208.92,114758968.7,16481759.74,,16090.1812,0,16674919.14,6379125.76,56,428
624,1,45.06,49.35,87943,180763,38510,21137,4296,38549,8297,35482,98386262.49,114758968.7,16372706.17,,636082.9217,0,16674919.14,6379125.76,56,428
625,1,45.06,49.35,84400,181315,38625,21152,33727,37637,8233,35492,98528853.39,114758968.7,16230115.27,,67863.87986,0,16674919.14,6379125.76,56,428
626,1,45.06,49.35,83434,179267,38829,21155,32702,36771,8200,35502,98672906.62,114758968.7,16086062.03,,67863.87986,0,16674919.14,6379125.76,56,428
627,1,45.06,49.35,82505,177100,39162,21171,27788,39852,8142,35496,98858794.06,115004547.1,16145753.03,,72057.38879,0,16761593.88,6379125.76,56,428
628,1,45.06,49.35,81480,175152,39283,21203,26933,38842,7915,35658,99040186.32,115004547.1,15964360.77,,53254.94342,0,16761593.88,6379125.76,56,428
629,1,45.06,49.35,92412,173358,39333,21227,26152,37922,7855,35657,99195267.61,115004547.1,15809279.49,,71289.65189,0,16761593.88,6379125.76,56,428
630,1,45.06,49.35,103193,171849,39192,21261,25389,37045,7803,35658,99304904.15,115004547.1,15699642.95,,16090.1812,0,16761593.88,6379125.76,56,428
631,1,45.06,49.35,113767,170327,39310,21278,24657,36121,7828,35666,99397082.8,115004547.1,15607464.29,,16090.1812,0,16761593.88,6379125.76,56,428
632,1,45.06,49.35,112411,168840,39169,21320,23966,35262,7772,35663,99543200.25,115004547.1,15461346.84,,65835.47022,0,16761593.88,6379125.76,56,428
633,1,45.06,49.35,110178,168058,39199,21331,23265,34438,7693,35689,99719249.08,115004547.1,15285298.01,,66412.28842,0,16761593.88,6379125.76,56,428
634,1,45.06,49.35,102470,172899,39202,21332,22620,33219,8070,35688,99832395.28,115004547.1,15172151.82,,74799.30629,0,16761593.88,6379125.76,56,428
635,1,45.06,49.35,95865,176439,39265,21331,22022,32135,8307,35682,99962315.51,115004547.1,15042231.58,,53831.76162,0,16761593.88,6379125.76,56,428
636,1,45.06,49.35,88492,180974,39224,21356,21436,31163,8477,35681,100134170.8,115004547.1,14870376.26,,71289.6519,0,16761593.88,6379125.76,56,428
637,1,45.06,49.35,84941,181481,39424,21375,27567,30386,8457,35679,100225571,115004547.1,14778976.09,,16090.1812,0,16761593.88,6379125.76,56,428
638,1,45.06,49.35,83947,179504,39590,21394,26704,29633,8476,35686,100326136.7,115004547.1,14678410.42,,16090.1812,0,16761593.88,6379125.76,56,428
639,1,45.06,49.35,82968,177315,40063,21384,6262,48628,8405,35684,100503637.1,115004547.1,14500910,,59476.86199,0,16761593.88,6379125.76,56,428
640,1,45.06,49.35,82057,175447,40176,21414,6056,47433,8348,35683,100607819.5,115004547.1,14396727.64,,61641.96129,0,16761593.88,6379125.76,56,428
641,1,45.06,49.35,92828,173587,40318,21429,5912,46278,8290,35678,100766035.2,115452814.1,14686778.9,,70605.79736,0,16761593.88,6493038.72,57,428
642,1,45.06,49.35,103722,171966,40285,21439,5721,45171,8225,35670,101025519.7,115452814.1,14427294.38,,46896.33518,0,16761593.88,6493038.72,57,428
643,1,45.06,49.35,114511,170400,40251,21441,5562,44035,8170,35664,101169572.9,115452814.1,14283241.14,,190914.4539,0,16761593.88,6493038.72,57,428
644,1,45.06,49.35,113079,168913,40168,21437,5405,42980,8111,35660,101259088.8,115452814.1,14193725.25,,14094.26837,0,16761593.88,6493038.72,57,428
645,1,45.06,49.35,110833,168230,40149,21443,5223,41965,8060,35657,101384916.4,115452814.1,14067897.64,,11896.67227,0,16761593.88,6493038.72,57,428
646,1,45.06,49.35,103163,173024,40137,21446,5075,40890,8084,35658,101493970,115452814.1,13958844.07,,66412.28842,0,16761593.88,6493038.72,57,428
647,1,45.06,49.35,96575,176710,40081,21443,4912,39872,8068,35668,101640765.2,115452814.1,13812048.92,,66412.28842,0,16761593.88,6493038.72,57,428
648,1,45.06,49.35,89134,181299,40047,21443,4767,38864,8040,35676,101808527.9,115452814.1,13644286.22,,70605.79736,0,16761593.88,6493038.72,57,428
649,1,45.06,49.35,85580,181903,40137,21453,34844,37954,7969,35687,101938538.2,115452814.1,13514275.85,,46896.33518,0,16761593.88,6493038.72,57,428
650,1,45.06,49.35,84588,179838,40369,21461,33821,37039,7928,35722,102086785,115452814.1,13366029.11,,79676.66976,0,16761593.88,6493038.72,57,428
651,1,45.06,49.35,83647,177647,40730,21479,28446,40586,7870,35719,102213296.4,115452814.1,13239517.64,,17541.77264,0,16761593.88,6493038.72,57,428
652,1,45.06,49.35,82698,175750,40867,21476,27645,39656,7805,35722,102272027.9,115452814.1,13180786.18,,20283.69014,0,16761593.88,6493038.72,57,428
653,1,45.06,49.35,93440,173907,40980,21503,26827,38670,7747,35713,102418823.1,115452814.1,13033991.02,,70605.79736,0,16761593.88,6493038.72,57,428
654,1,45.06,49.35,104142,172370,40888,21510,26090,37794,7689,35717,102579650.3,115452814.1,12873163.75,,67863.87986,0,16761593.88,6493038.72,57,428
655,1,45.06,49.35,114941,170793,40831,21531,25364,36856,7586,35762,102723703.6,115452814.1,12729110.52,,72057.38879,0,16761593.88,6493038.72,57,428
656,1,45.06,49.35,113446,169226,40793,21536,24670,36062,7535,35772,102853147.9,115452814.1,12599666.22,,53254.94342,0,16761593.88,6493038.72,57,428
657,1,45.06,49.35,111185,168555,40746,21551,24011,35226,7483,35772,103041878.1,115452814.1,12410935.97,,71289.65189,0,16761593.88,6493038.72,57,428
658,1,45.06,49.35,103350,173366,40865,21556,23298,33991,7846,35770,103097099.9,115452814.1,12355714.16,,16090.1812,0,16761593.88,6493038.72,57,428
659,1,45.06,49.35,96754,177099,40838,21560,22629,32934,8065,35767,103197766.5,115452814.1,12255047.61,,16090.1812,0,16761593.88,6493038.72,57,428
660,1,45.06,49.35,89396,181566,40915,21560,22039,31979,8225,35759,103361335.7,115452814.1,12091478.42,,62218.77949,0,16761593.88,6493038.72,57,428
,,,,,,,,,,,,management_running_cost,ITP_running_earning,net_running_earning,,38490787.64,,investor_total_profit,total_investment_cost,Final net earning,
,,,,,,,,,,,,103361335.7,115452814.1,12091478.42,Average monthly total,58231.14621,,16761593.88,6493038.72,10268555.16,
,,,,,,,,,,,,,,,Average per community earning,3882.076414,,,,,
,,,,,,,,,,,,,,,,,,Average investor profit,1676159.388,,
,,,,,,,,,,,,,,,,,,Average investment cost,649303.872,,
,,,,,,,,,,,,,,,,,,Average net earning,1026855.516,,
,,,,,,,,,,,,,,,,,,Average % gained,1.581471419,,
,,,,,,,,,,,,,,,,,,,158.1471419,,
,,,,,,,,,,,,,,,,,,,,,
,,,,,,,,,,,,,,,,,,,,,
,,,,,,,,,,,,,,,,,,,1026855.516,,