cycle,Native,Exotic,Total
0,62360,62430,124790
1,62134,62151,124285
2,61936,61930,123866
3,61743,61677,123420
4,61536,61421,122957
5,70452,61140,131592
6,77128,60868,137996
7,79580,60635,140215
8,79154,60380,139534
9,78731,60125,138856
10,78312,59897,138209
11,77888,59644,137532
12,77485,59404,136889
13,77076,59146,136222
14,76662,58910,135572
15,76284,58690,134974
16,75905,58453,134358
17,76603,58225,134828
18,84036,58016,142052
19,90833,57803,148636
20,90264,57609,147873
21,89707,57380,147087
22,89097,57189,146286
23,88567,56979,145546
24,88064,56774,144838
25,87540,82908,170448
26,87004,81923,168927
27,86494,80961,167455
28,85997,80076,166073
29,90829,79194,170023
30,93257,78353,171610
31,100568,77539,178107
32,99871,76707,176578
33,99213,75872,175085
34,98550,75075,173625
35,97914,74337,172251
36,97270,73632,170902
37,96603,74918,171521
38,95977,74209,170186
39,95348,73453,168801
40,94681,72777,167458
41,101310,72072,173382
42,106330,71414,177744
43,109239,70752,179991
44,108424,70127,178551
45,107655,69455,177110
46,106920,68875,175795
47,106147,68276,174423
48,105440,67703,173143
49,104701,92932,197633
50,103951,91622,195573
51,103265,90248,193513
52,102547,89021,191568
53,109869,87845,197714
54,116524,86673,203197
55,121638,85507,207145
56,120709,84428,205137
57,119769,83327,203096
58,118826,82278,201104
59,117955,81303,199258
60,117003,80323,197326
61,116106,82864,198970
62,115249,81868,197117
63,114432,80898,195330
64,113577,79934,193511
65,117595,78976,196571
66,124991,78053,203044
67,131793,77141,208934
68,130734,76348,207082
69,129710,75507,205217
70,128679,74642,203321
71,127690,73873,201563
72,126644,73145,199789
73,125644,98044,223688
74,124674,96573,221247
75,123782,95091,218873
76,122861,93733,216594
77,128463,92359,220822
78,132830,91006,223836
79,140291,89687,229978
80,139138,88400,227538
81,138023,87166,225189
82,136939,86001,222940
83,135811,84874,220685
84,134723,83762,218485
85,133616,88497,222113
86,132569,87259,219828
87,131547,86073,217620
88,130540,84947,215487
89,137501,83866,221367
90,143513,82761,226274
91,148160,81691,229851
92,146881,80739,227620
93,145608,79823,225431
94,144411,78826,223237
95,143164,77889,221053
96,142057,76993,219050
97,140869,103414,244283
98,139710,101759,241469
99,138585,100155,238740
100,137472,98627,236099
101,145065,97117,242182
102,152171,95637,247808
103,158392,94238,252630
104,157019,92869,249888
105,155706,91547,247253
106,154402,90291,244693
107,153104,89015,242119
108,151791,87840,239631
109,150538,93012,243550
110,149260,91630,240890
111,148024,90339,238363
112,146751,89055,235806
113,151993,87797,239790
114,159581,86609,246190
115,166728,85377,252105
116,165289,84178,249467
117,163860,83114,246974
118,162373,82057,244430
119,160989,80988,241977
120,159649,80032,239681
121,158323,107246,265569
122,156992,105456,262448
123,155732,103715,259447
124,154393,102046,256439
125,160934,100453,261387
126,166413,98889,265302
127,174114,97304,271418
128,172559,95782,268341
129,171075,94320,265395
130,169580,92929,262509
131,168107,91603,259710
132,166644,90282,256926
133,165189,95359,260548
134,163770,93906,257676
135,162438,92536,254974
136,161053,91202,252255
137,168321,89912,258233
138,174999,88686,263685
139,180507,87444,267951
140,178891,86269,265160
141,177291,85145,262436
142,175716,84020,259736
143,174207,82959,257166
144,172763,81940,254703
145,171206,109695,280901
146,169691,107785,277476
147,168166,105985,274151
148,166758,104202,270960
149,174455,102633,277088
150,181794,100959,282753
151,188601,99389,287990
152,186943,97780,284723
153,185252,96330,281582
154,183589,94862,278451
155,181977,93373,275350
156,180433,92011,272444
157,178834,97048,275882
158,177240,95613,272853
159,175649,94208,269857
160,174142,92834,266976
161,180194,91478,271672
162,187978,90161,278139
163,195390,88928,284318
164,193657,87688,281345
165,191949,86515,278464
166,190188,85362,275550
167,188504,84231,272735
168,186892,83077,269969
169,185222,112530,297752
170,183547,110521,294068
171,181937,108583,290520
172,180371,106733,287104
173,187439,104935,292374
174,193495,103170,296665
175,201403,101488,302891
176,199583,99871,299454
177,197766,98316,296082
178,196067,96843,292910
179,194263,95311,289574
180,192556,93878,286434
181,190912,98928,289840
182,189261,97405,286666
183,187601,95840,283441
184,185944,94353,280297
185,193612,92941,286553
186,200672,91643,292315
187,206819,90344,297163
188,204919,89093,294012
189,203010,87834,290844
190,201220,86598,287818
191,199475,85367,284842
192,197740,84181,281921
193,196030,113863,309893
194,194238,111947,306185
195,192534,109980,302514
196,190865,108155,299020
197,198849,106296,305145
198,206511,104472,310983
199,213729,102728,316457
200,211863,101064,312927
201,210028,99423,309451
202,208172,97880,306052
203,206306,96384,302690
204,204496,94840,299336
205,202644,99728,302372
206,200854,98151,299005
207,199066,96571,295637
208,197355,95075,292430
209,203895,93609,297504
210,211930,92195,304125
211,219603,90846,310449
212,217634,89490,307124
213,215703,88167,303870
214,213758,86972,300730
215,211833,85770,297603
216,209922,84617,294539
217,208069,114824,322893
218,206254,112812,319066
219,204443,110819,315262
220,202619,108895,311514
221,210069,107066,317135
222,216815,105382,322197
223,224926,103597,328523
224,222873,101854,324727
225,220869,100135,321004
226,218874,98520,317394
227,216866,96967,313833
228,214894,95539,310433
229,212942,100698,313640
230,211095,99092,310187
231,209234,97560,306794
232,207355,95980,303335
233,215250,94452,309702
234,222796,93066,315862
235,229682,91663,321345
236,227578,90395,317973
237,225497,89092,314589
238,223495,87827,311322
239,221453,86583,308036
240,219469,85409,304878
241,217517,115327,332844
242,215557,113355,328912
243,213578,111390,324968
244,211653,109487,321140
245,219879,107607,327486
246,227795,105787,333582
247,235311,104069,339380
248,233086,102355,335441
249,231054,100754,331808
250,228906,99149,328055
251,226815,97577,324392
252,224852,96003,320855
253,222876,101049,323925
254,220888,99391,320279
255,218878,97854,316732
256,217042,96374,313416
257,224251,94922,319173
258,232521,93401,325922
259,240445,92018,332463
260,238223,90709,328932
261,235988,89398,325386
262,233839,88130,321969
263,231646,86923,318569
264,229595,85705,315300
265,227562,115347,342909
266,225572,113222,338794
267,223543,111280,334823
268,221606,109422,331028
269,229244,107554,336798
270,236483,105735,342218
271,244774,103980,348754
272,242585,102300,344885
273,240409,100583,340992
274,238314,98982,337296
275,236144,97383,333527
276,233994,95859,329853
277,231835,101051,332886
278,229795,99373,329168
279,227734,97813,325547
280,225778,96314,322092
281,233960,94872,328832
282,241666,93435,335101
283,249064,91961,341025
284,246836,90606,337442
285,244470,89302,333772
286,242259,88019,330278
287,240120,86802,326922
288,237943,85592,323535
289,235702,114953,350655
290,233502,112964,346466
291,231432,111030,342462
292,229396,109065,338461
293,237881,107238,345119
294,246078,105426,351504
295,253960,103670,357630
296,251582,102022,353604
297,249370,100367,349737
298,247117,98683,345800
299,244853,97126,341979
300,242668,95576,338244
301,240462,100736,341198
302,238349,99089,337438
303,236254,97524,333778
304,234189,96013,330202
305,241860,94537,336397
306,250359,93093,343452
307,258498,91700,350198
308,256222,90403,346625
309,253829,89070,342899
310,251539,87776,339315
311,249196,86520,335716
312,246936,85339,332275
313,244703,114378,359081
314,242492,112380,354872
315,240168,110357,350525
316,237985,108481,346466
317,246035,106578,352613
318,253735,104727,358462
319,262158,102931,365089
320,259727,101279,361006
321,257321,99639,356960
322,254989,98072,353061
323,252652,96563,349215
324,250391,95103,345494
325,248202,100107,348309
326,246053,98450,344503
327,243921,96885,340806
328,241746,95465,337211
329,250030,94035,344065
330,258098,92624,350722
331,265857,91212,357069
332,263438,89929,353367
333,261159,88641,349800
334,258848,87293,346141
335,256549,86035,342584
336,254240,84791,339031
337,251986,113703,365689
338,249692,111772,361464
339,247479,109773,357252
340,245220,107897,353117
341,253820,106069,359889
342,262125,104332,366457
343,270345,102599,372944
344,267857,100883,368740
345,265398,99244,364642
346,263049,97654,360703
347,260656,96121,356777
348,258318,94683,353001
349,256029,99579,355608
350,253750,98029,351779
351,251518,96486,348004
352,249217,95000,344217
353,257258,93549,350807
354,265922,92163,358085
355,274290,90748,365038
356,271754,89396,361150
357,269288,88175,357463
358,266821,86871,353692
359,264381,85653,350034
360,262077,84484,346561
361,259786,113196,372982
362,257501,111187,368688
363,255215,109253,364468
364,252920,107367,360287
365,261283,105563,366846
366,269368,103787,373155
367,278091,102134,380225
368,275491,100422,375913
369,273029,98801,371830
370,270503,97245,367748
371,268062,95667,363729
372,265705,94172,359877
373,263316,98957,362273
374,260972,97373,358345
375,258651,95907,354558
376,256322,94463,350785
377,264924,93086,358010
378,273334,91672,365006
379,281483,90347,371830
380,278921,89056,367977
381,276355,87792,364147
382,273949,86577,360526
383,271440,85328,356768
384,268864,84212,353076
385,266521,112741,379262
386,264068,110745,374813
387,261740,108770,370510
388,259385,106895,366280
389,268324,105052,373376
390,276887,103311,380198
391,285402,101594,386996
392,282703,99917,382620
393,280171,98343,378514
394,277587,96730,374317
395,275073,95213,370286
396,272536,93759,366295
397,270101,98465,368566
398,267805,96885,364690
399,265423,95398,360821
400,262972,93865,356837
401,271297,92431,363728
402,280152,91136,371288
403,288722,89824,378546
404,286096,88491,374587
405,283469,87263,370732
406,280897,85989,366886
407,278317,84803,363120
408,275744,83638,359382
409,273251,112007,385258
410,270748,109967,380715
411,268335,108110,376445
412,265996,106265,372261
413,274608,104467,379075
414,283002,102789,385791
415,291835,101172,393007
416,289178,99497,388675
417,286579,97889,384468
418,283926,96329,380255
419,281304,94831,376135
420,278781,93414,372195
421,276340,98053,374393
422,273779,96444,370223
423,271282,95012,366294
424,268875,93531,362406
425,277615,92114,369729
426,286321,90708,377029
427,294729,89381,384110
428,292026,88049,380075
429,289454,86788,376242
430,286873,85561,372434
431,284240,84338,368578
432,281716,83186,364902
433,279191,111470,390661
434,276738,109513,386251
435,274285,107598,381883
436,271833,105803,377636
437,280833,104000,384833
438,289648,102297,391945
439,298307,100584,398891
440,295545,98947,394492
441,292840,97310,390150
442,290141,95791,385932
443,287555,94256,381811
444,284973,92838,377811
445,282377,97459,379836
446,279865,95919,375784
447,277435,94456,371891
448,275031,93037,368068
449,283598,91584,375182
450,292612,90238,382850
451,301334,88967,390301
452,298622,87692,386314
453,295841,86442,382283
454,293145,85191,378336
455,290507,84026,374533
456,287896,82916,370812
457,285275,111165,396440
458,282721,109261,391982
459,280236,107359,387595
460,277702,105391,383093
461,286546,103526,390072
462,295196,101806,397002
463,304196,100129,404325
464,301429,98596,400025
465,298645,97014,395659
466,295929,95518,391447
467,293228,94028,387256
468,290591,92624,383215
469,288052,97227,385279
470,285494,95778,381272
471,282914,94312,377226
472,280432,92855,373287
473,289395,91458,380853
474,298202,90121,388323
475,306857,88824,395681
476,304050,87535,391585
477,301276,86260,387536
478,298531,85060,383591
479,295849,83864,379713
480,293225,82697,375922
481,290618,110871,401489
482,288025,108931,396956
483,285419,107083,392502
484,282917,105210,388127
485,291901,103405,395306
486,300840,101688,402528
487,309640,100063,409703
488,306779,98402,405181
489,304015,96885,400900
490,301379,95358,396737
491,298627,93920,392547
492,295980,92495,388475
493,293310,96947,390257
494,290798,95481,386279
495,288219,93957,382176
496,285702,92596,378298
497,294409,91201,385610
498,303492,89851,393343
499,312353,88514,400867
500,309521,87234,396755
501,306745,86011,392756
502,303965,84801,388766
503,301255,83589,384844
504,298569,82468,381037
505,295892,110588,406480
506,293334,108660,401994
507,290869,106760,397629
508,288386,104922,393308
509,297299,103159,400458
510,305989,101421,407410
511,314963,99744,414707
512,312094,98182,410276
513,309324,96626,405950
514,306477,95145,401622
515,303704,93668,397372
516,300961,92205,393166
517,298186,96640,394826
518,295557,95141,390698
519,292885,93681,386566
520,290343,92322,382665
521,299321,90932,390253
522,308235,89613,397848
523,316967,88256,405223
524,314145,86976,401121
525,311282,85707,396989
526,308442,84480,392922
527,305687,83293,388980
528,302959,82191,385150
529,300192,110267,410459
530,297604,108359,405963
531,294953,106454,401407
532,292353,104643,396996
533,301457,102911,404368
534,310487,101149,411636
535,319347,99510,418857
536,316475,97835,414310
537,313701,96327,410028
538,310823,94756,405579
539,308069,93262,401331
540,305331,91822,397153
541,302639,96222,398861
542,299913,94744,394657
543,297328,93267,390595
544,294656,91848,386504
545,303436,90422,393858
546,312530,89137,401667
547,321561,87876,409437
548,318767,86597,405364
549,315970,85393,401363
550,313155,84182,397337
551,310318,82966,393284
552,307483,81809,389292
553,304700,109881,414581
554,301980,107985,409965
555,299223,106142,405365
556,296618,104473,401091
557,305622,102765,408387
558,314369,101008,415377
559,323529,99360,422889
560,320642,97741,418383
561,317740,96208,413948
562,314982,94725,409707
563,312136,93260,405396
564,309252,91815,401067
565,306525,96174,402699
566,303816,94666,398482
567,301180,93172,394352
568,298508,91784,390292
569,307602,90429,398031
570,316710,89115,405825
571,325508,87791,413299
572,322532,86560,409092
573,319617,85351,404968
574,316768,84174,400942
575,314017,82965,396982
576,311181,81835,393016
577,308409,109960,418369
578,305668,107987,413655
579,302993,106130,409123
580,300336,104340,404676
581,309558,102571,412129
582,318664,100809,419473
583,327740,99125,426865
584,324879,97544,422423
585,321958,96053,418011
586,319169,94558,413727
587,316312,93139,409451
588,313555,91729,405284
589,310769,96043,406812
590,308099,94493,402592
591,305239,93082,398321
592,302538,91650,394188
593,311410,90334,401744
594,320608,88953,409561
595,329638,87714,417352
596,326698,86435,413133
597,323727,85236,408963
598,320886,84004,404890
599,318050,82862,400912
600,315295,81735,397030
601,312534,109949,422483
602,309734,108113,417847
603,307052,106261,413313
604,304411,104449,408860
605,313466,102698,416164
606,322314,100944,423258
607,331505,99242,430747
608,328464,97632,426096
609,325436,96071,421507
610,322459,94539,416998
611,319648,93100,412748
612,316793,91679,408472
613,314005,96010,410015
614,311217,94495,405712
615,308493,92945,401438
616,305800,91514,397314
617,314793,90055,404848
618,323794,88701,412495
619,332582,87380,419962
620,329529,86170,415699
621,326597,85001,411598
622,323744,83774,407518
623,320984,82562,403546
624,318248,81448,399696
625,315479,109681,425160
626,312712,107789,420501
627,309966,105872,415838
628,307226,103968,411194
629,316380,102189,418569
630,325341,100433,425774
631,334393,98780,433173
632,331386,97135,428521
633,328396,95552,423948
634,325567,94034,419601
635,322710,92551,415261
636,319827,91133,410960
637,317072,95424,412496
638,314365,93961,408326
639,311624,92517,404141
640,308989,91122,400111
641,317911,89708,407619
642,326930,88345,415275
643,335769,87081,422850
644,332800,85843,418643
645,329872,84618,414490
646,326940,83388,410328
647,323809,82265,406074
648,320941,81181,402122
649,318118,109566,427684
650,315431,107622,423053
651,312723,105745,418468
652,310016,104004,414020
653,319034,102249,421283
654,327843,100563,428406
655,336989,98955,435944
656,333922,97353,431275
657,330889,95779,426668
658,327984,94227,422211
659,325150,92747,417897
660,322363,91366,413729
661,319604,95676,415280
662,316804,94222,411026
663,314055,92787,406842
664,311337,91373,402710
665,320315,90051,410366
666,329255,88691,417946
667,338094,87377,425471
668,334990,86130,421120
669,331998,84968,416966
670,329091,83748,412839
671,326268,82604,408872
672,323433,81464,404897
673,320615,109992,430607
674,317864,108126,425990
675,315104,106251,421355
676,312355,104415,416770
677,321458,102652,424110
678,330365,101007,431372
679,339305,99392,438697
680,336285,97828,434113
681,333391,96209,429600
682,330392,94607,424999
683,327373,93133,420506
684,324509,91699,416208
685,321667,96075,417742
686,319003,94534,413537
687,316236,93076,409312
688,313430,91655,405085
689,322162,90289,412451
690,331308,88923,420231
691,340069,87637,427706
692,337052,86271,423323
693,334010,85065,419075
694,331155,83894,415049
695,328210,82741,410951
696,325383,81671,407054
697,322547,110308,432855
698,319617,108370,427987
699,316788,106455,423243
700,314068,104603,418671
701,322794,102800,425594
702,331463,101091,432554
703,340465,99429,439894
704,337534,97807,435341
705,334471,96251,430722
706,331555,94705,426260
707,328598,93208,421806
708,325809,91806,417615
709,322974,96165,419139
710,320128,94674,414802
711,317281,93218,410499
712,314567,91796,406363
713,323228,90474,413702
714,332026,89126,421152
715,340813,87810,428623
716,337790,86557,424347
717,334774,85354,420128
718,331889,84188,416077
719,329020,82967,411987
720,326105,81840,407945
721,323322,110687,434009
722,320431,108715,429146
723,317566,106771,424337
724,314786,104888,419674
725,323676,103122,426798
726,332345,101348,433693
727,341018,99706,440724
728,337980,98135,436115
729,335020,96539,431559
730,332060,95008,427068
731,329143,93528,422671
732,326309,92126,418435
733,323482,96396,419878
734,320683,94805,415488
735,317917,93331,411248
736,315200,91825,407025
737,323774,90457,414231
738,332590,89139,421729
739,341257,87903,429160
740,338247,86669,424916
741,335301,85392,420693
742,332375,84230,416605
743,329437,83041,412478
744,326637,81893,408530
745,323758,110952,434710
746,320990,108983,429973
747,318158,107095,425253
748,315461,105286,420747
749,323982,103471,427453
750,332576,101741,434317
751,341471,100065,441536
752,338375,98444,436819
753,335432,96856,432288
754,332508,95368,427876
755,329501,93903,423404
756,326652,92478,419130
757,323796,96779,420575
758,321047,95187,416234
759,318240,93691,411931
760,315525,92214,407739
761,324082,90876,414958
762,332674,89541,422215
763,341193,88185,429378
764,338221,86925,425146
765,335313,85704,421017
766,332444,84458,416902
767,329514,83307,412821
768,326589,82086,408675
769,323847,111518,435365
770,321004,109618,430622
771,318322,107653,425975
772,315540,105830,421370
773,324270,103981,428251
774,332834,102293,435127
775,341356,100632,441988
776,338438,99054,437492
777,335530,97497,433027
778,332545,95997,428542
779,329562,94463,424025
780,326737,93051,419788
781,323891,97289,421180
782,321147,95741,416888
783,318521,94268,412789
784,315726,92794,408520
785,324056,91433,415489
786,332666,90111,422777
787,341078,88750,429828
788,338133,87435,425568
789,335182,86162,421344
790,332252,84960,417212
791,329359,83737,413096
792,326505,82623,409128
793,323718,112312,436030
794,320866,110285,431151
795,318228,108364,426592
796,315634,106486,422120
797,323932,104631,428563
798,332215,102900,435115
799,340844,101163,442007
800,337819,99484,437303
801,334928,97823,432751
802,332007,96301,428308
803,329060,94827,423887
804,326208,93287,419495
805,323557,97629,421186
806,320722,95977,416699
807,317877,94486,412363
808,315155,93074,408229
809,323443,91690,415133
810,331856,90294,422150
811,340025,89006,429031
812,337154,87753,424907
813,334258,86530,420788
814,331414,85258,416672
815,328508,84080,412588
816,325637,82969,408606
817,322852,112966,435818
818,320112,110928,431040
819,317404,108971,426375
820,314605,107053,421658
821,323012,105220,428232
822,331237,103394,434631
823,339584,101703,441287
824,336705,100038,436743
825,333847,98382,432229
826,330978,96765,427743
827,328143,95266,423409
828,325379,93804,419183
829,322662,98168,420830
830,319857,96586,416443
831,317207,95143,412350
832,314511,93688,408199
833,322513,92260,414773
834,330921,90908,421829
835,339205,89512,428717
836,336262,88211,424473
837,333231,86974,420205
838,330373,85728,416101
839,327438,84502,411940
840,324614,83313,407927
841,321851,113777,435628
842,319011,111764,430775
843,316288,109776,426064
844,313682,107862,421544
845,321755,106027,427782
846,329716,104265,433981
847,338033,102515,440548
848,335132,100830,435962
849,332171,99185,431356
850,329411,97616,427027
851,326581,96055,422636
852,323824,94590,418414
853,321083,98955,420038
854,318287,97291,415578
855,315542,95718,411260
856,312803,94221,407024
857,320760,92784,413544
858,328802,91327,420129
859,336683,89972,426655
860,333704,88685,422389
861,330832,87392,418224
862,327985,86173,414158
863,325123,84864,409987
864,322283,83671,405954
865,319564,114481,434045
866,316850,112430,429280
867,314224,110408,424632
868,311576,108467,420043
869,319609,106565,426174
870,327520,104744,432264
871,335391,102947,438338
872,332438,101276,433714
873,329535,99600,429135
874,326705,98002,424707
875,323940,96422,420362
876,321159,94909,416068
877,318470,99231,417701
878,315829,97595,413424
879,313160,96004,409164
880,310549,94545,405094
881,318148,93170,411318
882,326044,91745,417789
883,333819,90406,424225
884,330866,89055,419921
885,328018,87734,415752
886,325175,86489,411664
887,322474,85312,407786
888,319708,84098,403806
889,316969,115312,432281
890,314358,113161,427519
891,311729,111159,422888
892,309191,109179,418370
893,316724,107271,423995
894,324315,105355,429670
895,332211,103539,435750
896,329411,101776,431187
897,326619,100083,426702
898,323878,98521,422399
899,321045,96901,417946
900,318332,95378,413710
901,315627,99741,415368
902,312930,98151,411081
903,310290,96512,406802
904,307702,94979,402681
905,315232,93535,408767
906,322692,92141,414833
907,330223,90797,421020
908,327375,89425,416800
909,324642,88081,412723
910,321962,86791,408753
911,319276,85587,404863
912,316570,84456,401026
913,313925,116197,430122
914,311373,114007,425380
915,308714,111901,420615
916,306136,109944,416080
917,313694,108019,421713
918,321116,106151,427267
919,328694,104354,433048
920,325858,102586,428444
921,323022,100897,423919
922,320267,99278,419545
923,317520,97700,415220
924,314822,96183,411005
925,312201,100510,412711
926,309604,98865,408469
927,307049,97355,404404
928,304464,95850,400314
929,311673,94343,406016
930,319178,92922,412100
931,326559,91515,418074
932,323712,90105,413817
933,320892,88794,409686
934,318145,87492,405637
935,315472,86237,401709
936,312923,85013,397936
937,310286,117354,427640
938,307762,115202,422964
939,305145,113132,418277
940,302606,111066,413672
941,309775,109113,418888
942,316938,107173,424111
943,324443,105327,429770
944,321603,103609,425212
945,318779,101884,420663
946,316086,100217,416303
947,313444,98588,412032
948,310794,96978,407772
949,308185,101294,409479
950,305610,99682,405292
951,303102,98113,401215
952,300696,96570,397266
953,307738,95034,402772
954,314871,93573,408444
955,321976,92126,414102
956,319174,90762,409936
957,316593,89494,406087
958,313916,88212,402128
959,311315,86965,398280
960,308651,85816,394467
961,306087,118783,424870
962,303596,116584,420180
963,301122,114417,415539
964,298605,112412,411017
965,305744,110455,416199
966,312843,108487,421330
967,319992,106590,426582
968,317315,104832,422147
969,314701,103094,417795
970,312017,101415,413432
971,309425,99785,409210
972,306910,98117,405027
973,304385,102427,406812
974,301890,100723,402613
975,299221,99135,398356
976,296815,97606,394421
977,303581,96078,399659
978,310704,94599,405303
979,317753,93151,410904
980,315032,91700,406732
981,312412,90401,402813
982,309835,89086,398921
983,307206,87799,395005
984,304692,86493,391185
985,302121,120049,422170
986,299642,117820,417462
987,297120,115692,412812
988,294709,113621,408330
989,301420,111639,413059
990,308081,109716,417797
991,315106,107863,422969
992,312477,106088,418565
993,309859,104305,414164
994,307331,102583,409914
995,304681,100931,405612
996,302109,99243,401352
997,299613,103561,403174
998,297115,101905,399020
999,294700,100295,394995
1000,292257,98660,390917
1001,298946,97108,396054
1002,305589,95595,401184
1003,312169,94177,406346
1004,309492,92746,402238
1005,306968,91374,398342
1006,304435,90026,394461
1007,301966,88763,390729
1008,299460,87553,387013
1009,297024,121862,418886
1010,294614,119645,414259
1011,292154,117514,409668
1012,289839,115386,405225
1013,296521,113346,409867
1014,303064,111357,414421
1015,309673,109527,419200
1016,307111,107647,414758
1017,304554,105832,410386
1018,302068,104063,406131
1019,299586,102414,402000
1020,297187,100760,397947
1021,294741,104989,399730
1022,292375,103243,395618
1023,289953,101516,391469
1024,287514,99929,387443
1025,293841,98360,392201
1026,300462,96782,397244
1027,306927,95369,402296
1028,304356,93936,398292
1029,301848,92494,394342
1030,299304,91128,390432
1031,296838,89831,386669
1032,294459,88583,383042
1033,292089,123632,415721
1034,289707,121398,411105
1035,287399,119224,406623
1036,285018,117065,402083
1037,291237,114987,406224
1038,297537,112952,410489
1039,304019,111083,415102
1040,301499,109161,410660
1041,298983,107286,406269
1042,296492,105439,401931
1043,294052,103710,397762
1044,291629,102009,393638
1045,289238,106265,395503
1046,286915,104481,391396
1047,284591,102805,387396
1048,282328,101173,383501
1049,288456,99593,388049
1050,294681,98114,392795
1051,300967,96644,397611
1052,298497,95128,393625
1053,296063,93689,389752
1054,293585,92311,385896
1055,291144,90998,382142
1056,288739,89732,378471
1057,286402,125611,412013
1058,284133,123326,407459
1059,281884,121068,402952
1060,279655,118803,398458
1061,285837,116558,402395
1062,291994,114526,406520
1063,298078,112520,410598
1064,295536,110606,406142
1065,293071,108646,401717
1066,290757,106844,397601
1067,288369,105008,393377
1068,286088,103223,389311
1069,283787,107510,391297
1070,281522,105672,387194
1071,279146,103999,383145
1072,276883,102348,379231
1073,282651,100678,383329
1074,288735,99081,387816
1075,294764,97511,392275
1076,292362,96109,388471
1077,289929,94625,384554
1078,287576,93197,380773
1079,285267,91839,377106
1080,282975,90546,373521
1081,280653,127371,408024
1082,278321,124990,403311
1083,276007,122692,398699
1084,273804,120395,394199
1085,279569,118139,397708
1086,285340,115897,401237
1087,291346,113848,405194
1088,289012,111890,400902
1089,286666,110024,396690
1090,284389,108106,392495
1091,282128,106269,388397
1092,279927,104550,384477
1093,277695,108865,386560
1094,275488,107025,382513
1095,273281,105280,378561
1096,271181,103535,374716
1097,276880,101843,378723
1098,282555,100206,382761
1099,288182,98658,386840
1100,285907,97149,383056
1101,283628,95649,379277
1102,281321,94211,375532
1103,279051,92811,371862
1104,276753,91466,368219
1105,274560,129270,403830
1106,272328,126866,399194
1107,270140,124511,394651
1108,268014,122248,390262
1109,273623,120062,393685
1110,279194,117926,397120
1111,284807,115897,400704
1112,282422,113831,396253
1113,280148,111830,391978
1114,277840,109997,387837
1115,275657,108200,383857
1116,273469,106389,379858
1117,271382,110693,382075
1118,269250,108815,378065
1119,267156,106983,374139
1120,265094,105183,370277
1121,270390,103498,373888
1122,275895,101874,377769
1123,281418,100305,381723
1124,279126,98797,377923
1125,276920,97251,374171
1126,274661,95861,370522
1127,272471,94389,366860
1128,270404,93033,363437
1129,268279,131957,400236
1130,266144,129522,395666
1131,264021,127015,391036
1132,261907,124706,386613
1133,267118,122328,389446
1134,272260,120066,392326
1135,277739,117898,395637
1136,275542,115744,391286
1137,273359,113767,387126
1138,271177,111796,382973
1139,268995,109894,378889
1140,266836,107998,374834
1141,264784,112382,377166
1142,262736,110421,373157
1143,260792,108563,369355
1144,258797,106822,365619
1145,263905,105048,368953
1146,268996,103341,372337
1147,274006,101711,375717
1148,271835,100067,371902
1149,269676,98466,368142
1150,267592,96970,364562
1151,265439,95532,360971
1152,263406,94115,357521
1153,261373,134243,395616
1154,259356,131635,390991
1155,257301,129139,386440
1156,255327,126716,382043
1157,260332,124394,384726
1158,265288,122108,387396
1159,270290,119862,390152
1160,268217,117681,385898
1161,266102,115701,381803
1162,263974,113685,377659
1163,261893,111755,373648
1164,259853,109781,369634
1165,257821,114118,371939
1166,255745,112152,367897
1167,253770,110332,364102
1168,251869,108469,360338
1169,256526,106710,363236
1170,261402,104929,366331
1171,266251,103246,369497
1172,264118,101602,365720
1173,262040,100004,362044
1174,259917,98489,358406
1175,257868,96989,354857
1176,255840,95584,351424
1177,253739,136777,390516
1178,251746,134237,385983
1179,249763,131692,381455
1180,247882,129256,377138
1181,252471,126816,379287
1182,257026,124524,381550
1183,261773,122285,384058
1184,259668,120080,379748
1185,257607,117963,375570
1186,255580,115911,371491
1187,253577,113938,367515
1188,251649,111991,363640
1189,249739,116468,366207
1190,247866,114387,362253
1191,245955,112446,358401
1192,244166,110584,354750
1193,248697,108775,357472
1194,253165,106955,360120
1195,257602,105183,362785
1196,255561,103457,359018
1197,253641,101831,355472
1198,251698,100280,351978
1199,249724,98671,348395
1200,247838,97271,345109
1201,245973,139725,385698
1202,244083,136996,381079
1203,242230,134430,376660
1204,240333,131898,372231
1205,244651,129385,374036
1206,248930,126959,375889
1207,253331,124596,377927
1208,251392,122330,373722
1209,249469,120060,369529
1210,247584,117924,365508
1211,245703,115876,361579
1212,243841,113937,357778
1213,241947,118644,360591
1214,240105,116666,356771
1215,238249,114672,352921
1216,236449,112696,349145
1217,240533,110846,351379
1218,244804,109055,353859
1219,249093,107257,356350
1220,247209,105535,352744
1221,245339,103860,349199
1222,243569,102222,345791
1223,241696,100698,342394
1224,239836,99164,339000
1225,238035,142726,380761
1226,236295,139913,376208
1227,234603,137212,371815
1228,232969,134520,367489
1229,236892,132103,368995
1230,240776,129620,370396
1231,244929,127239,372168
1232,243010,124903,367913
1233,241135,122692,363827
1234,239319,120477,359796
1235,237492,118440,355932
1236,235639,116331,351970
1237,233862,121171,355033
1238,232120,118988,351108
1239,230383,116987,347370
1240,228695,114905,343600
1241,232468,112909,345377
1242,236279,111033,347312
1243,240104,109169,349273
1244,238228,107326,345554
1245,236487,105582,342069
1246,234745,103835,338580
1247,232947,102205,335152
1248,231212,100702,331914
1249,229572,145361,374933
1250,227843,142449,370292
1251,226110,139753,365863
1252,224539,137167,361706
1253,228310,134576,362886
1254,231990,132104,364094
1255,235595,129556,365151
1256,233795,127169,360964
1257,232035,124853,356888
1258,230320,122621,352941
1259,228595,120458,349053
1260,226991,118360,345351
1261,225320,123374,348694
1262,223618,121201,344819
1263,221994,119073,341067
1264,220345,116995,337340
1265,223868,114998,338866
1266,227554,113076,340630
1267,231158,111160,342318
1268,229349,109343,338692
1269,227642,107531,335173
1270,225928,105828,331756
1271,224238,104172,328410
1272,222585,102584,325169
1273,220938,148435,369373
1274,219311,145495,364806
1275,217715,142733,360448
1276,216158,139873,356031
1277,219489,137137,356626
1278,222786,134528,357314
1279,226315,131988,358303
1280,224707,129594,354301
1281,223038,127258,350296
1282,221424,124887,346311
1283,219822,122629,342451
1284,218229,120495,338724
1285,216623,125847,342470
1286,215038,123636,338674
1287,213518,121494,335012
1288,211971,119405,331376
1289,215203,117399,332602
1290,218435,115370,333805
1291,221685,113411,335096
1292,220106,111562,331668
1293,218511,109817,328328
1294,216868,108008,324876
1295,215246,106246,321492
1296,213789,104538,318327
1297,212253,151667,363920
1298,210774,148693,359467
1299,209251,145683,354934
1300,207793,142737,350530
1301,211005,139988,350993
1302,214124,137364,351488
1303,217390,134773,352163
1304,215751,132228,347979
1305,214214,129790,344004
1306,212622,127497,340119
1307,211115,125234,336349
1308,209614,123087,332701
1309,208130,128580,336710
1310,206641,126330,332971
1311,205182,124110,329292
1312,203749,121879,325628
1313,206715,119787,326502
1314,209799,117774,327573
1315,212860,115821,328681
1316,211240,113896,325136
1317,209673,112018,321691
1318,208223,110137,318360
1319,206830,108387,315217
1320,205367,106738,312105
1321,204006,154934,358940
1322,202520,151902,354422
1323,201089,148900,349989
1324,199694,146029,345723
1325,202539,143143,345682
1326,205338,140421,345759
1327,208326,137734,346060
1328,206817,135198,342015
1329,205378,132716,338094
1330,203907,130227,334134
1331,202512,127857,330369
1332,201079,125571,326650
1333,199635,131341,330976
1334,198257,128927,327184
1335,196898,126653,323551
1336,195534,124428,319962
1337,198247,122209,320456
1338,200999,120025,321024
1339,203792,117918,321710
1340,202373,115873,318246
1341,200955,113867,314822
1342,199519,112053,311572
1343,198137,110253,308390
1344,196791,108450,305241
1345,195422,157901,353323
1346,194117,154673,348790
1347,192812,151560,344372
1348,191482,148483,339965
1349,194243,145614,339857
1350,196938,142824,339762
1351,199553,140177,339730
1352,198145,137509,335654
1353,196749,134940,331689
1354,195443,132464,327907
1355,194033,129993,324026
1356,192672,127689,320361
1357,191381,133731,325112
1358,190064,131254,321318
1359,188787,128938,317725
1360,187441,126582,314023
1361,189968,124336,314304
1362,192655,122302,314957
1363,195311,120162,315473
1364,193961,118045,312006
1365,192556,116081,308637
1366,191305,114154,305459
1367,190008,112256,302264
1368,188731,110490,299221
1369,187448,161067,348515
1370,186156,157804,343960
1371,184870,154716,339586
1372,183627,151665,335292
1373,186059,148755,334814
1374,188534,145775,334309
1375,191093,142997,334090
1376,189749,140287,330036
1377,188443,137677,326120
1378,187212,135176,322388
1379,185936,132585,318521
1380,184704,130213,314917
1381,183459,136547,320006
1382,182258,133990,316248
1383,181083,131568,312651
1384,179824,129160,308984
1385,182111,126911,309022
1386,184482,124698,309180
1387,186837,122519,309356
1388,185611,120393,306004
1389,184388,118329,302717
1390,183130,116358,299488
1391,181867,114415,296282
1392,180651,112546,293197
1393,179434,164210,343644
1394,178240,160882,339122
1395,177125,157658,334783
1396,175905,154593,330498
1397,178194,151582,329776
1398,180450,148668,329118
1399,182694,145778,328472
1400,181471,142919,324390
1401,180280,140227,320507
1402,179062,137593,316655
1403,177923,135009,312932
1404,176737,132612,309349
1405,175594,139280,314874
1406,174451,136746,311197
1407,173318,134322,307640
1408,172247,131847,304094
1409,174381,129527,303908
1410,176601,127323,303924
1411,178805,125055,303860
1412,177625,122973,300598
1413,176419,120821,297240
1414,175260,118801,294061
1415,174172,116766,290938
1416,172991,114837,287828
1417,171832,167383,339215
1418,170697,163984,334681
1419,169565,160604,330169
1420,168469,157400,325869
1421,170516,154380,324896
1422,172571,151329,323900
1423,174744,148452,323196
1424,173564,145657,319221
1425,172484,142892,315376
1426,171368,140227,311595
1427,170230,137585,307815
1428,169166,135081,304247
1429,168026,141767,309793
1430,166964,139081,306045
1431,165932,136499,302431
1432,164923,133997,298920
1433,166969,131577,298546
1434,169008,129157,298165
1435,171020,126952,297972
1436,169899,124709,294608
1437,168851,122586,291437
1438,167760,120536,288296
1439,166748,118481,285229
1440,165600,116557,282157
1441,164540,170130,334670
1442,163490,166709,330199
1443,162467,163277,325744
1444,161420,160111,321531
1445,163459,157023,320482
1446,165325,153956,319281
1447,167233,150980,318213
1448,166137,148041,314178
1449,165050,145261,310311
1450,163979,142585,306564
1451,162982,139944,302926
1452,161971,137342,299313
1453,161022,144322,305344
1454,160018,141670,301688
1455,158933,138976,297909
1456,157915,136517,294432
1457,159766,134107,293873
1458,161685,131692,293377
1459,163590,129356,292946
1460,162539,127113,289652
1461,161551,124921,286472
1462,160517,122826,283343
1463,159507,120697,280204
1464,158515,118721,277236
1465,157509,173263,330772
1466,156539,169694,326233
1467,155502,166262,321764
1468,154552,162905,317457
1469,156287,159691,315978
1470,158042,156463,314505
1471,159914,153432,313346
1472,158942,150503,309445
1473,157954,147584,305538
1474,156997,144712,301709
1475,156076,142035,298111
1476,155129,139463,294592
1477,154115,146672,300787
1478,153199,143884,297083
1479,152278,141257,293535
1480,151374,138642,290016
1481,153051,136197,289248
1482,154711,133614,288325
1483,156439,131235,287674
1484,155485,128886,284371
1485,154477,126671,281148
1486,153543,124487,278030
1487,152574,122363,274937
1488,151606,120326,271932
1489,150676,175713,326389
1490,149813,172138,321951
1491,148901,168580,317481
1492,148005,165164,313169
1493,149750,161875,311625
1494,151383,158680,310063
1495,153069,155494,308563
1496,152180,152424,304604
1497,151280,149576,300856
1498,150425,146691,297116
1499,149504,143963,293467
1500,148564,141219,289783
1501,147661,148607,296268
1502,146772,145823,292595
1503,145855,143097,288952
1504,145028,140424,285452
1505,146585,137939,284524
1506,148209,135453,283662
1507,149825,133012,282837
1508,148939,130687,279626
1509,148082,128342,276424
1510,147190,126158,273348
1511,146285,123983,270268
1512,145369,121917,267286
1513,144516,178165,322681
1514,143659,174602,318261
1515,142835,171155,313990
1516,142008,167712,309720
1517,143518,164336,307854
1518,145039,161052,306091
1519,146662,157854,304516
1520,145791,154848,300639
1521,144933,151899,296832
1522,144058,149082,293140
1523,143234,146244,289478
1524,142379,143559,285938
1525,141550,151239,292789
1526,140701,148356,289057
1527,139902,145538,285440
1528,139091,142793,281884
1529,140511,140190,280701
1530,141954,137682,279636
1531,143447,135188,278635
1532,142563,132821,275384
1533,141691,130462,272153
1534,140814,128165,268979
1535,140042,125997,266039
1536,139202,123940,263142
1537,138457,180894,319351
1538,137606,177041,314647
1539,136789,173335,310124
1540,136053,169729,305782
1541,137432,166285,303717
1542,138870,162971,301841
1543,140304,159857,300161
1544,139477,156674,296151
1545,138684,153664,292348
1546,137879,150767,288646
1547,137135,147977,285112
1548,136408,145268,281676
1549,135628,153176,288804
1550,134796,150310,285106
1551,133989,147385,281374
1552,133208,144670,277878
1553,134574,142063,276637
1554,135993,139460,275453
1555,137330,136952,274282
1556,136548,134525,271073
1557,135728,132155,267883
1558,134964,129850,264814
1559,134223,127665,261888
1560,133439,125456,258895
1561,132729,183065,315794
1562,131985,179337,311322
1563,131236,175806,307042
1564,130500,172281,302781
1565,131871,168856,300727
1566,133165,165584,298749
1567,134497,162319,296816
1568,133733,159115,292848
1569,132983,156052,289035
1570,132230,152992,285222
1571,131487,150143,281630
1572,130759,147383,278142
1573,130039,155555,285594
1574,129323,152490,281813
1575,128591,149570,278161
1576,127868,146768,274636
1577,129133,144077,273210
1578,130450,141431,271881
1579,131751,138873,270624
1580,131010,136400,267410
1581,130304,134067,264371
1582,129583,131713,261296
1583,128855,129438,258293
1584,128130,127248,255378
1585,127388,185646,313034
1586,126637,181900,308537
1587,125928,178177,304105
1588,125256,174558,299814
1589,126542,171023,297565
1590,127805,167537,295342
1591,129125,164281,293406
1592,128401,161029,289430
1593,127685,157927,285612
1594,127028,154887,281915
1595,126311,151945,278256
1596,125668,149122,274790
1597,124975,157456,282431
1598,124289,154490,278779
1599,123596,151720,275316
1600,122939,148876,271815
1601,124145,146172,270317
1602,125448,143465,268913
1603,126695,140779,267474
1604,126004,138281,264285
1605,125282,135825,261107
1606,124581,133490,258071
1607,123933,131187,255120
1608,123233,128964,252197
1609,122618,188051,310669
1610,121913,184119,306032
1611,121250,180359,301609
1612,120619,176695,297314
1613,121811,173158,294969
1614,122990,169626,292616
1615,124214,166311,290525
1616,123528,163080,286608
1617,122878,159919,282797
1618,122180,156847,279027
1619,121522,153836,275358
1620,120881,150872,271753
1621,120250,159264,279514
1622,119622,156188,275810
1623,119013,153253,272266
1624,118439,150332,268771
1625,119553,147393,266946
1626,120695,144771,265466
1627,121826,142139,263965
1628,121188,139591,260779
1629,120536,137121,257657
1630,119934,134738,254672
1631,119291,132407,251698
1632,118672,130171,248843
1633,118043,189788,307831
1634,117424,185853,303277
1635,116759,181998,298757
1636,116156,178198,294354
1637,117275,174620,291895
1638,118420,171087,289507
1639,119541,167743,287284
1640,118878,164440,283318
1641,118229,161199,279428
1642,117591,158094,275685
1643,116940,154949,271889
1644,116289,152109,268398
1645,115665,160714,276379
1646,115083,157774,272857
1647,114483,154741,269224
1648,113899,151920,265819
1649,114949,149156,264105
1650,116069,146337,262406
1651,117113,143745,260858
1652,116537,141166,257703
1653,115917,138685,254602
1654,115326,136327,251653
1655,114757,133902,248659
1656,114202,131586,245788
1657,113608,191697,305305
1658,113038,187601,300639
1659,112477,183738,296215
1660,111918,179970,291888
1661,113011,176363,289374
1662,114060,172850,286910
1663,115208,169345,284553
1664,114618,165943,280561
1665,114007,162671,276678
1666,113463,159533,272996
1667,112873,156474,269347
1668,112262,153521,265783
1669,111701,162271,273972
1670,111153,159243,270396
1671,110634,156165,266799
1672,110089,153282,263371
1673,111116,150293,261409
1674,112113,147557,259670
1675,113160,144829,257989
1676,112596,142252,254848
1677,111996,139710,251706
1678,111489,137205,248694
1679,110913,134836,245749
1680,110322,132475,242797
1681,109765,193183,302948
1682,109264,189154,298418
1683,108707,185214,293921
1684,108172,181447,289619
1685,109223,177784,287007
1686,110266,174173,284439
1687,111319,170755,282074
1688,110752,167428,278180
1689,110209,164181,274390
1690,109654,161070,270724
1691,109097,157898,266995
1692,108546,154907,263453
1693,107973,163838,271811
1694,107494,160646,268140
1695,106988,157639,264627
1696,106473,154733,261206
1697,107440,151843,259283
1698,108502,148939,257441
1699,109488,146316,255804
1700,108950,143621,252571
1701,108428,141079,249507
1702,107910,138663,246573
1703,107366,136149,243515
1704,106860,133818,240678
1705,106355,195079,301434
1706,105838,190989,296827
1707,105313,186976,292289
1708,104818,183095,287913
1709,105796,179412,285208
1710,106782,175787,282569
1711,107879,172296,280175
1712,107294,168927,276221
1713,106792,165677,272469
1714,106279,162493,268772
1715,105767,159349,265116
1716,105262,156262,261524
1717,104796,165252,270048
1718,104275,162052,266327
1719,103788,158965,262753
1720,103293,155971,259264
1721,104227,153058,257285
1722,105163,150273,255436
1723,106097,147500,253597
1724,105549,144794,250343
1725,105047,142234,247281
1726,104565,139695,244260
1727,104042,137209,241251
1728,103554,134833,238387
1729,103055,196565,299620
1730,102598,192355,294953
1731,102097,188375,290472
1732,101617,184431,286048
1733,102592,180685,283277
1734,103555,177005,280560
1735,104514,173409,277923
1736,104021,170010,274031
1737,103544,166715,270259
1738,103065,163575,266640
1739,102542,160451,262993
1740,102072,157364,259436
1741,101616,166490,268106
1742,101122,163272,264394
1743,100634,160191,260825
1744,100170,157171,257341
1745,101057,154311,255368
1746,102100,151442,253542
1747,103047,148712,251759
1748,102575,145969,248544
1749,102060,143261,245321
1750,101553,140723,242276
1751,101068,138204,239272
1752,100599,135831,236430
1753,100135,198048,298183
1754,99642,193878,293520
1755,99158,189904,289062
1756,98704,186050,284754
1757,99616,182272,281888
1758,100523,178575,279098
1759,101492,175034,276526
1760,100969,171561,272530
1761,100513,168202,268715
1762,100053,164915,264968
1763,99593,161774,261367
1764,99144,158796,257940
1765,98676,167861,266537
1766,98218,164580,262798
1767,97741,161409,259150
1768,97272,158439,255711
1769,98165,155543,253708
1770,99047,152699,251746
1771,99928,149908,249836
1772,99459,147189,246648
1773,99020,144618,243638
1774,98575,142041,240616
1775,98095,139499,237594
1776,97645,137110,234755
1777,97224,199551,296775
1778,96790,195377,292167
1779,96331,191364,287695
1780,95919,187360,283279
1781,96877,183457,280334
1782,97773,179793,277566
1783,98659,176213,274872
1784,98230,172732,270962
1785,97771,169436,267207
1786,97308,166108,263416
1787,96878,162916,259794
1788,96455,159838,256293
1789,95992,169074,265066
1790,95578,165792,261370
1791,95199,162721,257920
1792,94762,159655,254417
1793,95603,156683,252286
1794,96545,153692,250237
1795,97401,150901,248302
1796,96938,148145,245083
1797,96527,145514,242041
1798,96079,142995,239074
1799,95619,140534,236153
1800,95217,138080,233297
1801,94808,200866,295674
1802,94345,196791,291136
1803,93948,192714,286662
1804,93580,188850,282430
1805,94484,185059,279543
1806,95329,181255,276584
1807,96216,177700,273916
1808,95757,174148,269905
1809,95336,170715,266051
1810,94872,167317,262189
1811,94470,164119,258589
1812,94054,161051,255105
1813,93621,170380,264001
1814,93229,167062,260291
1815,92792,163944,256736
1816,92383,160867,253250
1817,93231,157836,251067
1818,94094,154874,248968
1819,94940,152069,247009
1820,94500,149363,243863
1821,94078,146579,240657
1822,93639,143967,237606
1823,93219,141435,234654
1824,92790,138935,231725
1825,92361,202029,294390
1826,91972,197778,289750
1827,91560,193568,285128
1828,91164,189616,280780
1829,92074,185674,277748
1830,92900,182000,274900
1831,93711,178288,271999
1832,93298,174731,268029
1833,92925,171286,264211
1834,92491,168014,260505
1835,92050,164777,256827
1836,91625,161759,253384
1837,91240,171151,262391
1838,90835,167800,258635
1839,90410,164569,254979
1840,90001,161578,251579
1841,90796,158568,249364
1842,91707,155664,247371
1843,92530,152783,245313
1844,92126,150010,242136
1845,91716,147317,239033
1846,91344,144665,236009
1847,90955,142139,233094
1848,90550,139635,230185
1849,90156,202986,293142
1850,89793,198714,288507
1851,89427,194613,284040
1852,89043,190584,279627
1853,89867,186670,276537
1854,90682,182872,273554
1855,91575,179177,270752
1856,91172,175685,266857
1857,90766,172265,263031
1858,90390,168928,259318
1859,90025,165662,255687
1860,89666,162581,252247
1861,89257,171946,261203
1862,88882,168601,257483
1863,88486,165425,253911
1864,88118,162285,250403
1865,88937,159247,248184
1866,89769,156256,246025
1867,90583,153471,244054
1868,90171,150709,240880
1869,89781,147994,237775
1870,89385,145360,234745
1871,89014,142820,231834
1872,88645,140357,229002
1873,88283,204023,292306
1874,87881,199666,287547
1875,87515,195432,282947
1876,87134,191337,278471
1877,87982,187518,275500
1878,88776,183721,272497
1879,89589,180028,269617
1880,89220,176509,265729
1881,88820,172993,261813
1882,88442,169669,258111
1883,88103,166299,254402
1884,87726,163158,250884
1885,87385,172598,259983
1886,87051,169250,256301
1887,86684,165979,252663
1888,86319,162841,249160
1889,87083,159813,246896
1890,87948,156909,244857
1891,88759,154009,242768
1892,88354,151257,239611
1893,88013,148495,236508
1894,87645,145933,233578
1895,87268,143358,230626
1896,86896,140873,227769
1897,86521,204736,291257
1898,86156,200450,286606
1899,85784,196300,282084
1900,85460,192279,277739
1901,86258,188331,274589
1902,87044,184414,271458
1903,87912,180725,268637
1904,87542,177179,264721
1905,87179,173672,260851
1906,86824,170276,257100
1907,86466,167027,253493
1908,86127,163824,249951
1909,85757,173493,259250
1910,85395,170151,255546
1911,85021,166944,251965
1912,84671,163828,248499
1913,85468,160771,246239
1914,86252,157807,244059
1915,87001,154948,241949
1916,86657,152074,238731
1917,86286,149390,235676
1918,85921,146777,232698
1919,85564,144123,229687
1920,85198,141728,226926
1921,84856,205914,290770
1922,84520,201614,286134
1923,84178,197490,281668
1924,83828,193507,277335
1925,84644,189586,274230
1926,85440,185889,271329
1927,86193,182192,268385
1928,85834,178542,264376
1929,85499,175037,260536
1930,85149,171626,256775
1931,84842,168375,253217
1932,84475,165160,249635
1933,84139,174851,258990
1934,83814,171478,255292
1935,83475,168277,251752
1936,83117,165038,248155
1937,83860,161864,245724
1938,84655,158861,243516
1939,85435,155982,241417
1940,85074,153196,238270
1941,84722,150417,235139
1942,84411,147832,232243
1943,84082,145184,229266
1944,83742,142681,226423
1945,83361,207299,290660
1946,83049,202904,285953
1947,82708,198638,281346
1948,82385,194594,276979
1949,83124,190755,273879
1950,83848,186892,270740
1951,84691,183081,267772
1952,84359,179463,263822
1953,84006,175935,259941
1954,83657,172427,256084
1955,83323,169161,252484
1956,82989,166022,249011
1957,82609,175670,258279
1958,82271,172248,254519
1959,81925,168910,250835
1960,81605,165803,247408
1961,82367,162736,245103
1962,83074,159667,242741
1963,83763,156719,240482
1964,83436,153877,237313
1965,83108,151162,234270
1966,82770,148566,231336
1967,82397,145908,228305
1968,82077,143399,225476
1969,81737,208184,289921
1970,81413,203710,285123
1971,81115,199515,280630
1972,80813,195364,276177
1973,81613,191363,272976
1974,82348,187463,269811
1975,83058,183620,266678
1976,82723,179935,262658
1977,82366,176435,258801
1978,82062,172998,255060
1979,81725,169755,251480
1980,81418,166517,247935
1981,81088,176293,257381
1982,80767,172961,253728
1983,80473,169576,250049
1984,80174,166421,246595
1985,80865,163330,244195
1986,81660,160382,242042
1987,82415,157459,239874
1988,82058,154593,236651
1989,81717,151793,233510
1990,81368,149023,230391
1991,81027,146468,227495
1992,80697,143935,224632
1993,80384,209054,289438
1994,80055,204667,284722
1995,79753,200416,280169
1996,79410,196241,275651
1997,80152,192302,272454
1998,80842,188421,269263
1999,81614,184704,266318
2000,81303,181011,262314
2001,80986,177459,258445
2002,80694,174040,254734
2003,80367,170638,251005
2004,80052,167395,247447
2005,79737,177344,257081
2006,79429,173960,253389
2007,79138,170626,249764
2008,78858,167347,246205
2009,79601,164222,243823
2010,80333,161251,241584
2011,81022,158400,239422
2012,80690,155507,236197
2013,80383,152756,233139
2014,80054,150036,230090
2015,79773,147377,227150
2016,79483,144778,224261
2017,79182,210303,289485
2018,78880,205843,284723
2019,78563,201591,280154
2020,78264,197345,275609
2021,79001,193294,272295
2022,79714,189351,269065
2023,80424,185529,265953
2024,80097,181848,261945
2025,79795,178299,258094
2026,79501,174767,254268
2027,79199,171327,250526
2028,78899,167994,246893
2029,78592,177970,256562
2030,78289,174406,252695
2031,78002,170923,248925
2032,77713,167724,245437
2033,78401,164534,242935
2034,79157,161380,240537
2035,79843,158406,238249
2036,79518,155468,234986
2037,79197,152594,231791
2038,78884,149845,228729
2039,78576,147245,225821
2040,78294,144696,222990
2041,78019,210596,288615
2042,77703,206210,283913
2043,77409,201911,279320
2044,77129,197851,274980
2045,77864,193906,271770
2046,78593,190066,268659
2047,79349,186288,265637
2048,79044,182434,261478
2049,78709,178864,257573
2050,78409,175416,253825
2051,78105,171997,250102
2052,77825,168795,246620
2053,77548,178785,256333
2054,77273,175226,252499
2055,76999,171793,248792
2056,76701,168438,245139
2057,77402,165201,242603
2058,78118,162147,240265
2059,78803,159212,238015
2060,78562,156348,234910
2061,78261,153490,231751
2062,77944,150739,228683
2063,77644,148111,225755
2064,77340,145484,222824
2065,77058,211581,288639
2066,76796,207126,283922
2067,76518,202926,279444
2068,76234,198815,275049
2069,76967,194765,271732
2070,77664,190781,268445
2071,78362,186992,265354
2072,78038,183199,261237
2073,77751,179567,257318
2074,77430,176106,253536
2075,77140,172581,249721
2076,76837,169218,246055
2077,76542,179332,255874
2078,76296,175881,252177
2079,76039,172390,248429
2080,75744,169188,244932
2081,76446,166091,242537
2082,77190,163029,240219
2083,77893,160066,237959
2084,77578,157104,234682
2085,77296,154311,231607
2086,77007,151463,228470
2087,76727,148792,225519
2088,76468,146154,222622
2089,76193,212628,288821
2090,75928,208051,283979
2091,75618,203683,279301
2092,75378,199458,274836
2093,76098,195408,271506
2094,76781,191429,268210
2095,77541,187576,265117
2096,77277,183730,261007
2097,77006,180181,257187
2098,76711,176755,253466
2099,76432,173305,249737
2100,76145,169960,246105
2101,75855,180122,255977
2102,75545,176628,252173
2103,75284,173274,248558
2104,75025,169995,245020
2105,75737,166744,242481
2106,76444,163615,240059
2107,77161,160597,237758
2108,76861,157633,234494
2109,76589,154762,231351
2110,76317,152050,228367
2111,76065,149428,225493
2112,75757,146875,222632
2113,75481,213662,289143
2114,75226,209149,284375
2115,74958,204841,279799
2116,74716,200678,275394
2117,75463,196626,272089
2118,76187,192634,268821
2119,76879,188743,265622
2120,76609,185014,261623
2121,76314,181380,257694
2122,76028,177887,253915
2123,75734,174362,250096
2124,75435,171006,246441
2125,75138,181193,256331
2126,74857,177633,252490
2127,74605,174190,248795
2128,74327,170844,245171
2129,75000,167587,242587
2130,75765,164512,240277
2131,76481,161470,237951
2132,76210,158630,234840
2133,75920,155708,231628
2134,75627,152954,228581
2135,75369,150244,225613
2136,75124,147602,222726
2137,74844,214747,289591
2138,74578,210167,284745
2139,74331,205692,280023
2140,74083,201456,275539
2141,74809,197366,272175
2142,75472,193473,268945
2143,76249,189553,265802
2144,75966,185842,261808
2145,75679,182190,257869
2146,75408,178721,254129
2147,75117,175351,250468
2148,74863,171993,246856
2149,74594,182252,256846
2150,74338,178684,253022
2151,74077,175281,249358
2152,73801,171935,245736
2153,74468,168758,243226
2154,75174,165661,240835
2155,75838,162546,238384
2156,75550,159458,235008
2157,75282,156580,231862
2158,74977,153759,228736
2159,74715,151037,225752
2160,74429,148403,222832
2161,74151,215779,289930
2162,73900,211120,285020
2163,73612,206658,280270
2164,73323,202486,275809
2165,74045,198402,272447
2166,74721,194387,269108
2167,75417,190522,265939
2168,75122,186781,261903
2169,74856,183019,257875
2170,74554,179437,253991
2171,74322,175915,250237
2172,74054,172561,246615
2173,73805,182855,256660
2174,73546,179235,252781
2175,73310,175815,249125
2176,73064,172429,245493
2177,73724,169268,242992
2178,74431,166251,240682
2179,75127,163178,238305
2180,74809,160119,234928
2181,74555,157334,231889
2182,74290,154519,228809
2183,74026,151758,225784
2184,73763,149095,222858
2185,73497,216886,290383
2186,73238,212375,285613
2187,72973,207957,280930
2188,72724,203642,276366
2189,73427,199459,272886
2190,74073,195447,269520
2191,74827,191687,266514
2192,74563,187768,262331
2193,74292,184078,258370
2194,74025,180552,254577
2195,73777,177100,250877
2196,73506,173684,247190
2197,73243,184149,257392
2198,72999,180548,253547
2199,72757,177125,249882
2200,72508,173741,246249
2201,73197,170530,243727
2202,73896,167289,241185
2203,74555,164197,238752
2204,74293,161253,235546
2205,74005,158199,232204
2206,73724,155392,229116
2207,73476,152641,226117
2208,73193,149996,223189
2209,72913,218124,291037
2210,72644,213440,286084
2211,72412,208955,281367
2212,72168,204515,276683
2213,72884,200295,273179
2214,73550,196339,269889
2215,74257,192379,266636
2216,73964,188519,262483
2217,73684,184848,258532
2218,73432,181093,254525
2219,73214,177582,250796
2220,72940,174188,247128
2221,72707,184713,257420
2222,72438,181192,253630
2223,72179,177720,249899
2224,71914,174368,246282
2225,72583,171048,243631
2226,73294,167867,241161
2227,73949,164733,238682
2228,73686,161682,235368
2229,73416,158643,232059
2230,73134,155807,228941
2231,72873,153028,225901
2232,72655,150312,222967
2233,72398,218810,291208
2234,72142,214070,286212
2235,71897,209684,281581
2236,71642,205403,277045
2237,72344,201145,273489
2238,72994,196983,269977
2239,73709,193106,266815
2240,73438,189278,262716
2241,73173,185613,258786
2242,72890,181948,254838
2243,72628,178344,250972
2244,72381,174966,247347
2245,72118,185481,257599
2246,71856,181778,253634
2247,71612,178201,249813
2248,71388,174822,246210
2249,72052,171482,243534
2250,72745,168206,240951
2251,73402,165115,238517
2252,73111,162168,235279
2253,72843,159290,232133
2254,72553,156422,228975
2255,72313,153625,225938
2256,72063,150872,222935
2257,71820,219717,291537
2258,71591,215155,286746
2259,71344,210748,282092
2260,71116,206372,277488
2261,71852,202250,274102
2262,72532,198211,270743
2263,73237,194237,267474
2264,72953,190387,263340
2265,72668,186646,259314
2266,72436,183050,255486
2267,72167,179573,251740
2268,71924,176059,247983
2269,71693,186690,258383
2270,71464,183057,254521
2271,71208,179466,250674
2272,70969,176032,247001
2273,71622,172648,244270
2274,72320,169446,241766
2275,72998,166202,239200
2276,72727,163158,235885
2277,72455,160171,232626
2278,72204,157292,229496
2279,71954,154549,226503
2280,71691,151770,223461
2281,71451,220915,292366
2282,71208,216426,287634
2283,70973,211957,282930
2284,70709,207509,278218
2285,71381,203227,274608
2286,72070,199029,271099
2287,72761,195086,267847
2288,72491,191206,263697
2289,72220,187516,259736
2290,71992,183919,255911
2291,71739,180367,252106
2292,71488,176950,248438
2293,71226,187704,258930
2294,70958,184068,255026
2295,70709,180414,251123
2296,70471,176987,247458
2297,71136,173513,244649
2298,71830,170325,242155
2299,72506,167126,239632
2300,72268,164103,236371
2301,72004,161013,233017
2302,71763,158135,229898
2303,71510,155313,226823
2304,71278,152640,223918
2305,71053,222158,293211
2306,70813,217455,288268
2307,70593,212811,283404
2308,70370,208409,278779
2309,71073,204147,275220
2310,71721,200136,271857
2311,72403,196211,268614
2312,72138,192206,264344
2313,71891,188412,260303
2314,71623,184761,256384
2315,71351,181149,252500
2316,71116,177684,248800
2317,70881,188545,259426
2318,70624,184909,255533
2319,70388,181204,251592
2320,70181,177742,247923
2321,70855,174352,245207
2322,71558,171142,242700
2323,72241,168028,240269
2324,71999,164948,236947
2325,71735,161925,233660
2326,71486,158903,230389
2327,71244,156097,227341
2328,70982,153392,224374
2329,70714,223336,294050
2330,70489,218668,289157
2331,70254,214155,284409
2332,69996,209693,279689
2333,70650,205340,275990
2334,71306,201234,272540
2335,71958,197183,269141
2336,71687,193116,264803
2337,71436,189302,260738
2338,71181,185551,256732
2339,70947,181904,252851
2340,70700,178380,249080
2341,70433,189260,259693
2342,70189,185595,255784
2343,69939,182052,251991
2344,69709,178589,248298
2345,70364,175198,245562
2346,71047,171986,243033
2347,71708,168793,240501
2348,71426,165643,237069
2349,71183,162616,233799
2350,70953,159622,230575
2351,70690,156699,227389
2352,70452,153982,224434
2353,70235,224308,294543
2354,69997,219650,289647
2355,69734,215053,284787
2356,69512,210526,280038
2357,70180,206163,276343
2358,70834,201970,272804
2359,71510,197934,269444
2360,71272,194005,265277
2361,71030,190195,261225
2362,70802,186478,257280
2363,70556,182875,253431
2364,70326,179297,249623
2365,70051,190279,260330
2366,69826,186470,256296
2367,69603,182877,252480
2368,69347,179275,248622
2369,70011,175950,245961
2370,70678,172704,243382
2371,71338,169564,240902
2372,71098,166460,237558
2373,70830,163348,234178
2374,70576,160368,230944
2375,70340,157517,227857
2376,70114,154750,224864
2377,69868,225338,295206
2378,69621,220582,290203
2379,69394,215862,285256
2380,69164,211377,280541
2381,69836,207089,276925
2382,70513,202894,273407
2383,71217,198802,270019
2384,70935,194658,265593
2385,70669,190827,261496
2386,70416,187049,257465
2387,70189,183465,253654
2388,69963,179999,249962
2389,69752,191062,260814
2390,69501,187322,256823
2391,69275,183637,252912
2392,69044,180182,249226
2393,69702,176705,246407
2394,70343,173418,243761
2395,71013,170234,241247
2396,70766,167146,237912
2397,70510,164094,234604
2398,70280,161154,231434
2399,70024,158312,228336
2400,69816,155513,225329
2401,69566,226609,296175
2402,69316,221764,291080
2403,69098,217029,286127
2404,68885,212476,281361
2405,69550,208023,277573
2406,70228,203757,273985
2407,70889,199613,270502
2408,70623,195588,266211
2409,70393,191714,262107
2410,70140,187977,258117
2411,69909,184379,254288
2412,69672,180711,250383
2413,69453,191931,261384
2414,69209,188044,257253
2415,68978,184323,253301
2416,68754,180817,249571
2417,69416,177427,246843
2418,70120,174084,244204
2419,70748,170911,241659
2420,70488,167767,238255
2421,70246,164733,234979
2422,70017,161680,231697
2423,69748,158752,228500
2424,69531,155929,225460
2425,69285,227328,296613
2426,69066,222665,291731
2427,68830,218070,286900
2428,68599,213529,282128
2429,69203,209229,278432
2430,69842,204946,274788
2431,70517,200938,271455
2432,70260,196859,267119
2433,70009,192928,262937
2434,69775,189136,258911
2435,69527,185423,254950
2436,69310,181808,251118
2437,69091,193083,262174
2438,68872,189329,258201
2439,68642,185601,254243
2440,68395,182129,250524
2441,69060,178619,247679
2442,69693,175309,245002
2443,70356,171997,242353
2444,70118,168939,239057
2445,69924,165848,235772
2446,69670,162880,232550
2447,69437,159947,229384
2448,69170,157172,226342
2449,68912,228963,297875
2450,68677,224109,292786
2451,68441,219341,287782
2452,68219,214789,283008
2453,68892,210379,279271
2454,69537,206157,275694
2455,70184,201969,272153
2456,70007,197960,267967
2457,69776,193915,263691
2458,69518,190159,259677
2459,69288,186419,255707
2460,69037,182828,251865
2461,68813,194137,262950
2462,68596,190274,258870
2463,68368,186562,254930
2464,68141,183015,251156
2465,68792,179487,248279
2466,69445,176156,245601
2467,70093,172825,242918
2468,69854,169536,239390
2469,69612,166491,236103
2470,69371,163506,232877
2471,69095,160556,229651
2472,68853,157753,226606
2473,68609,229920,298529
2474,68379,224969,293348
2475,68152,220207,288359
2476,67913,215628,283541
2477,68553,211152,279705
2478,69213,206696,275909
2479,69876,202446,272322
2480,69625,198359,267984
2481,69405,194367,263772
2482,69149,190564,259713
2483,68910,186854,255764
2484,68726,183246,251972
2485,68499,194690,263189
2486,68248,190903,259151
2487,68016,187283,255299
2488,67764,183781,251545
2489,68396,180247,248643
2490,69008,176910,245918
2491,69679,173775,243454
2492,69432,170577,240009
2493,69213,167502,236715
2494,68968,164513,233481
2495,68757,161535,230292
2496,68517,158755,227272
2497,68298,231416,299714
2498,68063,226491,294554
2499,67824,221724,289548
2500,67607,217062,284669
2501,68268,212528,280796
2502,68914,208036,276950
2503,69525,203826,273351
2504,69273,199717,268990
2505,69061,195668,264729
2506,68823,191845,260668
2507,68562,188092,256654
2508,68325,184497,252822
2509,68119,195979,264098
2510,67925,192119,260044
2511,67729,188327,256056
2512,67535,184652,252187
2513,68201,181168,249369
2514,68848,177701,246549
2515,69498,174405,243903
2516,69246,171174,240420
2517,69002,168029,237031
2518,68762,164976,233738
2519,68521,162034,230555
2520,68326,159277,227603
2521,68084,232425,300509
2522,67843,227418,295261
2523,67627,222596,290223
2524,67447,217845,285292
2525,68075,213329,281404
2526,68710,209012,277722
2527,69375,204752,274127
2528,69130,200617,269747
2529,68915,196543,265458
2530,68659,192666,261325
2531,68426,188973,257399
2532,68189,185392,253581
2533,67946,196998,264944
2534,67728,193137,260865
2535,67521,189392,256913
2536,67308,185720,253028
2537,67959,182251,250210
2538,68613,178822,247435
2539,69224,175430,244654
2540,69021,172185,241206
2541,68781,169053,237834
2542,68561,165962,234523
2543,68322,163021,231343
2544,68088,160161,228249
2545,67852,233749,301601
2546,67620,228832,296452
2547,67388,223979,291367
2548,67187,219230,286417
2549,67834,214704,282538
2550,68471,210284,278755
2551,69119,206117,275236
2552,68869,202007,270876
2553,68644,198075,266719
2554,68396,194217,262613
2555,68168,190448,258616
2556,67905,186728,254633
2557,67691,198424,266115
2558,67463,194453,261916
2559,67248,190639,257887
2560,67042,187030,254072
2561,67673,183378,251051
2562,68329,179909,248238
2563,68961,176428,245389
2564,68737,173168,241905
2565,68486,169974,238460
2566,68241,166989,235230
2567,68026,164003,232029
2568,67801,161069,228870
2569,67574,235048,302622
2570,67340,230032,297372
2571,67121,225141,292262
2572,66887,220388,287275
2573,67521,215928,283449
2574,68171,211621,279792
2575,68846,207232,276078
2576,68607,203007,271614
2577,68382,198933,267315
2578,68152,194924,263076
2579,67927,191165,259092
2580,67701,187499,255200
2581,67472,199224,266696
2582,67240,195322,262562
2583,67024,191560,258584
2584,66792,187807,254599
2585,67393,184297,251690
2586,68021,180917,248938
2587,68651,177559,246210
2588,68410,174307,242717
2589,68160,171124,239284
2590,67926,168037,235963
2591,67684,165016,232700
2592,67485,161890,229375
2593,67280,236386,303666
2594,67068,231282,298350
2595,66859,226283,293142
2596,66663,221451,288114
2597,67320,216830,284150
2598,67931,212300,280231
2599,68570,207997,276567
2600,68311,203806,272117
2601,68097,199751,267848
2602,67887,195824,263711
2603,67664,192032,259696
2604,67447,188286,255733
2605,67236,200303,267539
2606,67009,196409,263418
2607,66807,192475,259282
2608,66594,188804,255398
2609,67222,185276,252498
2610,67851,181887,249738
2611,68483,178427,246910
2612,68242,175289,243531
2613,67986,172045,240031
2614,67752,168837,236589
2615,67511,165750,233261
2616,67273,162686,229959
2617,67051,237630,304681
2618,66847,232680,299527
2619,66623,227881,294504
2620,66396,223146,289542
2621,67031,218479,285510
2622,67654,213881,281535
2623,68315,209630,277945
2624,68094,205357,273451
2625,67870,201270,269140
2626,67627,197369,264996
2627,67394,193600,260994
2628,67157,189840,256997
2629,66962,201741,268703
2630,66778,197828,264606
2631,66564,194005,260569
2632,66329,190226,256555
2633,66966,186550,253516
2634,67599,183085,250684
2635,68251,179586,247837
2636,68008,176310,244318
2637,67774,172964,240738
2638,67536,169800,237336
2639,67346,166837,234183
2640,67145,163852,230997
2641,66974,239340,306314
2642,66769,234322,301091
2643,66570,229315,295885
2644,66351,224541,290892
2645,67008,219977,286985
2646,67635,215462,283097
2647,68245,211077,279322
2648,68027,206859,274886
2649,67808,202717,270525
2650,67555,198669,266224
2651,67342,194744,262086
2652,67119,190975,258094
2653,66903,203032,269935
2654,66696,199036,265732
2655,66477,195023,261500
2656,66298,191189,257487
2657,66924,187484,254408
2658,67580,183889,251469
2659,68189,180416,248605
2660,67985,177112,245097
2661,67762,173818,241580
2662,67535,170557,238092
2663,67293,167502,234795
2664,67081,164523,231604
2665,66877,240430,307307
2666,66648,235351,301999
2667,66431,230299,296730
2668,66227,225497,291724
2669,66855,220685,287540
2670,67494,216160,283654
2671,68148,211855,280003
2672,67908,207580,275488
2673,67690,203471,271161
2674,67491,199499,266990
2675,67284,195587,262871
2676,67063,191724,258787
2677,66860,203849,270709
2678,66640,199807,266447
2679,66399,195829,262228
2680,66184,192074,258258
2681,66801,188332,255133
2682,67436,184685,252121
2683,68056,181198,249254
2684,67816,177847,245663
2685,67605,174548,242153
2686,67396,171327,238723
2687,67167,168423,235590
2688,66928,165433,232361
2689,66705,241785,308490
2690,66479,236619,303098
2691,66254,231641,297895
2692,66041,226784,292825
2693,66685,222062,288747
2694,67323,217430,284753
2695,67957,213023,280980
2696,67753,208671,276424
2697,67526,204506,272032
2698,67325,200496,267821
2699,67098,196596,263694
2700,66859,192816,259675
2701,66638,205051,271689
2702,66425,200961,267386
2703,66217,197057,263274
2704,65971,193295,259266
2705,66596,189665,256261
2706,67256,185974,253230
2707,67866,182441,250307
2708,67654,179125,246779
2709,67420,175935,243355
2710,67176,172741,239917
2711,66988,169683,236671
2712,66763,166698,233461
2713,66556,243646,310202
2714,66322,238445,304767
2715,66067,233408,299475
2716,65874,228617,294491
2717,66503,223794,290297
2718,67126,219191,286317
2719,67779,214748,282527
2720,67583,210368,277951
2721,67342,206159,273501
2722,67106,202079,269185
2723,66886,198265,265151
2724,66670,194402,261072
2725,66460,206764,273224
2726,66244,202664,268908
2727,66040,198728,264768
2728,65838,194822,260660
2729,66458,191165,257623
2730,67081,187451,254532
2731,67733,183972,251705
2732,67493,180549,248042
2733,67280,177187,244467
2734,67028,174047,241075
2735,66829,170927,237756
2736,66606,167775,234381
2737,66417,245229,311646
2738,66210,239930,306140
2739,66008,234854,300862
2740,65781,229772,295553
2741,66444,224909,291353
2742,67063,220168,287231
2743,67699,215613,283312
2744,67460,211286,278746
2745,67242,207068,274310
2746,67035,203036,270071
2747,66804,199067,265871
2748,66613,195136,261749
2749,66396,207622,274018
2750,66190,203414,269604
2751,65961,199472,265433
2752,65747,195535,261282
2753,66364,191838,258202
2754,67012,188266,255278
2755,67657,184787,252444
2756,67404,181336,248740
2757,67166,177953,245119
2758,66964,174741,241705
2759,66760,171550,238310
2760,66551,168463,235014
2761,66365,246255,312620
2762,66140,240904,307044
2763,65937,235796,301733
2764,65711,230846,296557
2765,66323,226181,292504
2766,66959,221579,288538
2767,67609,217089,284698
2768,67342,212631,279973
2769,67131,208431,275562
2770,66902,204265,271167
2771,66687,200237,266924
2772,66458,196451,262909
2773,66251,209027,275278
2774,66061,204984,271045
2775,65855,201059,266914
2776,65636,197131,262767
2777,66249,193359,259608
2778,66875,189687,256562
2779,67489,186127,253616
2780,67228,182590,249818
2781,66979,179235,246214
2782,66761,175918,242679
2783,66520,172700,239220
2784,66329,169615,235944
2785,66132,248089,314221
2786,65899,242688,308587
2787,65676,237624,303300
2788,65468,232675,298143
2789,66082,227887,293969
2790,66715,223173,289888
2791,67316,218527,285843
2792,67089,214044,281133
2793,66861,209754,276615
2794,66681,205549,272230
2795,66458,201520,267978
2796,66239,197613,263852
2797,66010,210334,276344
2798,65813,206097,271910
2799,65593,202093,267686
2800,65375,198173,263548
2801,66002,194422,260424
2802,66611,190624,257235
2803,67234,187060,254294
2804,67024,183602,250626
2805,66812,180082,246894
2806,66592,176800,243392
2807,66383,173611,239994
2808,66170,170470,236640
2809,65976,249364,315340
2810,65752,244052,309804
2811,65533,238937,304470
2812,65314,233859,299173
2813,65912,229009,294921
2814,66510,224220,290730
2815,67140,219560,286700
2816,66932,215160,282092
2817,66704,210794,277498
2818,66499,206575,273074
2819,66285,202452,268737
2820,66119,198464,264583
2821,65924,211268,277192
2822,65723,207040,272763
2823,65543,203103,268646
2824,65362,199242,264604
2825,65990,195347,261337
2826,66577,191671,258248
2827,67214,187998,255212
2828,67007,184452,251459
2829,66787,181211,247998
2830,66607,178001,244608
2831,66396,174717,241113
2832,66209,171514,237723
2833,66001,251115,317116
2834,65798,245734,311532
2835,65609,240416,306025
2836,65400,235375,300775
2837,66002,230296,296298
2838,66628,225447,292075
2839,67214,220924,288138
2840,66973,216449,283422
2841,66739,212071,278810
2842,66528,207768,274296
2843,66322,203518,269840
2844,66117,199645,265762
2845,65904,212576,278480
2846,65674,208301,273975
2847,65457,204287,269744
2848,65257,200347,265604
2849,65852,196467,262319
2850,66440,192738,259178
2851,67089,189166,256255
2852,66850,185639,252489
2853,66621,182121,248742
2854,66378,178777,245155
2855,66163,175595,241758
2856,65950,172467,238417
2857,65739,252554,318293
2858,65551,247016,312567
2859,65338,241713,307051
2860,65128,236653,301781
2861,65733,231689,297422
2862,66341,226777,293118
2863,66968,222119,289087
2864,66754,217689,284443
2865,66532,213351,279883
2866,66313,209073,275386
2867,66113,204920,271033
2868,65895,200934,266829
2869,65694,213938,279632
2870,65508,209725,275233
2871,65294,205622,270916
2872,65095,201577,266672
2873,65692,197684,263376
2874,66304,193759,260063
2875,66890,190110,257000
2876,66677,186465,253142
2877,66459,183024,249483
2878,66249,179843,246092
2879,66053,176689,242742
2880,65827,173610,239437
2881,65632,254080,319712
2882,65422,248706,314128
2883,65215,243377,308592
2884,65020,238359,303379
2885,65620,233393,299013
2886,66225,228535,294760
2887,66829,223833,290662
2888,66612,219152,285764
2889,66380,214766,281146
2890,66173,210523,276696
2891,65965,206310,272275
2892,65743,202345,268088
2893,65540,215475,281015
2894,65343,211165,276508
2895,65157,206940,272097
2896,64946,202828,267774
2897,65568,198923,264491
2898,66208,194982,261190
2899,66843,191174,258017
2900,66637,187525,254162
2901,66404,184034,250438
2902,66204,180734,246938
2903,66008,177594,243602
2904,65798,174364,240162
2905,65582,255423,321005
2906,65376,250089,315465
2907,65186,244793,309979
2908,64978,239589,304567
2909,65562,234442,300004
2910,66151,229555,295706
2911,66761,224810,291571
2912,66558,220195,286753
2913,66331,215728,282059
2914,66110,211434,277544
2915,65891,207262,273153
2916,65687,203289,268976
2917,65486,216477,281963
2918,65287,212277,277564
2919,65075,208060,273135
2920,64880,204003,268883
2921,65501,200149,265650
2922,66077,196347,262424
2923,66696,192653,259349
2924,66463,189039,255502
2925,66242,185478,251720
2926,66037,182084,248121
2927,65823,178783,244606
2928,65625,175554,241179
2929,65423,257120,322543
2930,65219,251560,316779
2931,65012,246071,311083
2932,64806,240815,305621
2933,65384,235830,301214
2934,65982,230966,296948
2935,66584,226232,292816
2936,66384,221645,288029
2937,66175,217191,283366
2938,65954,212821,278775
2939,65752,208659,274411
2940,65523,204563,270086
2941,65330,217995,283325
2942,65114,213611,278725
2943,64909,209369,274278
2944,64705,205330,270035
2945,65300,201364,266664
2946,65892,197457,263349
2947,66486,193642,260128
2948,66250,189884,256134
2949,66006,186377,252383
2950,65788,183036,248824
2951,65581,179712,245293
2952,65375,176502,241877
2953,65163,258776,323939
2954,64973,253186,318159
2955,64763,247732,312495
2956,64567,242607,307174
2957,65168,237432,302600
2958,65765,232463,298228
2959,66367,227836,294203
2960,66120,223232,289352
2961,65921,218651,284572
2962,65705,214323,280028
2963,65481,210110,275591
2964,65247,205988,271235
2965,65052,219327,284379
2966,64864,214977,279841
2967,64643,210728,275371
2968,64432,206540,270972
2969,65001,202529,267530
2970,65583,198533,264116
2971,66148,194746,260894
2972,65915,191060,256975
2973,65688,187505,253193
2974,65498,183947,249445
2975,65299,180650,245949
2976,65103,177303,242406
2977,64913,260166,325079
2978,64710,254540,319250
2979,64524,249098,313622
2980,64336,243832,308168
2981,64914,238725,303639
2982,65506,233833,299339
2983,66091,229134,295225
2984,65857,224423,290280
2985,65652,219939,285591
2986,65439,215471,280910
2987,65256,211185,276441
2988,65044,207070,272114
2989,64850,220680,285530
2990,64657,216270,280927
2991,64472,211897,276369
2992,64276,207807,272083
2993,64872,203682,268554
2994,65471,199677,265148
2995,66083,196073,262156
2996,65855,192460,258315
2997,65659,188823,254482
2998,65447,185381,250828
2999,65246,181932,247178
3000,65053,178713,243766
3001,64842,262096,326938
3002,64638,256403,321041
3003,64449,250920,315369
3004,64271,245608,309879
3005,64856,240382,305238
3006,65445,235374,300819
3007,66018,230560,296578
3008,65810,225714,291524
3009,65620,221161,286781
3010,65405,216665,282070
3011,65196,212227,277423
3012,65009,207978,272987
3013,64833,221674,286507
3014,64647,217265,281912
3015,64471,212953,277424
3016,64278,208725,273003
3017,64861,204720,269581
3018,65428,200822,266250
3019,66031,197037,263068
3020,65802,193401,259203
3021,65604,189837,255441
3022,65410,186341,251751
3023,65207,182824,248031
3024,64987,179582,244569
3025,64806,263672,328478
3026,64617,258082,322699
3027,64418,252538,316956
3028,64253,247179,311432
3029,64805,242081,306886
3030,65418,236933,302351
3031,65993,231956,297949
3032,65789,227208,292997
3033,65582,222632,288214
3034,65380,218192,283572
3035,65191,213902,279093
3036,64988,209695,274683
3037,64798,223436,288234
3038,64590,219093,283683
3039,64407,214794,279201
3040,64209,210589,274798
3041,64783,206417,271200
3042,65366,202374,267740
3043,65987,198498,264485
3044,65780,194696,260476
3045,65574,191135,256709
3046,65366,187605,252971
3047,65163,184161,249324
3048,64988,180869,245857
3049,64813,265486,330299
3050,64623,259722,324345
3051,64403,254263,318666
3052,64188,248876,313064
3053,64729,243710,308439
3054,65329,238694,304023
3055,65905,233827,299732
3056,65730,228950,294680
3057,65545,224352,289897
3058,65355,219804,285159
3059,65137,215437,280574
3060,64938,211075,276013
3061,64734,225004,289738
3062,64535,220610,285145
3063,64334,216228,280562
3064,64125,211960,276085
3065,64697,207873,272570
3066,65260,203875,269135
3067,65835,200001,265836
3068,65646,196260,261906
3069,65423,192538,257961
3070,65214,188984,254198
3071,65025,185550,250575
3072,64799,182186,246985
3073,64601,267505,332106
3074,64393,261736,326129
3075,64223,256057,320280
3076,64017,250635,314652
3077,64582,245259,309841
3078,65158,240301,305459
3079,65759,235357,301116
3080,65543,230577,296120
3081,65350,225958,291308
3082,65157,221387,286544
3083,64936,217022,281958
3084,64729,212666,277395
3085,64531,226647,291178
3086,64353,222176,286529
3087,64191,217786,281977
3088,64007,213578,277585
3089,64571,209447,274018
3090,65150,205413,270563
3091,65712,201508,267220
3092,65519,197605,263124
3093,65318,193924,259242
3094,65100,190364,255464
3095,64916,186903,251819
3096,64735,183595,248330
3097,64566,269646,334212
3098,64370,263723,328093
3099,64192,258044,322236
3100,63996,252419,316415
3101,64579,247134,311713
3102,65163,242014,307177
3103,65729,237087,302816
3104,65521,232304,297825
3105,65296,227562,292858
3106,65093,223010,288103
3107,64892,218579,283471
3108,64697,214228,278925
3109,64511,228466,292977
3110,64317,223817,288134
3111,64117,219354,283471
3112,63959,215128,279087
3113,64542,211006,275548
3114,65107,206950,272057
3115,65700,202986,268686
3116,65515,198999,264514
3117,65308,195229,260537
3118,65100,191713,256813
3119,64903,188212,253115
3120,64727,184808,249535
3121,64528,271405,335933
3122,64321,265539,329860
3123,64135,259961,324096
3124,63945,254481,318426
3125,64487,249205,313692
3126,65068,244130,309198
3127,65645,239074,304719
3128,65441,234111,299552
3129,65245,229354,294599
3130,65008,224807,289815
3131,64818,220448,285266
3132,64612,216110,280722
3133,64411,230294,294705
3134,64228,225655,289883
3135,64026,221028,285054
3136,63834,216628,280462
3137,64402,212436,276838
3138,64971,208327,273298
3139,65533,204282,269815
3140,65333,200496,265829
3141,65129,196667,261796
3142,64923,193117,258040
3143,64735,189522,254257
3144,64522,186094,250616
3145,64340,273316,337656
3146,64157,267208,331365
3147,63964,261408,325372
3148,63753,255997,319750
3149,64289,250506,314795
3150,64866,245314,310180
3151,65397,240370,305767
3152,65178,235517,300695
3153,64987,230764,295751
3154,64789,226126,290915
3155,64608,221639,286247
3156,64420,217237,281657
3157,64187,231611,295798
3158,63986,226952,290938
3159,63799,222453,286252
3160,63598,218061,281659
3161,64129,213831,277960
3162,64673,209812,274485
3163,65205,205840,271045
3164,64987,202056,267043
3165,64781,198187,262968
3166,64595,194545,259140
3167,64384,190918,255302
3168,64222,187456,251678
3169,64033,275386,339419
3170,63832,269522,333354
3171,63635,263722,327357
3172,63470,258174,321644
3173,64017,252676,316693
3174,64539,247330,311869
3175,65096,242216,307312
3176,64912,237277,302189
3177,64711,232529,297240
3178,64515,227863,292378
3179,64304,223418,287722
3180,64120,219023,283143
3181,63937,233501,297438
3182,63781,228793,292574
3183,63591,224381,287972
3184,63411,219860,283271
3185,63971,215480,279451
3186,64527,211226,275753
3187,65088,207263,272351
3188,64873,203374,268247
3189,64655,199417,264072
3190,64467,195777,260244
3191,64256,192114,256370
3192,64056,188626,252682
3193,63886,277194,341080
3194,63693,271089,334782
3195,63525,265264,328789
3196,63331,259661,322992
3197,63869,254135,318004
3198,64430,248868,313298
3199,64987,243677,308664
3200,64802,238622,303424
3201,64589,233801,298390
3202,64416,229046,293462
3203,64227,224516,288743
3204,64065,220176,284241
3205,63883,234925,298808
3206,63685,230196,293881
3207,63495,225552,289047
3208,63326,221196,284522
3209,63870,216857,280727
3210,64460,212619,277079
3211,65001,208503,273504
3212,64798,204593,269391
3213,64601,200696,265297
3214,64438,196990,261428
3215,64263,193346,257609
3216,64074,189740,253814
3217,63899,279034,342933
3218,63712,272902,336614
3219,63527,266977,330504
3220,63335,261212,324547
3221,63897,255779,319676
3222,64452,250364,314816
3223,64994,245166,310160
3224,64799,240164,304963
3225,64606,235216,299822
3226,64398,230402,294800
3227,64207,225929,290136
3228,64014,221451,285465
3229,63827,236122,299949
3230,63634,231271,294905
3231,63446,226506,289952
3232,63293,222076,285369
3233,63820,217704,281524
3234,64364,213380,277744
3235,64884,209237,274121
3236,64684,205235,269919
3237,64506,201346,265852
3238,64320,197425,261745
3239,64130,193732,257862
3240,63937,190169,254106
3241,63768,280201,343969
3242,63566,274007,337573
3243,63390,268294,331684
3244,63226,262561,325787
3245,63764,256977,320741
3246,64299,251632,315931
3247,64834,246378,311212
3248,64623,241223,305846
3249,64461,236283,300744
3250,64281,231573,295854
3251,64121,227013,291134
3252,63922,222510,286432
3253,63715,237380,301095
3254,63537,232536,296073
3255,63336,227858,291194
3256,63134,223243,286377
3257,63673,218738,282411
3258,64225,214538,278763
3259,64741,210350,275091
3260,64555,206388,270943
3261,64358,202523,266881
3262,64175,198845,263020
3263,64008,195243,259251
3264,63817,191710,255527
3265,63612,282564,346176
3266,63427,276397,339824
3267,63246,270297,333543
3268,63066,264473,327539
3269,63591,258927,322518
3270,64133,253531,317664
3271,64665,248313,312978
3272,64469,243219,307688
3273,64280,238175,302455
3274,64105,233372,297477
3275,63933,228572,292505
3276,63737,224036,287773
3277,63560,239136,302696
3278,63372,234363,297735
3279,63181,229712,292893
3280,63017,225277,288294
3281,63556,220891,284447
3282,64098,216662,280760
3283,64642,212554,277196
3284,64439,208502,272941
3285,64250,204576,268826
3286,64063,200887,264950
3287,63875,197115,260990
3288,63687,193544,257231
3289,63496,285215,348711
3290,63328,278918,342246
3291,63140,272848,335988
3292,62974,266913,329887
3293,63523,261275,324798
3294,64060,255764,319824
3295,64588,250468,315056
3296,64418,245225,309643
3297,64216,240140,304356
3298,64040,235221,299261
3299,63864,230482,294346
3300,63689,225921,289610
3301,63518,241030,304548
3302,63337,236065,299402
3303,63167,231389,294556
3304,62990,226733,289723
3305,63527,222281,285808
3306,64067,217907,281974
3307,64584,213807,278391
3308,64387,209682,274069
3309,64187,205746,269933
3310,64008,202007,266015
3311,63795,198216,262011
3312,63600,194712,258312
3313,63402,287094,350496
3314,63218,280845,344063
3315,63042,274875,337917
3316,62876,268978,331854
3317,63400,263230,326630
3318,63922,257783,321705
3319,64463,252258,316721
3320,64296,247016,311312
3321,64111,242042,306153
3322,63924,237121,301045
3323,63725,232368,296093
3324,63547,227755,291302
3325,63356,243076,306432
3326,63177,238276,301453
3327,62990,233541,296531
3328,62811,228879,291690
3329,63359,224462,287821
3330,63910,220018,283928
3331,64436,215756,280192
3332,64230,211613,275843
3333,64059,207587,271646
3334,63866,203623,267489
3335,63685,199919,263604
3336,63513,196125,259638
3337,63352,289197,352549
3338,63154,282930,346084
3339,62951,276828,339779
3340,62792,270879,333671
3341,63339,265129,328468
3342,63859,259655,323514
3343,64394,254280,318674
3344,64189,249156,313345
3345,63990,243972,307962
3346,63801,239105,302906
3347,63635,234267,297902
3348,63452,229589,293041
3349,63284,244997,308281
3350,63101,240043,303144
3351,62930,235314,298244
3352,62757,230656,293413
3353,63298,226108,289406
3354,63839,221674,285513
3355,64367,217345,281712
3356,64167,213217,277384
3357,63943,209195,273138
3358,63746,205295,269041
3359,63573,201445,265018
3360,63399,197690,261089
3361,63203,291645,354848
3362,63008,285346,348354
3363,62850,279134,341984
3364,62668,273222,335890
3365,63220,267373,330593
3366,63752,261790,325542
3367,64268,256434,320702
3368,64065,251130,315195
3369,63874,246068,309942
3370,63673,241030,304703
3371,63515,236188,299703
3372,63340,231457,294797
3373,63167,247003,310170
3374,62993,242065,305058
3375,62804,237243,300047
3376,62633,232594,295227
3377,63151,227922,291073
3378,63679,223414,287093
3379,64225,219153,283378
3380,64047,214926,278973
3381,63853,210821,274674
3382,63682,206878,270560
3383,63510,202869,266379
3384,63320,199190,262510
3385,63153,293912,357065
3386,62965,287413,350378
3387,62795,281247,344042
3388,62632,275198,337830
3389,63170,269248,332418
3390,63688,263623,327311
3391,64193,258226,322419
3392,64005,252966,316971
3393,63815,247883,311698
3394,63664,242963,306627
3395,63499,237968,301467
3396,63312,233335,296647
3397,63125,249065,312190
3398,62955,243928,306883
3399,62786,238948,301734
3400,62611,234275,296886
3401,63149,229665,292814
3402,63683,225218,288901
3403,64213,220763,284976
3404,64020,216390,280410
3405,63856,212237,276093
3406,63658,208407,272065
3407,63482,204506,267988
3408,63318,200681,263999
3409,63121,296127,359248
3410,62960,289739,352699
3411,62791,283358,346149
3412,62615,277301,339916
3413,63152,271384,334536
3414,63696,265713,329409
3415,64206,260151,324357
3416,64022,254968,318990
3417,63834,249829,313663
3418,63655,244715,308370
3419,63462,239663,303125
3420,63281,234783,298064
3421,63082,250673,313755
3422,62906,245592,308498
3423,62709,240639,303348
3424,62522,235796,298318
3425,63029,231063,294092
3426,63506,226539,290045
3427,64007,222222,286229
3428,63804,217976,281780
3429,63608,213726,277334
3430,63436,209717,273153
3431,63255,205846,269101
3432,63071,202033,265104
3433,62867,298374,361241
3434,62687,291805,354492
3435,62475,285446,347921
3436,62292,279322,341614
3437,62800,273388,336188
3438,63294,267649,330943
3439,63788,262145,325933
3440,63594,256697,320291
3441,63402,251390,314792
3442,63213,246252,309465
3443,63053,241206,304259
3444,62882,236366,299248
3445,62717,252567,315284
3446,62551,247486,310037
3447,62363,242563,304926
3448,62185,237751,299936
3449,62698,232970,295668
3450,63201,228424,291625
3451,63716,223987,287703
3452,63527,219808,283335
3453,63346,215660,279006
3454,63177,211483,274660
3455,63019,207569,270588
3456,62857,203669,266526
3457,62660,300756,363416
3458,62484,294083,356567
3459,62322,287733,350055
3460,62154,281467,343621
3461,62659,275432,338091
3462,63152,269665,332817
3463,63662,264067,327729
3464,63494,258620,322114
3465,63311,253256,316567
3466,63104,248142,311246
3467,62942,243215,306157
3468,62784,238407,301191
3469,62625,254461,317086
3470,62440,249445,311885
3471,62283,244412,306695
3472,62146,239555,301701
3473,62617,234823,297440
3474,63118,230268,293386
3475,63637,225794,289431
3476,63470,221575,285045
3477,63297,217389,280686
3478,63133,213411,276544
3479,62959,209386,272345
3480,62775,205507,268282
3481,62605,303487,366092
3482,62420,296843,359263
3483,62261,290401,352662
3484,62098,284193,346291
3485,62588,278160,340748
3486,63061,272236,335297
3487,63550,266450,330000
3488,63391,260846,324237
3489,63223,255532,318755
3490,63040,250434,313474
3491,62854,245429,308283
3492,62667,240393,303060
3493,62505,256818,319323
3494,62328,251547,313875
3495,62152,246396,308548
3496,61978,241423,303401
3497,62470,236640,299110
3498,62961,232092,295053
3499,63444,227682,291126
3500,63277,223322,286599
3501,63113,219055,282168
3502,62927,214917,277844
3503,62748,210948,273696
3504,62580,207068,269648
3505,62426,305938,368364
3506,62274,299219,361493
3507,62106,292617,354723
3508,61956,286328,348284
3509,62429,280079,342508
3510,62908,274044,336952
3511,63430,268356,331786
3512,63258,262598,325856
3513,63077,257278,320355
3514,62904,252128,315032
3515,62710,247102,309812
3516,62573,242149,304722
3517,62403,258605,321008
3518,62243,253382,315625
3519,62077,248269,310346
3520,61898,243309,305207
3521,62385,238489,300874
3522,62874,233652,296526
3523,63350,229156,292506
3524,63163,224711,287874
3525,62981,220364,283345
3526,62818,216225,279043
3527,62656,212122,274778
3528,62497,208309,270806
3529,62316,308012,370328
3530,62166,301246,363412
3531,62013,294772,356785
3532,61860,288357,350217
3533,62339,282112,344451
3534,62822,276030,338852
3535,63311,270140,333451
3536,63129,264600,327729
3537,62953,259099,322052
3538,62780,253731,316511
3539,62611,248603,311214
3540,62461,243715,306176
3541,62314,260305,322619
3542,62133,254963,317096
3543,61963,249703,311666
3544,61791,244594,306385
3545,62311,239823,302134
3546,62797,235051,297848
3547,63286,230471,293757
3548,63100,226079,289179
3549,62940,221797,284737
3550,62768,217646,280414
3551,62609,213563,276172
3552,62427,209463,271890
3553,62262,310132,372394
3554,62110,303420,365530
3555,61944,296787,358731
3556,61778,290298,352076
3557,62248,284039,346287
3558,62735,278006,340741
3559,63236,272179,335415
3560,63058,266689,329747
3561,62901,261074,323975
3562,62725,255823,318548
3563,62542,250611,313153
3564,62370,245575,307945
3565,62200,262234,324434
3566,62059,256818,318877
3567,61886,251688,313574
3568,61714,246569,308283
3569,62180,241665,303845
3570,62674,236980,299654
3571,63144,232324,295468
3572,62956,227903,290859
3573,62789,223657,286446
3574,62577,219374,281951
3575,62423,215243,277666
3576,62274,211288,273562
3577,62108,312854,374962
3578,61925,306081,368006
3579,61769,299451,361220
3580,61631,292955,354586
3581,62115,286705,348820
3582,62591,280644,343235
3583,63091,274787,337878
3584,62910,269088,331998
3585,62725,263567,326292
3586,62544,258155,320699
3587,62361,252837,315198
3588,62190,247844,310034
3589,62032,264654,326686
3590,61875,259197,321072
3591,61711,253875,315586
3592,61551,248802,310353
3593,62044,243980,306024
3594,62541,239212,301753
3595,63042,234569,297611
3596,62858,230081,292939
3597,62684,225644,288328
3598,62519,221280,283799
3599,62360,217204,279564
3600,62215,213140,275355