seed,cycle,investor_percent_earning_share,investor_count,investment_rotation_years,nursery_count,police_count,member_count,exotic_price_per_bdft,native_price_per_bdft,Seedling,Sapling,Pole,Adult,Native,Seedling,Sapling,Pole,Adult,Exotic,Total,management_running_cost,ITP_running_earning,net_running_earning,m_partners_earning,average m_partners_earning,m_independent_earning,average m_independent_earning,own_laborer,member_laborer,independent_laborer,investor_total_profit,total_investment_cost,total net investor profit,average net investor profit,total_investments,inv_harvested_trees,with_investment,equally_profitable
10,193,0.3,5,15,3,3,30,45.06,49.35,56130,96236,28211,9944,190521,29180,32631,3480,31158,96449,286970,10795377.45,4787166.785,-6008210.667,10515649.01,6078.409835,149504618.5,94683.10226,724,1730,1579,942069.8736,836279.55,105790.3236,21158.06473,5,0,TRUE,0
10,188,0.3,5,15,3,3,30,90.12,98.7,76141,84920,28577,9580,199218,4767,35386,3891,28179,72223,271441,10797014.63,8570550.912,-2226463.72,12649331.83,7736.59439,473810874,248458.7698,583,1635,1907,1782884.623,836279.55,946605.0729,189321.0146,5,0,TRUE,0
10,193,0.3,5,15,3,3,15,45.06,49.35,60779,96973,26668,10965,195385,32250,35659,3391,34557,105857,301242,8062891.917,4548429.51,-3514462.406,5096634.522,4113.506475,68232273.18,98034.87526,344,1239,696,734402.2409,836279.55,-101877.3091,-20375.46182,5,0,TRUE,0
10,188,0.3,5,15,3,3,15,90.12,98.7,83744,84954,27765,11246,207709,5219,42636,4010,36044,87909,295618,10589209.09,9271102.589,-1318106.498,6858424.806,4017.823554,67646763.92,336551.0643,174,1707,201,3157034.685,836279.55,2320755.135,464151.0269,5,10,TRUE,0
10,193,0.3,5,15,3,1,30,45.06,49.35,55624,93590,29025,9634,187873,27538,32831,3271,29536,93176,281049,10124349.44,5164071.043,-4960278.397,7813527.115,4295.506935,197522764.9,101501.9347,586,1819,1946,1262239.149,836279.55,425959.5989,85191.91978,5,0,TRUE,0
10,188,0.3,5,15,3,1,30,90.12,98.7,75087,85301,28287,9416,198091,4646,36258,3905,27656,72465,270556,8181738.884,6966386.58,-1215352.304,8982624.959,6738.653383,505957820.4,244070.3427,588,1333,2073,401815.2573,836279.55,-434464.2927,-86892.85854,5,46,TRUE,0
10,192,0.3,5,15,3,1,15,45.06,49.35,65860,96265,27488,11502,201115,4753,39124,3563,37591,85031,286146,11197638.3,5223145.899,-5974492.397,8056747.936,3984.543984,0,0,144,2022,0,1188262.314,836279.55,351982.7637,70396.55274,5,1,TRUE,0
10,188,0.3,5,15,3,1,15,90.12,98.7,83862,85144,27628,11355,207989,5337,43492,4001,37104,89934,297923,11119605.9,9574713.235,-1544892.663,7875108.633,3981.349157,0,0,136,1978,0,3430220.395,836279.55,2593940.845,518788.1691,5,13,TRUE,0
10,193,0.3,5,15,1,3,30,45.06,49.35,54206,92569,27471,9304,183550,25735,30154,3302,27773,86964,270514,8887766.516,4411704.084,-4476062.432,6517384.972,5013.373055,226579456.7,99639.16303,617,1300,2274,1057647.866,836279.55,221368.3156,44273.66312,5,0,TRUE,0
10,188,0.3,5,15,1,3,30,90.12,98.7,73479,80058,29606,9365,192508,4579,35130,3834,27574,71117,263625,9596064.679,7414965.375,-2181099.305,11009125.92,7388.675115,478322830.7,227123.8513,630,1490,2106,1667189.061,836279.55,830909.5114,166181.9023,5,0,TRUE,0
10,193,0.3,5,15,1,3,15,45.06,49.35,59890,94866,28047,10761,193564,31385,34663,3385,33515,102948,296512,8173867.372,4512426.952,-3661440.42,5295664.469,4867.338666,106782795.7,123877.9533,481,1088,862,1142154.277,836279.55,305874.7274,61174.94549,5,0,TRUE,0
10,188,0.3,5,15,1,3,15,90.12,98.7,82329,83864,27897,10985,205075,5221,40936,4013,34490,84660,289735,9143625.696,7991009.679,-1152616.017,6841452.823,5037.888677,145569116.6,298297.3702,252,1358,488,2937034.935,836279.55,2100755.385,420151.0769,5,10,TRUE,0
10,193,0.3,5,15,1,1,30,45.06,49.35,53401,90211,27370,9201,180183,24949,29523,3381,27027,84880,265063,8752973.971,3990569.43,-4762404.541,7131392.679,5382.183154,252986458,104886.5912,425,1325,2412,694847.8303,836279.55,-141431.7197,-28286.34394,5,0,TRUE,0
10,188,0.3,5,15,1,1,30,90.12,98.7,76269,82452,29989,9889,198599,4921,37049,3844,30374,76188,274787,9690919.097,7735615.706,-1955303.391,16383262.45,10604.05337,356298744.7,217919.7216,646,1545,1635,1938377.253,836279.55,1102097.703,220419.5406,5,0,TRUE,0
10,193,0.3,5,15,1,1,15,45.06,49.35,61037,95544,27732,10778,195091,31298,35952,3456,33670,104376,299467,7572285.438,4680010.232,-2892275.206,5501423.633,5269.562867,103732564.5,129503.8259,308,1044,801,1285793.895,836279.55,449514.345,89902.869,5,0,TRUE,0
10,188,0.3,5,15,1,1,15,90.12,98.7,80557,82953,28137,10764,202411,5166,40266,4024,33884,83340,285751,9158247.186,8113860.14,-1044387.046,5961331.563,4571.573284,165036339,261133.4479,335,1304,632,3042328.942,836279.55,2206049.392,441209.8783,5,10,TRUE,0
10,128,0.3,5,10,3,3,30,45.06,49.35,68759,56477,33213,8967,167416,19025,26741,7991,30092,83849,251265,7550984.75,3683648.628,-3867336.122,5337408.025,4744.362689,122648614.5,93198.03533,446,1125,1316,355893.4159,569564.8,-213671.3841,-42734.27682,5,0,TRUE,0
10,128,0.3,5,10,3,3,30,90.12,98.7,68786,56490,33230,8976,167482,19027,26737,7988,30063,83815,251297,7535004.061,6797732.455,-737271.6058,6378572.979,5669.842648,247216786.5,187854.701,446,1125,1316,711786.8318,569564.8,142222.0318,28444.40636,5,0,TRUE,0
10,128,0.3,5,10,3,3,15,45.06,49.35,74846,54690,34145,10125,173806,22068,29257,8264,34335,93924,267730,7664517.494,3971933.477,-3692584.017,4384756.837,4011.671397,31151019.54,154212.968,181,1093,202,941926.3608,569564.8,372361.5608,74472.31216,5,9,TRUE,0
10,128,0.3,5,10,3,3,15,90.12,98.7,74846,54690,34145,10125,173806,22068,29257,8264,34335,93924,267730,7664517.494,7374302.154,-290215.3404,4397409.233,4023.24724,62302039.07,308425.936,181,1093,202,1883852.722,569564.8,1314287.922,262857.5843,5,9,TRUE,0
10,128,0.3,5,10,3,1,30,45.06,49.35,68038,54070,33719,8834,164661,18415,26311,8253,28894,81873,246534,7730693.123,3834182.22,-3896510.903,4989333.959,4368.943922,148283534.4,104572.3092,283,1142,1418,486495.5662,569564.8,-83069.2338,-16613.84676,5,0,TRUE,0
10,128,0.3,5,10,3,1,30,90.12,98.7,68038,54070,33719,8834,164661,18415,26311,8253,28894,81873,246534,7730693.123,7098799.64,-631893.4825,5526918.426,4839.683385,296567068.8,209144.6183,283,1142,1418,972991.1324,569564.8,403426.3324,80685.26648,5,0,TRUE,0
10,128,0.3,5,10,3,1,15,45.06,49.35,74238,55670,33911,10021,173840,22017,29105,8410,34323,93855,267695,7767669.561,3968758.964,-3798910.597,4486449.314,4248.531547,27721561.73,121054.8547,322,1056,229,941926.3608,569564.8,372361.5608,74472.31216,5,9,TRUE,0
10,128,0.3,5,10,3,1,15,90.12,98.7,74238,55670,33911,10021,173840,22017,29105,8410,34323,93855,267695,7767669.561,7367953.129,-399716.4323,4741634.505,4490.184191,55443123.47,242109.7095,322,1056,229,1883852.722,569564.8,1314287.922,262857.5843,5,9,TRUE,0
10,128,0.3,5,10,1,3,30,45.06,49.35,68125,55110,33295,8942,165472,18913,26814,7944,29729,83400,248872,6647749.488,3225911.289,-3421838.199,5013569.954,5033.704773,132333993.2,91264.82291,372,996,1450,404684.9753,569564.8,-164879.8247,-32975.96493,5,0,TRUE,0
10,128,0.3,5,10,1,3,30,90.12,98.7,68125,55110,33295,8942,165472,18913,26814,7944,29729,83400,248872,6647749.488,5882257.778,-765491.7102,5950278.964,5974.175666,264667986.4,182529.6458,372,996,1450,809369.9507,569564.8,239805.1507,47961.03013,5,0,TRUE,0
10,128,0.3,5,10,1,3,15,45.06,49.35,74170,55164,34080,9935,173349,21380,29066,8364,33526,92336,265685,6528808.592,3457272.652,-3071535.94,3926960.813,4363.289792,52176672.54,148229.1833,204,900,352,941926.3608,569564.8,372361.5608,74472.31216,5,9,TRUE,0
10,128,0.3,5,10,1,3,15,90.12,98.7,74170,55164,34080,9935,173349,21380,29066,8364,33526,92336,265685,6528808.592,6344980.504,-183828.0882,3993557.76,4437.2864,104353345.1,296458.3667,204,900,352,1883852.722,569564.8,1314287.922,262857.5843,5,9,TRUE,0
10,128,0.3,5,10,1,1,30,45.06,49.35,66709,56831,33231,8967,165738,19320,26212,7978,30263,83773,249511,7048924.382,3520146.116,-3528778.266,5914953.514,5776.321791,110532066.8,83863.48014,451,1024,1318,658459.6125,569564.8,88894.81253,17778.96251,5,0,TRUE,0
10,128,0.3,5,10,1,1,30,90.12,98.7,66709,56831,33231,8967,165738,19320,26212,7978,30263,83773,249511,7048924.382,6470727.432,-578196.9505,7797134.622,7614.389279,221064133.7,167726.9603,451,1024,1318,1316919.225,569564.8,747354.4251,149470.885,5,0,TRUE,0
10,128,0.3,5,10,1,1,15,45.06,49.35,73979,55194,34104,9911,173188,21552,28608,8443,33572,92175,265363,6476582.22,3340192.431,-3136389.79,4086701.003,4643.978413,46163236.15,132652.9774,228,880,348,841571.8853,569564.8,272007.0853,54401.41707,5,9,TRUE,0
10,128,0.3,5,10,1,1,15,90.12,98.7,73979,55194,34104,9911,173188,21552,28608,8443,33572,92175,265363,6476582.22,6110820.061,-365762.159,4378735.709,4975.836033,92326472.29,265305.9549,228,880,348,1683143.771,569564.8,1113578.971,222715.7941,5,9,TRUE,0
10,199,0.3,30,15,3,3,30,45.06,49.35,89229,96079,27487,12175,224970,25561,39899,3162,38011,106633,331603,39766899.4,15244202.24,-24522697.16,19442897.87,3898.716236,0,0,3175,4987,0,2633598.967,5017677.3,-2384078.333,-79469.27775,30,492,TRUE,0
10,198,0.3,30,15,3,3,30,90.12,98.7,80000,96000,27065,12115,215180,26543,41092,3271,38350,109256,324436,37692936.15,14581256.77,-23111679.38,19470854.31,3916.888816,0,0,3183,4971,0,2126136.33,5017677.3,-2891540.97,-96384.699,30,702,TRUE,0
10,199,0.3,30,15,3,3,15,45.06,49.35,88811,94249,27163,12163,222386,25488,39197,3091,37996,105772,328158,30815601.8,16406563.49,-14409038.32,8804939.149,3480.213102,0,0,3158,2530,0,4571570.765,5017677.3,-446106.5351,-14870.21784,30,467,TRUE,0
10,199,0.3,30,15,3,3,15,90.12,98.7,88241,93888,26924,12090,221143,25706,39128,2996,38060,105890,327033,30116481.63,24414507.84,-5701973.789,9287902.317,3658.09465,0,0,3167,2539,0,6390578.441,5017677.3,1372901.141,45763.37135,30,516,TRUE,0
10,199,0.3,30,15,3,1,30,45.06,49.35,89114,95975,27470,12204,224763,25616,39818,3170,37961,106565,331328,40575933.22,16958971.46,-23616961.76,18482478.63,3700.93685,0,0,3174,4994,0,4640105.75,5017677.3,-377571.5498,-12585.71833,30,432,TRUE,0
10,198,0.3,30,15,3,1,30,90.12,98.7,80515,96386,26993,12175,216069,26499,41236,3217,38272,109224,325293,39163977.1,24425639.14,-14738337.96,18587755.54,3740.743718,0,0,3171,4969,0,8418686.347,5017677.3,3401009.047,113366.9682,30,533,TRUE,0
10,200,0.3,30,15,3,1,15,45.06,49.35,87494,92499,26689,12258,218940,24830,38197,2950,38166,104143,323083,29922414.08,13736600.39,-16185813.69,9065336.732,3556.42869,0,0,3205,2549,0,2713846.843,5017677.3,-2303830.457,-76794.34857,30,558,TRUE,0
10,199,0.3,30,15,3,1,15,90.12,98.7,88557,94129,26733,12268,221687,25478,39343,3023,38104,105948,327635,29641491.4,20050417.51,-9591073.884,9628718.676,3786.362043,0,0,3178,2543,0,4589632.851,5017677.3,-428044.449,-14268.1483,30,598,TRUE,0
10,197,0.3,30,15,1,3,30,45.06,49.35,71868,97763,27667,12124,209422,27088,41844,3204,38198,110334,319756,40000490.29,16564383.64,-23436106.65,19923125.65,4083.444487,0,0,3133,4879,0,4161460.286,5017677.3,-856217.0137,-28540.56712,30,417,TRUE,0
10,200,0.3,30,15,1,3,30,90.12,98.7,88102,94813,27183,12236,222334,25005,39144,3106,38174,105429,327763,38824222.2,19433319.18,-19390903.01,19366660.22,3892.796025,0,0,3186,4975,0,3373422.072,5017677.3,-1644255.228,-54808.50759,30,568,TRUE,0
10,199,0.3,30,15,1,3,15,45.06,49.35,88139,94040,26817,12167,221163,25707,39446,3101,38240,106494,327657,31148158.18,15758628.61,-15389529.57,9775615.823,3940.191787,0,0,3187,2481,0,4754893.961,5017677.3,-262783.3391,-8759.444635,30,458,TRUE,0
10,203,0.3,30,15,1,3,15,90.12,98.7,74854,99760,26494,12262,213370,22905,35240,3651,38262,100058,313428,30885049.91,24739696.03,-6145353.879,9960784.86,3930.854325,0,0,3229,2534,0,7766409.124,5017677.3,2748731.824,91624.39414,30,474,TRUE,0
10,198,0.3,30,15,1,1,30,45.06,49.35,80714,96731,27648,12211,217304,26284,41137,3173,38116,108710,326014,40797792.71,17331905.44,-23465887.26,19101919.71,3895.17123,0,0,3155,4904,0,6073512.579,5017677.3,1055835.279,35194.50929,30,433,TRUE,0
10,196,0.3,30,15,1,1,30,90.12,98.7,62223,97820,27576,12065,199684,28012,43250,3374,38249,112885,312569,38042460.16,19021546,-19020914.16,19676608.08,4048.684789,0,0,3130,4860,0,3331249.387,5017677.3,-1686427.913,-56214.26377,30,598,TRUE,0
10,199,0.3,30,15,1,1,15,45.06,49.35,88121,93117,27034,12110,220382,25506,39433,3029,38158,106126,326508,31072339.41,16221598.35,-14850741.06,9760804.109,3934.221729,0,0,3177,2481,0,5361918.825,5017677.3,344241.5248,11474.71749,30,471,TRUE,0
10,200,0.3,30,15,1,1,15,90.12,98.7,86875,92473,26710,12162,218220,25065,38623,3008,38448,105144,323364,28406506.14,16342364.16,-12064141.98,10418230.68,4168.959857,0,0,3203,2499,0,3425952.143,5017677.3,-1591725.157,-53057.50522,30,646,TRUE,0
10,135,0.3,30,10,3,3,30,45.06,49.35,57569,65544,34003,10550,167666,6530,45843,7822,35782,95977,263643,25612910.74,8408629.905,-17204280.84,12712074.16,3819.733821,0,0,2143,3328,0,404735.4122,3417388.8,-3012653.388,-100421.7796,30,514,TRUE,0
10,135,0.3,30,10,3,3,30,90.12,98.7,57569,65544,34003,10550,167666,6530,45843,7822,35782,95977,263643,25612910.74,13399871.01,-12213039.73,12712074.16,3819.733821,0,0,2143,3328,0,809470.8245,3417388.8,-2607917.976,-86930.59918,30,514,TRUE,0
10,138,0.3,30,10,3,3,15,45.06,49.35,72622,62729,33727,10589,179667,5902,42215,7823,35562,91502,271169,21160299.11,11888399.78,-9271899.33,6582219.863,3813.568866,0,0,2145,1726,0,1746712.968,3417388.8,-1670675.832,-55689.1944,30,368,TRUE,0
10,138,0.3,30,10,3,3,15,90.12,98.7,72622,62729,33727,10589,179667,5902,42215,7823,35562,91502,271169,21160299.11,20359410.75,-800888.3527,6582219.863,3813.568866,0,0,2145,1726,0,3493425.936,3417388.8,76037.13583,2534.571194,30,368,TRUE,0
10,139,0.3,30,10,3,1,30,45.06,49.35,79262,62287,33668,10621,185838,5730,41436,7123,36013,90302,276140,26784394.55,9536237.688,-17248156.86,12908913.51,3749.321379,0,0,2182,3443,0,633188.0072,3417388.8,-2784200.793,-92806.69309,30,467,TRUE,0
10,136,0.3,30,10,3,1,30,90.12,98.7,57001,64061,34045,10483,165590,6202,44922,7942,35583,94649,260239,26179493.66,15688115.92,-10491377.75,12553221.21,3742.761242,0,0,2142,3354,0,1294686.877,3417388.8,-2122701.923,-70756.73078,30,466,TRUE,0
10,140,0.3,30,10,3,1,15,45.06,49.35,78106,61290,33362,10608,183366,5601,40107,6641,36598,88947,272313,21510551.81,10167718.76,-11342833.05,6410840.633,3652.900646,0,0,2176,1755,0,1151329.021,3417388.8,-2266059.779,-75535.32596,30,444,TRUE,0
10,140,0.3,30,10,3,1,15,90.12,98.7,78106,61290,33362,10608,183366,5601,40107,6641,36598,88947,272313,21510551.81,16918048.72,-4592503.088,6410840.633,3652.900646,0,0,2176,1755,0,2302658.042,3417388.8,-1114730.758,-37157.69193,30,444,TRUE,0
10,144,0.3,30,10,1,3,30,45.06,49.35,61182,73079,33139,10697,178097,4882,36849,5957,37050,84738,262835,28028783.88,9730272.35,-18298511.53,13713764.6,3886.020006,0,0,2250,3529,0,1388212.332,3417388.8,-2029176.468,-67639.21558,30,436,TRUE,0
10,144,0.3,30,10,1,3,30,90.12,98.7,61182,73079,33139,10697,178097,4882,36849,5957,37050,84738,262835,28028783.88,16043155.9,-11985627.98,13713764.6,3886.020006,0,0,2250,3529,0,2776424.665,3417388.8,-640964.135,-21365.47117,30,436,TRUE,0
10,144,0.3,30,10,1,3,15,45.06,49.35,60719,72271,32976,10658,176624,4883,36051,5900,37063,83897,260521,21176908.27,9571834.19,-11605074.08,7199822.141,4076.909479,0,0,2256,1766,0,1587733.631,3417388.8,-1829655.169,-60988.50565,30,456,TRUE,0
10,144,0.3,30,10,1,3,15,90.12,98.7,60719,72271,32976,10658,176624,4883,36051,5900,37063,83897,260521,21176908.27,15726279.58,-5450628.686,7199822.141,4076.909479,0,0,2256,1766,0,3175467.261,3417388.8,-241921.5388,-8064.051292,30,456,TRUE,0
10,141,0.3,30,10,1,1,30,45.06,49.35,76490,62100,33509,10667,182766,5374,39560,6329,36927,88190,270956,27284871.1,9824240.144,-17460630.96,13532822.27,3943.130031,0,0,2220,3432,0,614159.6222,3417388.8,-2803229.178,-93440.97259,30,442,TRUE,0
10,141,0.3,30,10,1,1,30,90.12,98.7,76490,62100,33509,10667,182766,5374,39560,6329,36927,88190,270956,27284871.1,16231091.49,-11053779.61,13532822.27,3943.130031,0,0,2220,3432,0,1228319.244,3417388.8,-2189069.556,-72968.98518,30,442,TRUE,0
10,139,0.3,30,10,1,1,15,45.06,49.35,78479,62272,33407,10626,184784,5709,40908,7095,36002,89714,274498,20436414.17,8743884.519,-11692529.65,6912866.93,4035.532359,0,0,2183,1713,0,1961435.16,3417388.8,-1455953.64,-48531.78801,30,489,TRUE,0
10,139,0.3,30,10,1,1,15,90.12,98.7,78968,62041,33288,10661,184958,5648,41198,7123,36183,90152,275110,20498535.42,14093595.3,-6404940.116,6927404.428,4044.018931,0,0,2184,1713,0,3942768.945,3417388.8,525380.1445,17512.67148,30,485,TRUE,0
10,214,0.3,50,15,3,3,30,45.06,49.35,82708,104926,26208,13051,226893,5236,44035,3213,38104,90588,317481,47775704.88,30510291.27,-17265413.61,21556336.06,4741.824914,0,0,3359,4546,0,8520166.122,8362795.5,157370.6218,3147.412436,50,559,TRUE,0
10,217,0.3,50,15,3,3,30,90.12,98.7,68639,112946,26264,13024,220873,36019,40786,3338,38193,118336,339209,47130654.81,48992849.11,1862194.297,21146013.44,4583.011149,0,0,3406,4614,0,13566917.01,8362795.5,5204121.512,104082.4302,50,591,TRUE,1
10,218,0.3,50,15,3,3,15,45.06,49.35,67439,109826,25376,13068,215709,34663,39103,3086,37888,114740,330449,38069350.72,29052788.61,-9016562.111,11387424.54,4802.793985,0,0,3465,2371,0,9433456.079,8362795.5,1070660.579,21413.21158,50,646,TRUE,0
10,219,0.3,50,15,3,3,15,90.12,98.7,66785,108647,25266,13042,213740,29318,43188,3068,38278,113852,327592,36839042.58,44361847.41,7522804.831,10567362.49,4455.043208,0,0,3474,2372,0,13751101.74,8362795.5,5388306.238,107766.1248,50,714,TRUE,1
10,227,0.3,50,15,3,1,30,45.06,49.35,77744,112457,25082,13155,228438,23122,35720,3778,38006,100626,329064,50594843.73,30998854.49,-19595989.24,23496909.37,4862.770979,0,0,3618,4832,0,9072905.59,8362795.5,710110.0901,14202.2018,50,543,TRUE,0
10,221,0.3,50,15,3,1,30,90.12,98.7,75199,108158,25600,13110,222067,27653,41906,3192,38231,110982,333049,48494183.12,47538622.28,-955560.836,22438439.55,4794.538365,0,0,3496,4680,0,13116528.97,8362795.5,4753733.471,95074.66942,50,626,TRUE,0
10,218,0.3,50,15,3,1,15,45.06,49.35,67236,109326,25227,13075,214864,34992,39313,3152,38376,115833,330697,36933249.66,25350914.75,-11582334.91,10796713.83,4567.137831,0,0,3489,2364,0,7493332.782,8362795.5,-869462.718,-17389.25436,50,775,TRUE,0
10,216,0.3,50,15,3,1,15,90.12,98.7,71096,108959,25510,13018,218583,4890,41668,3202,38212,87972,306555,36900485.23,44207682.97,7307197.735,10308108.67,4403.292896,0,0,3450,2341,0,18720599.07,8362795.5,10357803.57,207156.0715,50,767,TRUE,1
10,214,0.3,50,15,1,3,30,45.06,49.35,82139,104046,26262,12967,225414,5306,44592,3303,38553,91754,317168,46617398.07,28954153.61,-17663244.45,23053149.77,5145.79236,0,0,3348,4480,0,8500052.552,8362795.5,137257.0515,2745.141031,50,612,TRUE,0
10,219,0.3,50,15,1,3,30,90.12,98.7,66747,109939,25970,13016,215672,29392,43637,3369,38338,114736,330408,48310465.66,50856527.42,2546061.766,22756492.82,4945.988441,0,0,3444,4601,0,17041571.69,8362795.5,8678776.193,173575.5239,50,551,TRUE,1
10,218,0.3,50,15,1,3,15,45.06,49.35,67249,109430,25140,13089,214908,34884,39664,3159,38197,115904,330812,38513652.44,28766987.7,-9746664.736,12683548.67,5493.091671,0,0,3480,2309,0,10809443.97,8362795.5,2446648.475,48932.96949,50,673,TRUE,0
10,219,0.3,50,15,1,3,15,90.12,98.7,66437,108611,25505,12985,213538,29269,42779,3077,38040,113165,326703,35279297.5,38865913.02,3586615.52,10543696.54,4618.351527,0,0,3483,2283,0,12108055.61,8362795.5,3745260.113,74905.20226,50,803,TRUE,1
10,219,0.3,50,15,1,1,30,45.06,49.35,66922,110482,26058,13008,216470,29417,43485,3424,38193,114519,330989,49047165.88,29934983.07,-19112182.8,22046951.58,4805.351259,0,0,3460,4588,0,7974301.951,8362795.5,-388493.5491,-7769.870981,50,538,TRUE,0
10,220,0.3,50,15,1,1,30,90.12,98.7,66327,108557,25635,13109,213628,28612,42462,3342,38334,112750,326378,46288324.88,41141167.05,-5147157.831,21809785.38,4751.587228,0,0,3492,4590,0,11429637.75,8362795.5,3066842.248,61336.84496,50,759,TRUE,0
10,218,0.3,50,15,1,1,15,45.06,49.35,67405,109488,25164,13027,215084,34934,39532,3167,38235,115868,330952,37994174.49,27841873.54,-10152300.95,11933027.5,5183.765205,0,0,3463,2302,0,8284284.766,8362795.5,-78510.73377,-1570.214675,50,649,TRUE,0
10,215,0.3,50,15,1,1,15,90.12,98.7,76775,105230,25406,13029,220440,5253,42591,3114,38386,89344,309784,36394592.43,47119967.58,10725375.16,10848259.83,4795.870835,0,0,3412,2262,0,20660188.79,8362795.5,12297393.29,245947.8658,50,712,TRUE,1
10,157,0.3,50,10,3,3,30,45.06,49.35,61467,81817,32519,11206,187009,27122,30669,4826,37319,99936,286945,36874673.55,27247929.18,-9626744.371,16882120.85,5123.557161,0,0,2444,3295,0,9363298.088,5695648,3667650.088,73353.00176,50,341,TRUE,0
10,154,0.3,50,10,3,3,30,90.12,98.7,74848,73523,33046,11130,192547,21860,32718,4851,37559,96988,289535,34834250.65,42037733.21,7203482.555,16030662.79,4967.667428,0,0,2392,3227,0,11582147.91,5695648,5886499.912,117729.9982,50,428,TRUE,1
10,157,0.3,50,10,3,3,15,45.06,49.35,60887,81180,31820,11142,185029,27213,30126,4763,37594,99696,284725,28195499.53,24021836.36,-4173663.174,8944218.267,5355.819322,0,0,2447,1670,0,7584277.787,5695648,1888629.787,37772.59574,50,462,TRUE,0
10,159,0.3,50,10,3,3,15,90.12,98.7,59751,79643,31694,11199,182287,6512,48087,4665,37465,96729,279016,27038447.69,37286114.12,10247666.43,8322387.442,4944.971742,0,0,2474,1683,0,9729417.129,5695648,4033769.129,80675.38257,50,525,TRUE,1
10,157,0.3,50,10,3,1,30,45.06,49.35,61509,81941,32396,11196,187042,27127,30469,4686,37347,99629,286671,35277106.46,22595009.86,-12682096.6,16154341.31,4901.195787,0,0,2456,3296,0,5085076.74,5695648,-610571.2599,-12211.4252,50,469,TRUE,0
10,154,0.3,50,10,3,1,30,90.12,98.7,74506,73280,32758,11114,191658,21975,33227,4843,37655,97700,289358,34628629.44,39656611.44,5027981.999,16189588.85,4993.704148,0,0,2385,3242,0,10447655.59,5695648,4752007.591,95040.15182,50,475,TRUE,1
10,156,0.3,50,10,3,1,15,45.06,49.35,64036,80267,32122,11165,187590,20560,30745,4818,37308,93431,281021,28761564.79,24366930.73,-4394634.054,8468722.826,5025.948265,0,0,2421,1685,0,9171997.06,5695648,3476349.06,69526.98121,50,476,TRUE,0
10,155,0.3,50,10,3,1,15,90.12,98.7,69409,76043,32026,11162,188640,21439,31894,4706,37563,95602,284242,26704203.36,35311211.81,8607008.455,7937821.985,4767.460652,0,0,2400,1665,0,11244624.29,5695648,5548976.287,110979.5257,50,572,TRUE,1
10,161,0.3,50,10,1,3,30,45.06,49.35,66272,79201,31708,11221,188402,6182,45883,4642,37240,93947,282349,36882735.26,24609721.81,-12273013.45,18704919.66,5578.56238,0,0,2514,3353,0,8767882.931,5695648,3072234.931,61444.69861,50,431,TRUE,0
10,162,0.3,50,10,1,3,30,90.12,98.7,75411,78498,31639,11360,196908,6039,44687,4658,37185,92569,289477,37866397.68,46310350.04,8443952.362,18703971.79,5543.560104,0,0,2523,3374,0,19302296.27,5695648,13606648.27,272132.9654,50,381,TRUE,1
10,156,0.3,50,10,1,3,15,45.06,49.35,63932,80076,31719,11159,186886,20774,31266,4774,37401,94215,281101,28263681.2,22951451.22,-5312229.98,9300063.075,5705.560169,0,0,2434,1630,0,8862879.438,5695648,3167231.438,63344.62877,50,512,TRUE,0
10,154,0.3,50,10,1,3,15,90.12,98.7,74530,72657,32088,11121,190396,21921,32371,4924,37480,96696,287092,26605978.43,35895245.5,9289267.074,9017586.677,5590.568305,0,0,2393,1613,0,11128173.89,5695648,5432525.893,108650.5179,50,546,TRUE,1
10,158,0.3,50,10,1,1,30,45.06,49.35,60644,81439,31893,11247,185223,26320,30071,4772,37306,98469,283692,36594963.12,24053925.68,-12541037.43,17710513.65,5407.790427,0,0,2454,3275,0,9404356.907,5695648,3708708.907,74174.17814,50,459,TRUE,0
10,157,0.3,50,10,1,1,30,90.12,98.7,61391,81723,32251,11231,186596,27187,30694,4816,37510,100207,286803,33761086.43,34327769.45,566683.0213,16280107.23,4971.025109,0,0,2448,3275,0,9536472.557,5695648,3840824.557,76816.49115,50,566,TRUE,1
10,158,0.3,50,10,1,1,15,45.06,49.35,60364,80304,31777,11169,183614,26415,29519,4716,37416,98066,281680,27004404.5,19885415.54,-7118988.957,9173795.998,5539.731883,0,0,2466,1656,0,5043628.645,5695648,-652019.3546,-13040.38709,50,578,TRUE,0
10,159,0.3,50,10,1,1,15,90.12,98.7,59639,79327,31850,11217,182033,6533,48208,4630,37475,96846,278879,26576047.71,33259098.69,6683050.978,8536772.366,5164.411594,0,0,2497,1653,0,7565291.549,5695648,1869643.549,37392.87099,50,569,TRUE,1
10,188,0.4,5,15,3,3,30,45.06,49.35,73201,80143,27706,9613,190663,4666,35978,3883,29728,74255,264918,10806189.42,4562060.594,-6244128.828,7755040.287,4398.774979,169541653.3,95570.2668,421,1763,1774,1189562.94,836279.55,353283.3903,70656.67805,5,0,TRUE,0
10,188,0.4,5,15,3,3,30,90.12,98.7,72883,80273,27462,9476,190094,4724,36180,3820,29420,74144,264238,10817228.54,8287841.638,-2529386.901,8284156.875,4706.907315,356820395.2,190304.2108,442,1760,1875,2379125.881,836279.55,1542846.331,308569.2661,5,0,TRUE,0
10,188,0.4,5,15,3,3,15,45.06,49.35,82438,84252,27700,11084,205474,5242,41061,4030,35079,85412,290886,10738477.1,4880490.808,-5857986.287,7146329.523,4578.045819,53834769.42,145107.1952,396,1561,371,2225737.422,836279.55,1389457.872,277891.5745,5,10,TRUE,0
10,188,0.4,5,15,3,3,15,90.12,98.7,82438,84252,27700,11084,205474,5242,41061,4030,35079,85412,290886,10738477.1,8924702.067,-1813775.029,8124390.9,5204.606598,107669538.8,290214.3904,396,1561,371,4451474.845,836279.55,3615195.295,723039.059,5,10,TRUE,0
10,188,0.4,5,15,3,1,30,45.06,49.35,73241,79490,27740,9495,189966,4638,35785,3920,29036,73379,263345,10735529.45,4471817.94,-6263711.512,7816405.824,4411.064235,198685725.3,101629.527,403,1772,1955,1069239.402,836279.55,232959.8523,46591.97045,5,0,TRUE,0
10,188,0.4,5,15,3,1,30,90.12,98.7,73241,79490,27740,9495,189966,4638,35785,3920,29036,73379,263345,10735529.45,8107356.331,-2628173.122,8701447.442,4910.523387,397371450.7,203259.054,403,1772,1955,2138478.805,836279.55,1302199.255,260439.8509,5,0,TRUE,0
10,188,0.4,5,15,3,1,15,45.06,49.35,82157,84042,27920,10997,205116,5230,41124,4073,34867,85294,290410,10823878.07,4876056.547,-5947821.522,6486029.21,4089.551835,63274040.42,146467.6861,347,1586,432,2214695.315,836279.55,1378415.765,275683.153,5,10,TRUE,0
10,188,0.4,5,15,3,1,15,90.12,98.7,82157,84042,27920,10997,205116,5230,41124,4073,34867,85294,290410,10823878.07,8915833.543,-1908044.525,6674538.977,4208.410452,126548080.8,292935.3723,347,1586,432,4429390.63,836279.55,3593111.08,718622.2159,5,10,TRUE,0
10,188,0.4,5,15,1,3,30,45.06,49.35,69221,79600,27121,8968,184910,4469,34101,3734,27369,69673,254583,8788953.797,4097841.638,-4691112.159,7307717.425,5515.258434,230563600.9,98827.08997,423,1325,2333,1256818.766,836279.55,420539.2157,84107.84313,5,0,TRUE,0
10,188,0.4,5,15,1,3,30,90.12,98.7,69221,79600,27121,8968,184910,4469,34101,3734,27369,69673,254583,8788953.797,7359403.726,-1429550.071,9199320.871,6942.883676,461127201.8,197654.1799,423,1325,2333,2513637.531,836279.55,1677357.981,335471.5963,5,0,TRUE,0
10,188,0.4,5,15,1,3,15,45.06,49.35,80866,83389,27588,10862,202705,5210,40675,3925,34534,84344,287049,9358106.3,4350561.735,-5007544.566,6012871.727,4621.730766,63408636.9,115079.1958,373,1301,551,2200249.999,836279.55,1363970.449,272794.0897,5,11,TRUE,0
10,188,0.4,5,15,1,3,15,90.12,98.7,80866,83389,27588,10862,202705,5210,40675,3925,34534,84344,287049,9358106.3,7864843.919,-1493262.381,6440741.028,4950.608015,126817273.8,230158.3916,373,1301,551,4400499.997,836279.55,3564220.447,712844.0894,5,11,TRUE,0
10,188,0.4,5,15,1,1,30,45.06,49.35,73598,82628,28331,9660,194217,4655,36633,3823,30226,75337,269554,10538699.85,4433211.958,-6105487.889,8633534.894,5683.696441,160358575.5,90139.72766,675,1519,1779,1703979.192,836279.55,867699.6423,173539.9285,5,0,TRUE,0
10,188,0.4,5,15,1,1,30,90.12,98.7,72017,82169,28924,9404,192514,4599,35835,3796,28857,73087,265601,9839191.365,7733210.604,-2105980.761,10740839.36,7402.37034,396089791.7,196961.607,683,1451,2011,3012046.702,836279.55,2175767.152,435153.4304,5,0,TRUE,0
10,188,0.4,5,15,1,1,15,45.06,49.35,81324,83964,27943,10927,204158,5075,40258,4007,34329,83669,287827,9231517.92,4166370.036,-5065147.884,6252528.447,4697.617166,69570621.17,127887.1713,338,1331,544,1954661.066,836279.55,1118381.516,223676.3033,5,10,TRUE,0
10,188,0.4,5,15,1,1,15,90.12,98.7,81324,83964,27943,10927,204158,5075,40258,4007,34329,83669,287827,9231517.92,7496460.521,-1735057.399,6756837.897,5076.512319,139141242.3,255774.3425,338,1331,544,3909322.133,836279.55,3073042.583,614608.5166,5,10,TRUE,0
10,128,0.4,5,10,3,3,30,45.06,49.35,68591,54812,33676,9111,166190,19342,26755,8189,30359,84645,250835,7541889.987,3916312.073,-3625577.914,5971741.365,5379.947175,115990092.2,98799.05638,309,1110,1174,863827.6509,569564.8,294262.8509,58852.57017,5,0,TRUE,0
10,128,0.4,5,10,3,3,30,90.12,98.7,68591,54812,33676,9111,166190,19342,26755,8189,30359,84645,250835,7541889.987,7263059.347,-278830.6404,7773500.339,7003.153458,231980184.4,197598.1128,309,1110,1174,1727655.302,569564.8,1158090.502,231618.1003,5,0,TRUE,0
10,128,0.4,5,10,3,3,15,45.06,49.35,74751,54535,34123,10058,173467,21981,29042,8506,34040,93569,267036,7780765.427,3812655.496,-3968109.932,4378212.097,4053.90009,32805878.25,147111.5616,209,1080,223,1257977.9,569564.8,688413.1004,137682.6201,5,9,TRUE,0
10,128,0.4,5,10,3,3,15,90.12,98.7,74751,54535,34123,10058,173467,21981,29042,8506,34040,93569,267036,7780765.427,7055746.191,-725019.236,4452254.597,4122.45796,65611756.49,294223.1233,209,1080,223,2515955.801,569564.8,1946391.001,389278.2002,5,9,TRUE,0
10,128,0.4,5,10,3,1,30,45.06,49.35,68404,55399,33677,8989,166469,19154,26694,8249,29652,83749,250218,7554635.346,3537001.902,-4017633.443,4829847.099,4289.384635,138470916.6,107425.0711,332,1126,1289,358080.756,569564.8,-211484.044,-42296.8088,5,21,TRUE,0
10,128,0.4,5,10,3,1,30,90.12,98.7,68404,55399,33677,8989,166469,19154,26694,8249,29652,83749,250218,7554635.346,6504439.004,-1050196.341,5378038.211,4776.232869,276941833.2,214850.1422,332,1126,1289,716161.512,569564.8,146596.712,29319.3424,5,21,TRUE,0
10,128,0.4,5,10,3,1,15,45.06,49.35,73728,54993,34218,9903,172842,21137,28401,8458,33282,91278,264120,7649470.821,3802667.268,-3846803.553,4015730.502,4299.497326,52322706.17,139156.1334,412,934,376,1239530.506,569564.8,669965.7055,133993.1411,5,9,TRUE,0
10,128,0.4,5,10,3,1,15,90.12,98.7,73728,54993,34218,9903,172842,21137,28401,8458,33282,91278,264120,7649470.821,7035769.737,-613701.0846,4408899.14,4720.448758,104645412.3,278312.2669,412,934,376,2479061.011,569564.8,1909496.211,381899.2422,5,9,TRUE,0
10,128,0.4,5,10,1,3,30,45.06,49.35,68545,55422,33812,9084,166863,19610,26964,8012,30660,85246,252109,7187134.779,3388395.559,-3798739.22,5642548.107,5711.08108,111520661.1,91862.15902,410,988,1214,846153.3977,569564.8,276588.5977,55317.71954,5,0,TRUE,0
10,128,0.4,5,10,1,3,30,90.12,98.7,68545,55422,33812,9084,166863,19610,26964,8012,30660,85246,252109,7187134.779,6207226.317,-979908.4613,7243450.784,7331.427919,223041322.1,183724.318,410,988,1214,1692306.795,569564.8,1122741.995,224548.3991,5,0,TRUE,0
10,128,0.4,5,10,1,3,15,45.06,49.35,74527,55303,34124,10052,174006,21799,29154,8333,33926,93212,267218,6192225.149,3301841.99,-2890383.159,3634443.252,4437.659649,36323546.92,116049.6707,239,819,313,1257977.9,569564.8,688413.1004,137682.6201,5,9,TRUE,0
10,128,0.4,5,10,1,3,15,90.12,98.7,74527,55303,34124,10052,174006,21799,29154,8333,33926,93212,267218,6192225.149,6034119.179,-158105.9695,3745951.807,4573.81173,72647093.85,232099.3414,239,819,313,2515955.801,569564.8,1946391.001,389278.2002,5,9,TRUE,0
10,128,0.4,5,10,1,1,30,45.06,49.35,68637,55486,33606,8965,166694,19222,26819,8001,29823,83865,250559,6995679.546,3307808.095,-3687871.451,5518596.4,5485.682306,133216435.9,99489.49659,405,1006,1339,738703.4466,569564.8,169138.6466,33827.72931,5,0,TRUE,0
10,128,0.4,5,10,1,1,30,90.12,98.7,68637,55486,33606,8965,166694,19222,26819,8001,29823,83865,250559,6995679.546,6046051.391,-949628.1558,6979706.493,6938.078025,266432871.9,198978.9932,405,1006,1339,1477406.893,569564.8,907842.0931,181568.4186,5,0,TRUE,0
10,128,0.4,5,10,1,1,15,45.06,49.35,73081,55052,34069,9798,172000,21322,28554,8273,33305,91454,263454,6627479.433,3278450.507,-3349028.926,3876456.873,4582.100323,55984490.43,121178.5507,283,846,462,1226789.256,569564.8,657224.4564,131444.8913,5,9,TRUE,0
10,128,0.4,5,10,1,1,15,90.12,98.7,73081,55052,34069,9798,172000,21322,28554,8273,33305,91454,263454,6627479.433,5987336.213,-640143.2193,4093954.918,4839.190211,111968980.9,242357.1014,283,846,462,2453578.513,569564.8,1884013.713,376802.7426,5,9,TRUE,0
10,198,0.4,30,15,3,3,30,45.06,49.35,81327,98501,27633,12131,219592,26339,41968,3537,38051,109895,329487,39851833.75,14738333.68,-25113500.07,18435799.06,3707.924187,0,0,3160,4972,0,5063276.177,5017677.3,45598.87729,1519.962576,30,488,TRUE,0
10,198,0.4,30,15,3,3,30,90.12,98.7,81327,98501,27633,12131,219592,26339,41968,3537,38051,109895,329487,39851833.75,24458990.06,-15392843.69,18435799.06,3707.924187,0,0,3160,4972,0,10126552.35,5017677.3,5108875.055,170295.8352,30,488,TRUE,0
10,199,0.4,30,15,3,3,15,45.06,49.35,88465,95056,27040,12179,222740,25609,39900,3255,38124,106888,329628,30410779,14022266.87,-16388512.12,9784023.287,3853.494796,0,0,3179,2539,0,5283522.744,5017677.3,265845.4436,8861.514787,30,507,TRUE,0
10,199,0.4,30,15,3,3,15,90.12,98.7,88465,95056,27040,12179,222740,25609,39900,3255,38124,106888,329628,30410779,23026856.44,-7383922.553,9784023.287,3853.494796,0,0,3179,2539,0,10567045.49,5017677.3,5549368.187,184978.9396,30,507,TRUE,0
10,200,0.4,30,15,3,1,30,45.06,49.35,88664,95601,27230,12303,223798,24905,40165,3485,38161,106716,330514,39128362.05,11827968.98,-27300393.07,19211092.64,3817.784706,0,0,3210,5032,0,3290091.389,5017677.3,-1727585.911,-57586.19702,30,617,TRUE,0
10,200,0.4,30,15,3,1,30,90.12,98.7,88664,95601,27230,12303,223798,24905,40165,3485,38161,106716,330514,39128362.05,18638260.67,-20490101.38,19211092.64,3817.784706,0,0,3210,5032,0,6580182.779,5017677.3,1562505.479,52083.51596,30,617,TRUE,0
10,199,0.4,30,15,3,1,15,45.06,49.35,88564,94855,27132,12181,222732,25528,39923,3287,38211,106949,329681,29824650.02,13121796.9,-16702853.11,9567914.842,3765.413161,0,0,3188,2541,0,5098514.928,5017677.3,80837.62807,2694.587602,30,566,TRUE,0
10,199,0.4,30,15,3,1,15,90.12,98.7,88564,94855,27132,12181,222732,25528,39923,3287,38211,106949,329681,29824650.02,21225916.51,-8598733.508,9567914.842,3765.413161,0,0,3188,2541,0,10197029.86,5017677.3,5179352.556,172645.0852,30,566,TRUE,0
10,203,0.4,30,15,1,3,30,45.06,49.35,75689,102882,26894,12339,217804,22854,36886,4278,38183,102201,320005,38838883.92,10438459.86,-28400424.06,19792475.97,3926.299538,0,0,3246,5041,0,1503045.226,5017677.3,-3514632.074,-117154.4025,30,648,TRUE,0
10,203,0.4,30,15,1,3,30,90.12,98.7,75689,102882,26894,12339,217804,22854,36886,4278,38183,102201,320005,38838883.92,15859242.41,-22979641.5,19792475.97,3926.299538,0,0,3246,5041,0,3006090.452,5017677.3,-2011586.848,-67052.89494,30,648,TRUE,0
10,197,0.4,30,15,1,3,15,45.06,49.35,71129,96016,27178,12126,206449,27347,42234,3392,38378,111351,317800,27899509.63,10493748.65,-17405760.98,10497373.82,4274.175008,0,0,3161,2456,0,2219870.139,5017677.3,-2797807.161,-93260.23868,30,643,TRUE,0
10,197,0.4,30,15,1,3,15,90.12,98.7,71129,96016,27178,12126,206449,27347,42234,3392,38378,111351,317800,27899509.63,15969820,-11929689.63,10497373.82,4274.175008,0,0,3161,2456,0,4439740.279,5017677.3,-577937.0211,-19264.56737,30,643,TRUE,0
10,198,0.4,30,15,1,1,30,45.06,49.35,81223,98125,27218,12244,218810,26535,42228,3602,38382,110747,329557,39183325.72,13708052.73,-25475272.99,19054042.46,3878.290752,0,0,3158,4913,0,5232988.119,5017677.3,215310.8185,7177.027283,30,519,TRUE,0
10,198,0.4,30,15,1,1,30,90.12,98.7,81223,98125,27218,12244,218810,26535,42228,3602,38382,110747,329557,39183325.72,22398428.15,-16784897.57,19054042.46,3878.290752,0,0,3158,4913,0,10465976.24,5017677.3,5448298.937,181609.9646,30,519,TRUE,0
10,198,0.4,30,15,1,1,15,45.06,49.35,80104,95472,27097,12163,214836,26325,41196,3259,38385,109165,324001,30230492.22,13466614.35,-16763877.88,9591766.681,3886.453274,0,0,3161,2468,0,5214638.525,5017677.3,196961.225,6565.374167,30,525,TRUE,0
10,198,0.4,30,15,1,1,15,90.12,98.7,80104,95472,27097,12163,214836,26325,41196,3259,38385,109165,324001,30230492.22,21915551.39,-8314940.83,9591766.681,3886.453274,0,0,3161,2468,0,10429277.05,5017677.3,5411599.75,180386.6583,30,525,TRUE,0
10,139,0.4,30,10,3,3,30,45.06,49.35,79342,63193,33895,10616,187046,5812,42247,7207,36062,91328,278374,28394408.55,11765634.76,-16628773.8,12818213.38,3720.816655,0,0,2175,3445,0,3618228.586,3417388.8,200839.786,6694.659532,30,382,TRUE,0
10,139,0.4,30,10,3,3,30,90.12,98.7,79342,63193,33895,10616,187046,5812,42247,7207,36062,91328,278374,28394408.55,20113880.72,-8280527.836,12818213.38,3720.816655,0,0,2175,3445,0,7236457.172,3417388.8,3819068.372,127302.2791,30,382,TRUE,0
10,139,0.4,30,10,3,3,15,45.06,49.35,78999,62472,33426,10631,185528,5692,41332,7116,36090,90230,275758,21112954.99,9035486.237,-12077468.75,7123936.054,4070.820602,0,0,2187,1750,0,2088948.504,3417388.8,-1328440.296,-44281.34319,30,483,TRUE,0
10,139,0.4,30,10,3,3,15,90.12,98.7,78999,62472,33426,10631,185528,5692,41332,7116,36090,90230,275758,21112954.99,14653583.67,-6459371.312,7123936.054,4070.820602,0,0,2187,1750,0,4177897.008,3417388.8,760508.2084,25350.27361,30,483,TRUE,0
10,137,0.4,30,10,3,1,30,45.06,49.35,65293,64413,34089,10581,174376,6150,44369,7793,35578,93890,268266,27334367.77,10085548.35,-17248819.41,13052609.74,3861.718857,0,0,2164,3380,0,1857450.82,3417388.8,-1559937.98,-51997.93267,30,445,TRUE,0
10,137,0.4,30,10,3,1,30,90.12,98.7,65293,64413,34089,10581,174376,6150,44369,7793,35578,93890,268266,27334367.77,16753707.91,-10580659.86,13052609.74,3861.718857,0,0,2164,3380,0,3714901.64,3417388.8,297512.8399,9917.094664,30,445,TRUE,0
10,138,0.4,30,10,3,1,15,45.06,49.35,72618,63025,33678,10637,179958,5813,42185,7804,35487,91289,271247,21169985.46,9506746.563,-11663238.89,6628393.952,3824.808974,0,0,2173,1733,0,3004017.607,3417388.8,-413371.1933,-13779.03978,30,474,TRUE,0
10,138,0.4,30,10,3,1,15,90.12,98.7,72618,63025,33678,10637,179958,5813,42185,7804,35487,91289,271247,21169985.46,15596104.33,-5573881.132,6628393.952,3824.808974,0,0,2173,1733,0,6008035.213,3417388.8,2590646.413,86354.88044,30,474,TRUE,0
10,138,0.4,30,10,1,3,30,45.06,49.35,73023,63762,34265,10644,181694,5841,43394,7773,35505,92513,274207,27190643.4,10091614.99,-17099028.42,13066322.99,3871.503109,0,0,2162,3375,0,1890218.796,3417388.8,-1527170.004,-50905.66681,30,420,TRUE,0
10,138,0.4,30,10,1,3,30,90.12,98.7,73023,63762,34265,10644,181694,5841,43394,7773,35505,92513,274207,27190643.4,16765841.18,-10424802.23,13066322.99,3871.503109,0,0,2162,3375,0,3780437.591,3417388.8,363048.7914,12101.62638,30,420,TRUE,0
10,139,0.4,30,10,1,3,15,45.06,49.35,78488,62320,33282,10634,184724,5755,41832,7192,36061,90840,275564,20298515.23,9140510.322,-11158004.9,7131238.559,4184.999154,0,0,2180,1704,0,2580951.082,3417388.8,-836437.7181,-27881.25727,30,469,TRUE,0
10,139,0.4,30,10,1,3,15,90.12,98.7,78488,62320,33282,10634,184724,5755,41832,7192,36061,90840,275564,20298515.23,14863631.84,-5434883.382,7131238.559,4184.999154,0,0,2180,1704,0,5161902.164,3417388.8,1744513.364,58150.44546,30,469,TRUE,0
10,138,0.4,30,10,1,1,30,45.06,49.35,72850,63740,34184,10573,181347,5903,43254,7783,35499,92439,273786,27960840.42,10769979.19,-17190861.23,13146327.28,3895.208084,0,0,2164,3375,0,3536151.192,3417388.8,118762.392,3958.746402,30,393,TRUE,0
10,138,0.4,30,10,1,1,30,90.12,98.7,72850,63740,34184,10573,181347,5903,43254,7783,35499,92439,273786,27960840.42,18122569.58,-9838270.843,13146327.28,3895.208084,0,0,2164,3375,0,7072302.384,3417388.8,3654913.584,121830.4528,30,393,TRUE,0
10,140,0.4,30,10,1,1,15,45.06,49.35,78079,61582,33284,10662,183607,5521,40390,6718,36551,89180,272787,20250505.23,8268002.439,-11982502.79,7425597.982,4329.794742,0,0,2202,1715,0,1609481.873,3417388.8,-1807906.927,-60263.56424,30,498,TRUE,0
10,140,0.4,30,10,1,1,15,90.12,98.7,78079,61582,33284,10662,183607,5521,40390,6718,36551,89180,272787,20250505.23,13118616.08,-7131889.153,7425597.982,4329.794742,0,0,2202,1715,0,3218963.746,3417388.8,-198425.0543,-6614.168475,30,498,TRUE,0
10,219,0.4,50,15,3,3,30,45.06,49.35,67006,111432,25713,13067,217218,29262,44412,3830,38205,115709,332927,49160761.76,28959582.36,-20201179.4,21244867.44,3852.8958,0,0,3493,5514,0,12874123.2,8362795.5,4511327.7,90226.55399,50,561,TRUE,0
10,219,0.4,50,15,3,3,30,90.12,98.7,67006,111432,25713,13067,217218,29262,44412,3830,38205,115709,332927,49160761.76,49556369.21,395607.4552,21244867.44,3852.8958,0,0,3493,5514,0,25748246.4,8362795.5,17385450.9,347709.018,50,561,TRUE,1
10,218,0.4,50,15,3,3,15,45.06,49.35,67350,109926,25192,13050,215518,35224,40078,3484,38454,117240,332758,36459345.14,23714433.79,-12744911.36,10997496.83,3941.755135,0,0,3471,2790,0,9463378.707,8362795.5,1100583.207,22011.66414,50,796,TRUE,0
10,218,0.4,50,15,3,3,15,90.12,98.7,67350,109926,25192,13050,215518,35224,40078,3484,38454,117240,332758,36459345.14,39066072.07,2606726.93,10997496.83,3941.755135,0,0,3471,2790,0,18926757.41,8362795.5,10563961.91,211279.2383,50,796,TRUE,1
10,222,0.4,50,15,3,1,30,45.06,49.35,83402,108018,25499,13197,230116,26892,40883,3718,38073,109566,339682,46455971.41,24308473.65,-22147497.76,21586230.57,3847.127173,0,0,3542,5611,0,8529394.194,8362795.5,166598.6943,3331.973886,50,743,TRUE,0
10,222,0.4,50,15,3,1,30,90.12,98.7,83402,108018,25499,13197,230116,26892,40883,3718,38073,109566,339682,46455971.41,40254151.79,-6201819.611,21586230.57,3847.127173,0,0,3542,5611,0,17058788.39,8362795.5,8695992.889,173919.8578,50,743,TRUE,0
10,218,0.4,50,15,3,1,15,45.06,49.35,66978,109790,25377,12950,215095,35176,40421,3515,38512,117624,332719,35498021.11,22769537.87,-12728483.25,10958867.32,3934.961336,0,0,3483,2785,0,8105933.53,8362795.5,-256861.9701,-5137.239401,50,843,TRUE,0
10,218,0.4,50,15,3,1,15,90.12,98.7,66978,109790,25377,12950,215095,35176,40421,3515,38512,117624,332719,35498021.11,37176280.23,1678259.12,10958867.32,3934.961336,0,0,3483,2785,0,16211867.06,8362795.5,7849071.56,156981.4312,50,843,TRUE,1
10,220,0.4,50,15,1,3,30,45.06,49.35,66420,109883,25737,13102,215142,28491,43158,3830,38243,113722,328864,48861729.1,28126727.24,-20735001.85,22933074.35,4190.220052,0,0,3498,5473,0,12941198.39,8362795.5,4578402.888,91568.05776,50,589,TRUE,0
10,220,0.4,50,15,1,3,30,90.12,98.7,66420,109883,25737,13102,215142,28491,43158,3830,38243,113722,328864,48861729.1,47890658.98,-971070.1132,22933074.35,4190.220052,0,0,3498,5473,0,25882396.78,8362795.5,17519601.28,350392.0255,50,589,TRUE,0
10,218,0.4,50,15,1,3,15,45.06,49.35,67502,110161,25244,13088,215995,35041,39841,3629,38328,116839,332834,36247492.11,23562860.31,-12684631.8,12057053.6,4424.606825,0,0,3462,2725,0,9010159.69,8362795.5,647364.1901,12947.2838,50,762,TRUE,0
10,218,0.4,50,15,1,3,15,90.12,98.7,67502,110161,25244,13088,215995,35041,39841,3629,38328,116839,332834,36247492.11,38762925.12,2515433.014,12057053.6,4424.606825,0,0,3462,2725,0,18020319.38,8362795.5,9657523.88,193150.4776,50,762,TRUE,1
10,217,0.4,50,15,1,1,30,45.06,49.35,68681,113474,25952,13032,221139,35870,41337,3889,38236,119332,340471,46859447.67,27087529.72,-19771917.95,21544737.03,3989.766117,0,0,3426,5400,0,10202550.27,8362795.5,1839754.773,36795.09545,50,613,TRUE,0
10,217,0.4,50,15,1,1,30,90.12,98.7,68681,113474,25952,13032,221139,35870,41337,3889,38236,119332,340471,46859447.67,45812263.94,-1047183.734,21544737.03,3989.766117,0,0,3426,5400,0,20405100.55,8362795.5,12042305.05,240846.1009,50,613,TRUE,0
10,218,0.4,50,15,1,1,15,45.06,49.35,66989,109299,25380,13010,214678,34978,39244,3038,38258,115518,330196,35889751.4,24448683.8,-11441068,10961923.5,4753.652862,0,0,3447,2306,0,8525770.05,8362795.5,162974.55,3259.491,50,719,TRUE,0
10,218,0.4,50,15,1,1,15,90.12,98.7,66989,109299,25380,13010,214678,34978,39244,3038,38258,115518,330196,35889751.4,40534572,4644820.62,10961923.5,4753.652862,0,0,3447,2306,0,17051540.1,8362795.5,8688744.6,173774.892,50,719,TRUE,1
10,159,0.4,50,10,3,3,30,45.06,49.35,59838,80240,32193,11217,183488,6457,48191,4682,37149,96479,279967,35793145.86,22445896.72,-13347249.14,15108723.05,3830.812132,0,0,2454,3944,0,8600731.101,5695648,2905083.101,58101.66201,50,462,TRUE,0
10,159,0.4,50,10,3,3,30,90.12,98.7,59838,80240,32193,11217,183488,6457,48191,4682,37149,96479,279967,35793145.86,39196145.44,3402999.581,15108723.05,3830.812132,0,0,2454,3944,0,17201462.2,5695648,11505814.2,230116.284,50,462,TRUE,1
10,160,0.4,50,10,3,3,15,45.06,49.35,59275,78602,31585,11242,180704,6283,46808,4672,37193,94956,275660,27611567.49,20100998.92,-7510568.566,7741040.604,3822.736101,0,0,2478,2025,0,6730141.85,5695648,1034493.85,20689.877,50,555,TRUE,0
10,160,0.4,50,10,3,3,15,90.12,98.7,59275,78602,31585,11242,180704,6283,46808,4672,37193,94956,275660,27611567.49,34506349.85,6894782.356,7741040.604,3822.736101,0,0,2478,2025,0,13460283.7,5695648,7764635.7,155292.714,50,555,TRUE,1
10,155,0.4,50,10,3,1,30,45.06,49.35,69441,76461,32473,11125,189500,21364,32402,4739,37531,96036,285536,33745223.55,19468848.1,-14276375.44,15217867.5,3971.259785,0,0,2425,3832,0,7451506.676,5695648,1755858.676,35117.17351,50,592,TRUE,0
10,155,0.4,50,10,3,1,30,90.12,98.7,69441,76461,32473,11125,189500,21364,32402,4739,37531,96036,285536,33745223.55,33242048.21,-503175.3411,15217867.5,3971.259785,0,0,2425,3832,0,14903013.35,5695648,9207365.351,184147.307,50,592,TRUE,0
10,158,0.4,50,10,3,1,15,45.06,49.35,60267,79786,31775,11100,182928,26565,29681,4621,37591,98458,281386,26779783.44,18719304,-8060479.442,8199017.038,4105.66702,0,0,2463,1997,0,6223260.178,5695648,527612.1785,10552.24357,50,624,TRUE,0
10,158,0.4,50,10,3,1,15,90.12,98.7,60267,79786,31775,11100,182928,26565,29681,4621,37591,98458,281386,26779783.44,31742959.99,4963176.553,8199017.038,4105.66702,0,0,2463,1997,0,12446520.36,5695648,6750872.357,135017.4471,50,624,TRUE,1
10,158,0.4,50,10,1,3,30,45.06,49.35,60676,81336,32410,11197,185619,26329,30404,4667,37535,98935,284554,34237998.43,20675772.58,-13562225.85,14980768.51,3856.053669,0,0,2418,3885,0,5878974.397,5695648,183326.397,3666.52794,50,493,TRUE,0
10,158,0.4,50,10,1,3,30,90.12,98.7,60676,81336,32410,11197,185619,26329,30404,4667,37535,98935,284554,34237998.43,35655897.16,1417898.736,14980768.51,3856.053669,0,0,2418,3885,0,11757948.79,5695648,6062300.794,121246.0159,50,493,TRUE,1
10,156,0.4,50,10,1,3,15,45.06,49.35,63860,79671,31997,11192,186720,20707,31265,4772,37435,94179,280899,26177610.15,19203346.58,-6974263.573,8480716.534,4442.491637,0,0,2423,1909,0,6450837.715,5695648,755189.7148,15103.7943,50,574,TRUE,0
10,156,0.4,50,10,1,3,15,90.12,98.7,63860,79671,31997,11192,186720,20707,31265,4772,37435,94179,280899,26177610.15,32711045.16,6533435.006,8480716.534,4442.491637,0,0,2423,1909,0,12901675.43,5695648,7206027.43,144120.5486,50,574,TRUE,1
10,161,0.4,50,10,1,1,30,45.06,49.35,66390,78821,32180,11268,188659,6135,46226,4679,37188,94228,282887,35436687.74,21459704.93,-13976982.81,15927272.99,4050.679805,0,0,2478,3932,0,6092246.697,5695648,396598.6974,7931.973948,50,472,TRUE,0
10,161,0.4,50,10,1,1,30,90.12,98.7,66390,78821,32180,11268,188659,6135,46226,4679,37188,94228,282887,35436687.74,37223761.85,1787074.114,15927272.99,4050.679805,0,0,2478,3932,0,12184493.39,5695648,6488845.395,129776.9079,50,472,TRUE,1
10,159,0.4,50,10,1,1,15,45.06,49.35,59578,79467,31679,11163,181887,6498,47985,4636,37332,96451,278338,26041104.54,17016095.02,-9025009.516,9149276.415,4641.946431,0,0,2468,1971,0,6112996.024,5695648,417348.0235,8346.96047,50,678,TRUE,0
10,159,0.4,50,10,1,1,15,90.12,98.7,59578,79467,31679,11163,181887,6498,47985,4636,37332,96451,278338,26041104.54,28336542.04,2295437.506,9149276.415,4641.946431,0,0,2468,1971,0,12225992.05,5695648,6530344.047,130606.8809,50,678,TRUE,1