PLOT-Name,3PG-Mean_DBH,3PG-Basal_Area
plot0,41.3044,75.9503
plot1,49.1626,77.0204
plot2,39.0972,77.7442
plot3,40.9777,76.1955
plot4,36.2629,75.6956
plot5,39.3548,75.8273
plot6,28.1196,73.4229
plot7,51.0362,77.1069
plot8,42.1371,76.3415
plot9,40.1277,76.3094
plot10,46.518,76.8598
plot11,47.3388,76.9084
plot12,42.1516,77.2933
plot13,46.8749,76.6187
plot14,38.7877,75.7279
plot15,43.4597,76.141
plot16,40.5661,76.0107
plot17,40.5701,76.0301
plot18,39.322,75.5089
plot19,39.6504,76.2687
plot20,40.5833,75.8713
plot21,39.707,77.1301
plot22,41.0383,75.624
plot23,44.2016,76.3006
plot24,39.6698,76.1967
plot25,40.909,76.3016
plot26,40.0991,76.2467
plot27,46.1615,76.0831
plot28,40.8495,75.7778
plot29,40.7621,76.1722
plot30,39.5675,75.7559
plot31,37.3337,75.4067
plot32,50.4649,76.8239
plot33,36.794,75.5702
plot34,42.5572,76.4823
plot35,25.1607,74.4885
plot36,41.8378,76.4985
plot37,46.5394,76.5153
plot38,48.4784,76.5344
plot39,37.7124,75.4041
plot40,45.8298,76.488
plot41,49.4278,77.0424
plot42,47.5112,76.845
plot43,40.21,75.8402
plot44,43.8055,76.6486
plot45,43.6536,75.9195
plot46,42.9749,76.448
plot47,35.7351,75.6817
plot48,45.5056,76.4488
plot49,38.6783,75.4731
plot50,40.4538,76.2348
plot51,24.9741,74.8207
plot52,43.4426,76.3186
plot53,44.8502,76.9584
plot54,47.6125,76.2973
plot55,45.5921,76.2876
plot56,39.1291,75.5941
plot57,47.0849,76.872
plot58,39.8924,75.6624
plot59,38.8775,75.9971
plot60,38.9225,75.8292
plot61,35.428,75.4371
plot62,47.1466,76.6168
plot63,50.5991,77.4017
plot64,44.7413,76.5921
plot65,47.4964,76.4554
plot66,37.0349,74.7772
plot67,43.4914,75.5995
plot68,33.7611,75.4505
plot69,46.3004,76.8225
plot70,50.6499,76.9871
plot71,42.4717,75.8103
plot72,37.2566,75.2322
plot73,41.2458,76.1849
plot74,36.1633,75.8389
plot75,41.3276,75.7012
plot76,43.9107,76.2347
plot77,37.1719,75.3539
plot78,39.3976,75.9523
plot79,49.9738,76.8028
plot80,47.5279,77.4111
plot81,45.7588,76.6748
plot82,52.2565,77.2645
plot83,40.1003,75.6356
plot84,48.5792,76.9382
plot85,34.9448,74.6818
plot86,41.1801,75.8404
plot87,44.3472,76.2485
plot88,43.8551,76.4568
plot89,45.4225,76.3066
plot90,41.7581,76.0536
plot91,44.1259,76.1929
plot92,56.9786,77.3013
plot93,46.9951,76.4359
plot94,47.4557,76.6322
plot95,40.969,75.8517
plot96,41.8857,76.0032
plot97,43.0794,76.1804
plot98,42.9378,76.1008
plot99,40.0197,75.8986
plot100,29.3041,76.1174
plot101,48.6924,76.1435
plot102,37.227,75.6552
plot103,37.8354,75.3138
plot104,38.6705,75.653
plot105,47.4263,76.6629
plot106,44.8094,76.547
plot107,40.4041,75.7876
plot108,44.6521,76.3753
plot109,40.6454,75.6867
plot110,35.6546,75.0736
plot111,33.0228,73.7441
plot112,43.3741,76.5371
plot113,38.19,75.5667
plot114,48.1904,77.0651
plot115,46.6575,76.5025
plot116,39.3083,75.1502
plot117,41.283,76.4869
plot118,50.6484,77.0849
plot119,39.859,75.588
plot120,36.9731,75.312
plot121,51.8801,77.1502
plot122,44.6756,76.7464
plot123,53.7296,77.7547
plot124,34.0578,75.852
plot125,34.6093,75.0854
plot126,42.9586,75.7044
plot127,47.4187,76.402
plot128,39.7477,76.0888
plot129,40.1072,75.3551
plot130,48.0045,75.9003
plot131,39.6751,75.5907
plot132,37.714,75.6127
plot133,35.221,74.9701
plot134,42.6506,75.9442
plot135,39.4219,75.9613
plot136,46.4826,76.9384
plot137,43.5774,76.2937
plot138,36.0904,75.6024
plot139,39.9763,75.244
plot140,36.2791,75.8182
plot141,43.4427,76.4687
plot142,39.8478,75.8733
plot143,34.6459,75.1853
plot144,54.3842,77.7752
plot145,49.0507,76.7607
plot146,37.8702,75.4153
plot147,40.8216,75.5796
plot148,40.8801,75.9115
plot149,51.149,77.1807
plot150,39.9284,75.5738
plot151,41.2182,76.5065
plot152,47.2006,76.1393
plot153,44.3472,76.4879
plot154,24.0933,73.8256
plot155,44.5463,76.7053
plot156,39.8145,76.4599
plot157,41.077,75.9298
plot158,39.2462,75.6858
plot159,47.894,76.3724
plot160,33.3687,75.3502
plot161,46.7628,76.3698
plot162,49.4409,76.6618
plot163,43.0569,75.7608
plot164,41.9087,76.1635
plot165,48.2411,76.4209
plot166,45.5822,76.4832
plot167,48.439,77.0221
plot168,34.7491,75.8811
plot169,39.3686,75.9731
plot170,42.8901,75.9035
plot171,38.4069,75.4799
plot172,41.4921,76.0167
plot173,41.3062,75.959
plot174,56.1683,77.4491
plot175,38.0285,76.2933
plot176,40.3425,75.857
plot177,42.3566,75.7718
plot178,46.4265,76.4157
plot179,43.3319,76.6228
plot180,41.1858,76.3574
plot181,39.6907,75.7634
plot182,38.3137,75.9001
plot183,38.1278,76.2056
plot184,37.4374,75.9998
plot185,42.3073,75.2505
plot186,39.4565,75.9635
plot187,35.9394,74.5665
plot188,52.134,77.236
plot189,45.1794,76.6503
plot190,45.0532,76.3573
plot191,40.8292,76.1429
plot192,49.1681,77.1763
plot193,45.4449,76.0765
plot194,50.9069,77.1824
plot195,44.0048,76.1669
plot196,41.9951,75.52
plot197,40.9707,76.1083
plot198,39.0816,75.5935
plot199,43.9302,76.5154
plot200,41.8308,76.1807
plot201,39.8027,76.0364
plot202,49.605,77.1688
plot203,44.5855,76.3874
plot204,36.5042,75.0464
plot205,56.4207,77.5549
plot206,41.8637,76.4195
plot207,35.1811,75.5802
plot208,39.5811,75.3314
plot209,43.6575,76.2197
plot210,39.1946,76.0961
plot211,39.1565,76.0202
plot212,42.5637,76.5509
plot213,42.911,76.3683
plot214,40.9645,76.5621
plot215,49.924,76.9374
plot216,37.1108,76.5034
plot217,34.3697,74.8521
plot218,37.496,75.9366
plot219,44.3661,76.5594
plot220,44.2786,76.444
plot221,37.9428,75.8184
plot222,45.5733,76.8721
plot223,45.3875,76.2131
plot224,40.8976,76.1099
plot225,43.6301,76.5996
plot226,44.5445,76.1734
plot227,39.1721,75.9883
plot228,34.455,75.4013
plot229,44.64,76.2796
plot230,36.1317,74.9631
plot231,48.6748,76.6709
plot232,46.1843,76.63
plot233,48.234,77.0074
plot234,39.1971,75.852
plot235,51.6367,76.5881
plot236,39.1452,75.9691
plot237,42.4941,75.7286
plot238,50.1348,77.2358
plot239,48.8376,76.6605
plot240,37.4715,74.9692
plot241,52.4472,77.243
plot242,38.2528,75.637
plot243,39.9659,76.0785
plot244,41.5345,76.4826
plot245,38.8241,75.7172
plot246,38.7073,75.2602
plot247,42.1062,75.229
plot248,39.3623,76.2187
plot249,54.7061,76.987
plot250,38.1361,75.7684
plot251,37.5839,75.6849
plot252,49.5461,77.0188
plot253,44.5213,75.9993
plot254,49.6597,77.1311
plot255,45.8384,77.1111
plot256,38.3624,75.6426
plot257,50.7114,76.7248
plot258,39.6031,75.3895
plot259,38.36,75.7351
plot260,52.5386,77.4938
plot261,45.2669,76.6703
plot262,43.328,75.3629
plot263,38.2322,76.0791
plot264,37.0829,75.3705
plot265,47.8052,76.9467
plot266,39.8187,75.922
plot267,49.4723,77.3016
plot268,34.2261,74.9335
plot269,42.7887,76.0073
plot270,45.8367,76.4515
plot271,45.8636,76.17
plot272,42.9864,76.6677
plot273,50.7502,76.9483
plot274,34.3236,74.8729
plot275,48.1923,77.3452
plot276,46.8527,76.5581
plot277,36.5767,74.6381
plot278,43.2476,75.9272
plot279,49.0473,76.4382
plot280,34.7975,75.0729
plot281,42.798,76.5978
plot282,45.6734,76.4415
plot283,45.4986,76.7819
plot284,17.0842,73.7107
plot285,13.6224,70.9095
plot286,33.4164,78.259
plot287,32.3914,74.153
plot288,44.6317,75.8756
plot289,39.0505,75.9871
plot290,34.7047,75.7103
plot291,39.8053,76.1764
plot292,33.196,75.4669
plot293,48.6832,76.9887
plot294,46.0299,77.2958
plot295,43.804,76.1827
plot296,36.8274,75.4385
plot297,42.0604,76.0433
plot298,51.6948,77.6679
plot299,53.7511,77.8671
plot300,41.5018,75.5449
plot301,36.5708,75.7114
plot302,49.7697,77.0472
plot303,34.8719,75.3279
plot304,50.9163,76.914
plot305,47.203,76.6406
plot306,39.9509,76.2055
plot307,36.404,75.574
plot308,39.5282,75.8402
plot309,35.4882,75.4721
plot310,43.6733,76.4194
plot311,39.7023,75.6292
plot312,44.1362,76.6186
plot313,37.3675,75.1459
plot314,40.3216,75.6794
plot315,50.0926,76.7364
plot316,40.7412,76.076
plot317,29.9752,74.9202
plot318,19.7201,75.2953
plot319,26.2161,74.666
plot320,44.5927,76.48
plot321,42.189,75.82
plot322,46.0161,76.5474
plot323,35.0663,75.3034
plot324,28.5853,74.2871
plot325,35.1027,75.019
plot326,40.5558,76.0105
plot327,39.3949,75.1444
plot328,40.382,75.6117
plot329,56.0092,77.5515
plot330,34.4701,74.8971
plot331,37.5503,75.6081
plot332,45.194,76.3837
plot333,39.2159,76.0543
plot334,50.0881,76.6375
plot335,43.5571,76.8467
plot336,60.0839,77.9887
plot337,37.0393,76.2567
plot338,32.2141,74.4468
plot339,35.7219,75.0039
plot340,34.6066,74.8275
plot341,41.253,76.0654
plot342,47.8967,77.0039
plot343,41.6495,75.9954
plot344,45.5091,76.5401
plot345,42.1101,76.3724
plot346,47.0078,76.5453
plot347,46.0177,76.1292
plot348,37.2323,75.4832
plot349,42.4879,76.2267
plot350,38.5933,77.1465
plot351,43.527,76.2698
plot352,39.9093,75.7428
plot353,41.0685,74.538
plot354,47.9135,76.4857
plot355,48.4924,76.9014
plot356,44.9475,76.1134
plot357,36.1249,75.7639
plot358,44.9463,76.5337
plot359,42.9266,75.0668
plot360,36.8784,75.7714
plot361,42.2527,75.9114
plot362,42.3954,76.2871
plot363,38.4047,75.6487
plot364,46.1525,75.8153
plot365,40.0142,75.8275
plot366,43.4355,76.0985
plot367,37.6549,75.8277
plot368,36.3102,75.1663
plot369,38.04,75.5904
plot370,42.0979,76.625
plot371,39.8231,75.9222
plot372,32.1984,74.656
plot373,40.8634,76.062
plot374,40.2721,75.6054
plot375,40.882,75.9833
plot376,29.4358,74.9986
plot377,50.8942,76.7091
plot378,43.863,76.152
plot379,47.5693,76.6407
plot380,41.6249,76.0853
plot381,36.7343,75.3936
plot382,38.3515,75.4261
plot383,49.0006,76.9372
plot384,42.8955,76.8479
plot385,43.8775,76.4422
plot386,48.9183,76.8903
plot387,36.6499,75.5554
plot388,42.4211,76.2139
plot389,44.2217,76.759
plot390,36.1674,75.227
plot391,50.3389,77.258
plot392,38.8207,75.7514
plot393,43.253,76.1563
plot394,42.5004,75.6602
plot395,44.8678,76.7707
plot396,48.3952,76.8685
plot397,46.1208,76.4166
plot398,34.9554,75.1107
plot399,54.0879,77.523
plot400,43.3878,76.5517
plot401,52.8171,77.5252
plot402,32.8847,75.3758
plot403,58.0988,77.903
plot404,39.8213,76.5878
plot405,43.9084,76.4227
plot406,42.4395,76.3382
plot407,37.4674,75.4829
plot408,42.6256,76.4649
plot409,41.9226,76.276
plot410,47.5278,76.6798
plot411,50.7914,77.2564
plot412,42.6143,76.4925
plot413,46.8645,76.7898
plot414,37.7389,75.6854
plot415,45.2053,76.7745
plot416,34.2925,75.518
plot417,28.6495,78.7768
plot418,41.6447,75.8451
plot419,39.8164,75.5501
plot420,38.3356,75.105
plot421,35.1925,75.2201
plot422,47.0601,76.7418
plot423,48.3803,76.8313
plot424,49.9126,76.9871
plot425,42.8681,76.5768
plot426,42.0279,75.8741
plot427,51.4227,76.9355
plot428,41.3084,75.8536
plot429,51.3571,77.5565
plot430,37.6532,75.6473
plot431,46.2641,76.3824
plot432,31.9653,74.9255
plot433,42.234,75.813
plot434,34.457,75.0979
plot435,36.2501,75.6829
plot436,38.7709,75.0468
plot437,44.7537,76.816
plot438,37.7627,76.2418
plot439,46.445,76.5229
plot440,44.5297,76.1429
plot441,43.4303,76.3139
plot442,41.2209,76.3205
plot443,49.6268,77.0704
plot444,45.9389,76.6047
plot445,43.0802,75.819
plot446,41.7306,75.9367
plot447,48.7292,76.8628
plot448,39.7612,76.3485
plot449,43.8717,77.3804
plot450,14.3672,71.14
plot451,45.6756,79.3036
plot452,40.3312,75.9278
plot453,43.1648,76.3236
plot454,45.2898,76.3723
plot455,50.5436,77.5343
plot456,36.0906,75.564
plot457,37.0494,75.8398
plot458,51.3523,77.0173
plot459,39.5005,75.9946
plot460,51.8152,77.4186
plot461,44.9711,76.4379
plot462,51.2166,77.4412
plot463,43.7779,77.0602
plot464,41.1619,75.9263
plot465,52.9489,77.3268
plot466,44.1103,76.2938
plot467,43.7745,76.0995
plot468,45.8476,76.823
plot469,40.4627,76.171
plot470,41.4424,76.3344
plot471,47.1221,76.5729
plot472,39.5439,75.6243
plot473,37.7143,75.6231
plot474,39.0999,75.6622
plot475,40.8691,75.7085
plot476,39.1455,75.7573
plot477,43.5398,76.5061
plot478,45.6459,76.0709
plot479,41.5032,76.0974
plot480,48.0592,76.8461
plot481,31.3707,74.5362
plot482,41.7051,77.192
plot483,36.8793,75.1366
plot484,44.8656,76.1191
plot485,42.0245,76.1632
plot486,51.7002,77.2842
plot487,38.959,75.9019
plot488,47.8785,76.671
plot489,38.2485,75.6558
plot490,39.5747,75.972
plot491,46.3822,76.5041
plot492,50.6012,77.3719
plot493,43.1722,76.3972
plot494,48.3269,76.697
plot495,37.7556,75.6613
plot496,49.0782,77.0698
plot497,44.4225,76.1241
plot498,39.721,75.4031
plot499,54.59,77.78
plot500,31.0117,74.854
plot501,41.2801,75.968
plot502,38.5876,75.7518
plot503,45.8787,76.1735
plot504,36.5832,75.8965
plot505,45.4325,76.7771
plot506,39.6004,75.4334
plot507,50.5702,77.0615
plot508,38.852,75.2724
plot509,48.9814,77.0151
plot510,45.1249,76.0169
plot511,40.4638,76.1942
plot512,29.2827,75.7574
plot513,26.3908,76.4653
plot514,47.1099,76.3922
plot515,43.6384,76.3563
plot516,36.8686,75.0047
plot517,45.1596,76.7431
plot518,41.7899,76.0257
plot519,42.6629,76.3667
plot520,40.6739,76.0617
plot521,43.2535,75.543
plot522,49.7237,77.2017
plot523,49.0725,77.029
plot524,44.8483,76.2272
plot525,36.2645,74.9848
plot526,34.3397,74.5346
plot527,50.9254,77.4772
plot528,38.6695,75.5992
plot529,35.9185,75.1014
plot530,48.3463,76.8665
plot531,35.8922,74.7226
plot532,43.4193,76.2849
plot533,39.1559,75.4753
plot534,43.8743,76.513
plot535,43.051,75.9755
plot536,48.9289,77.1601
plot537,41.3397,75.9724
plot538,46.1399,76.7055
plot539,47.0583,77.0397
plot540,52.5443,77.4839
plot541,46.9785,76.0558
plot542,44.99,76.5327
plot543,38.8976,76.4899
plot544,38.9677,76.9062
plot545,41.0357,75.9908
plot546,35.3548,75.4508
plot547,35.5391,75.2957
plot548,36.5048,75.0325
plot549,40.6243,76.5715
plot550,45.4667,76.4377
plot551,39.398,75.8825
plot552,44.9239,76.774
plot553,46.9159,75.949
plot554,33.2176,75.0737
plot555,41.3057,75.8428
plot556,44.4156,76.611
plot557,38.8164,75.8368
plot558,38.4568,75.7964
plot559,45.5798,76.6718
plot560,44.9209,76.6445
plot561,41.2913,76.0956
plot562,44.8808,76.6028
plot563,38.3055,75.9346
plot564,49.0789,76.5298
plot565,42.3005,76.1103
plot566,40.9214,75.7546
plot567,44.9702,76.0702
plot568,45.5995,76.6525
plot569,39.2906,75.8536
plot570,54.7982,77.5682
plot571,37.7506,75.5
plot572,41.0111,75.9705
plot573,41.5731,76.33
plot574,47.4608,76.6186
plot575,33.2589,75.393
plot576,29.9937,77.7969
plot577,44.1187,75.8193
plot578,39.9686,76.0337
plot579,43.9875,76.0395
plot580,41.502,76.2246
plot581,41.3076,75.8201
plot582,55.1934,77.6152
plot583,43.9425,76.0511
plot584,44.1005,76.2953
plot585,46.8017,77.1084
plot586,38.7391,75.8304
plot587,41.4819,76.3517
plot588,39.7021,75.8724
plot589,51.4223,77.3494
plot590,42.9217,76.4778
plot591,47.3143,76.7447
plot592,42.2251,76.3267
plot593,46.4571,76.691
plot594,42.0266,76.0338
plot595,38.7533,75.8107
plot596,42.7035,75.7248
plot597,40.8716,75.7653
plot598,42.3997,76.4243
plot599,47.4145,76.7392
plot600,42.9112,76.321
plot601,40.8104,76.1968
plot602,42.1876,76.1126
plot603,41.6759,75.8642
plot604,40.4141,76.7943
plot605,47.672,76.7954
plot606,36.6002,75.2457
plot607,40.1456,75.6437
plot608,37.5464,75.0562
plot609,48.0216,76.9988
plot610,50.3329,77.1746
plot611,38.2601,76.0487
plot612,44.8986,76.4282
plot613,36.6483,75.4415
plot614,44.0039,76.4276
plot615,43.9829,75.678
plot616,37.0384,75.299
plot617,39.0273,75.2434
plot618,47.0359,76.9879
plot619,49.0572,77.021
plot620,36.6006,75.4479
plot621,38.0048,74.9762
plot622,42.8793,76.0313
plot623,42.0573,76.3774
plot624,37.8962,75.7282
plot625,48.2399,77.0656
plot626,43.6956,75.9041
plot627,38.8359,75.1907
plot628,37.9536,76.2762
plot629,47.1161,76.7524
plot630,38.7843,75.8024
plot631,45.9814,76.7508
plot632,33.2025,75.3561
plot633,13.5667,70.6509
plot634,36.6945,75.5187
plot635,44.9966,76.6468
plot636,52.2123,77.4475
plot637,53.3156,77.5339
plot638,42.0856,76.4384
plot639,47.9535,76.5534
plot640,44.4452,76.2833
plot641,56.9619,77.7528
plot642,36.2886,75.6518
plot643,45.9489,76.116
plot644,44.4937,76.7522
plot645,42.6428,76.1431
plot646,39.6117,76.2384
plot647,38.5529,75.9643
plot648,41.8214,75.9119
plot649,42.4682,76.4284
plot650,32.5534,74.6461
plot651,39.3841,75.7219
plot652,40.6194,75.9274
plot653,46.2691,76.7195
plot654,45.1745,76.669
plot655,47.3313,76.4849
plot656,44.6866,76.9688
plot657,53.8804,77.3624
plot658,52.6748,77.4923
plot659,44.8352,76.7133
plot660,55.6195,77.6768
plot661,38.2971,75.9964
plot662,37.8534,76.0255
plot663,43.597,77.1002
plot664,54.451,77.488
plot665,49.703,77.0642
plot666,49.7937,76.9661
plot667,35.9509,74.9703
plot668,41.5345,76.1947
plot669,46.9503,76.6236
plot670,46.006,75.9915
plot671,52.59,77.3422
plot672,39.1232,75.4595
plot673,42.7189,76.9776
plot674,33.7436,75.7925
plot675,44.7302,77.0188
plot676,45.233,76.877
plot677,39.634,75.7837
plot678,40.4942,76.2246
plot679,44.908,77.0004
plot680,54.0041,77.5445
plot681,30.3609,75.0098
plot682,45.3289,76.8027
plot683,45.8503,76.877
plot684,40.6244,76.4112
plot685,44.1951,77.1721
plot686,39.0513,75.758
plot687,46.6867,76.998
plot688,46.7605,76.7303
plot689,40.6404,76.1639
plot690,45.6112,76.349
plot691,47.4549,76.9953
plot692,44.658,76.9831
plot693,45.2602,76.6583
plot694,41.2685,76.1785
plot695,29.6239,75.6347
plot696,43.9559,76.2803
plot697,40.7676,76.0182
plot698,44.1445,76.4868
plot699,47.6937,76.4641
plot700,35.9532,75.1685
plot701,54.3293,77.8335
plot702,47.6256,76.8123
plot703,41.6205,75.8903
plot704,48.7473,77.2337
plot705,39.1084,76.3569
plot706,41.5275,76.1815
plot707,46.0904,76.7707
plot708,46.1462,76.7241
plot709,46.551,77.0198
plot710,38.8401,76.3546
plot711,40.6307,76.299
plot712,44.9249,76.3289
plot713,51.8425,77.4332
plot714,33.0433,75.3185
plot715,35.1777,75.38
plot716,39.5817,75.8522
plot717,41.0136,75.6662
plot718,34.7671,75.2787
plot719,44.6014,76.9161
plot720,37.6097,75.2574
plot721,40.8923,76.5116
plot722,43.4813,76.5764
plot723,51.0794,76.6928
plot724,45.9034,76.9732
plot725,45.3994,76.5455
plot726,43.7147,76.6138
plot727,46.406,77.0883
plot728,35.7438,75.8842
plot729,42.2459,76.1388
plot730,36.3319,75.6508
plot731,44.5487,76.5764
plot732,47.4309,76.8211
plot733,48.0362,76.548
plot734,42.7631,76.657
plot735,37.0823,76.0248
plot736,38.1011,75.6291
plot737,45.6333,77.2523
plot738,36.1474,75.2783
plot739,46.627,76.8496
plot740,47.9366,76.7864
plot741,52.6875,77.4861
plot742,43.3919,76.5258
plot743,43.0415,76.079
plot744,33.8809,75.3273
plot745,46.9357,76.866
plot746,32.4221,75.0411
plot747,48.9888,76.9877
plot748,45.6994,76.7959
plot749,43.4077,75.8815
plot750,41.6168,76.7438
plot751,48.221,76.6822
plot752,46.8285,77.2309
plot753,39.0819,76.165
plot754,39.5016,76.0378
plot755,43.9669,76.5539
plot756,37.0615,75.1182
plot757,37.4094,75.4254
plot758,47.8603,77.3851
plot759,26.5483,75.2132
plot760,45.1832,76.0609
plot761,37.0925,75.4067
plot762,43.0295,76.1769
plot763,38.4779,75.8806
plot764,43.0852,76.1294
plot765,46.3828,76.4112
plot766,43.2201,76.128
plot767,46.7405,76.6863
plot768,58.6719,77.9235
plot769,52.7249,77.2203
plot770,44.5932,76.9658
plot771,40.6308,76.6835
plot772,36.1196,75.2563
plot773,40.6016,76.3396
plot774,46.6749,76.4489
plot775,42.8712,75.8359
plot776,41.7746,76.1497
plot777,36.2617,74.6551
plot778,35.637,75.4047
plot779,38.7875,76.2732
plot780,41.4295,75.7223
plot781,44.5487,76.8689
plot782,43.9558,75.9317
plot783,43.7187,76.9282
plot784,30.6243,74.2807
plot785,41.6386,76.1736
plot786,38.6258,75.4775
plot787,42.2321,76.5374
plot788,31.831,74.1586
plot789,19.7939,74.9933
plot790,45.5116,78.7568
plot791,40.1703,75.6905
plot792,41.5528,76.1163
plot793,48.0484,76.7824
plot794,46.8202,76.8339
plot795,46.8451,76.8383
plot796,43.462,76.4299
plot797,34.5668,74.7316
plot798,45.0992,76.66
plot799,38.7146,76.2512
plot800,42.8706,77.0509
plot801,48.5261,76.5565
plot802,42.8425,76.3373
plot803,39.5322,76.0964
plot804,44.7685,76.7934
plot805,36.9872,75.5343
plot806,41.5948,76.267
plot807,43.7126,76.1951
plot808,46.6416,76.9287
plot809,45.6758,76.4894
plot810,44.1952,76.1496
plot811,47.2189,77.0002
plot812,45.047,76.4405
plot813,34.1365,75.2758
plot814,31.5335,75.7963
plot815,39.5574,77.0562
plot816,43.4356,76.4833
plot817,43.7549,76.0347
plot818,44.8778,75.7236
plot819,45.7193,76.1729
plot820,40.5781,76.1147
plot821,35.5082,75.3587
plot822,43.1251,76.5915
plot823,45.2306,77.2155
plot824,45.5111,76.6232
plot825,40.9821,76.0574
plot826,51.4849,77.6194
plot827,53.4609,77.9619
plot828,34.8166,75.2321
plot829,45.4849,76.9602
plot830,40.1002,75.3918
plot831,48.0639,76.9961
plot832,38.1655,75.1536
plot833,51.7118,77.3739
plot834,43.7262,75.8793
plot835,45.6845,76.3069
plot836,50.4198,76.9675
plot837,43.259,76.4666
plot838,42.6239,76.3437
plot839,44.2207,76.4582
plot840,43.3108,76.2092
plot841,40.0536,75.5817
plot842,44.2829,76.4565
plot843,34.6626,76.413
plot844,13.3121,70.4563
plot845,40.4483,75.8926
plot846,36.2613,75.4982
plot847,38.8025,75.3683
plot848,46.627,76.6724
plot849,37.6869,75.7841
plot850,41.6919,75.8599
plot851,41.0987,76.069
plot852,38.6925,76.3395
plot853,48.899,78.4848
plot854,33.6211,75.1849
plot855,35.485,75.6279
plot856,48.7544,77.0944
plot857,31.2991,75.4136
plot858,48.9737,77.6766
plot859,46.9339,76.7463
plot860,48.0574,76.7901
plot861,42.5206,76.6446
plot862,36.5597,75.9692
plot863,37.1723,75.5177
plot864,45.1529,76.5451
plot865,46.3911,76.7344
plot866,41.962,76.1403
plot867,37.3765,75.6769
plot868,37.0934,75.8276
plot869,50.5538,77.1035
plot870,41.1806,76.4598
plot871,54.3684,77.5552
plot872,43.4208,76.2068
plot873,37.2601,76.028
plot874,54.209,78.4247
plot875,24.1079,74.1689
plot876,43.9498,76.3032
plot877,50.7301,76.9219
plot878,47.3171,76.0831
plot879,37.3086,75.6619
plot880,49.6291,77.4071
plot881,39.8178,76.3595
plot882,40.2712,76.118
plot883,55.2906,77.6386
plot884,37.2336,75.621
plot885,40.6177,76.0362
plot886,44.817,76.9181
plot887,40.4718,76.5873
plot888,45.7328,76.2611
plot889,41.3256,76.5126
plot890,51.8813,77.2869
plot891,39.0855,75.6489
plot892,44.4636,76.3009
plot893,41.5614,75.4374
plot894,50.4057,77.0179
plot895,39.0928,76.0871
plot896,48.8554,76.7408
plot897,40.8052,76.0737
plot898,44.2917,76.4989
plot899,47.1949,76.8976
plot900,38.7794,75.3508
plot901,47.758,76.9936
plot902,49.5502,77.3413
plot903,45.9154,76.7221
plot904,33.5509,76.3939
plot905,41.4124,76.7495
plot906,37.745,75.5205
plot907,54.3974,77.0443
plot908,34.6046,75.1018
plot909,41.5222,76.6635
plot910,43.9648,76.2973
plot911,37.0358,75.6333
plot912,42.0019,76.4407
plot913,35.7402,76.8799
plot914,36.5543,75.8715
plot915,37.1553,75.5185
plot916,45.1316,76.7369
plot917,39.0009,75.4736
plot918,38.3793,75.5948
plot919,48.2076,77.1634
plot920,40.9605,76.022
plot921,45.7113,76.5214
plot922,44.6824,76.1438
plot923,36.9734,75.6704
plot924,44.2102,76.6752
plot925,49.4379,76.7343
plot926,41.6362,76.3807
plot927,40.5638,75.7543
plot928,37.8736,75.6096
plot929,39.6976,76.7898
plot930,25.6071,75.6666
plot931,30.9964,78.02
plot932,53.5973,77.9155
plot933,41.8039,76.4705
plot934,47.7277,77.2975
plot935,38.1227,75.4431
plot936,39.2532,75.7162
plot937,50.2037,77.1214
plot938,38.8364,76.2066
plot939,43.0602,76.7618
plot940,36.1882,75.7203
plot941,36.9961,75.9725
plot942,41.7108,76.4514
plot943,42.0262,76.238
plot944,40.8722,76.2376
plot945,49.277,77.2015
plot946,45.1941,76.9363
plot947,47.9189,77.0192
plot948,35.8019,75.8599
plot949,52.3688,77.3882
plot950,43.2883,76.5916
plot951,49.2961,77.2937
plot952,47.679,77.0334
plot953,42.1284,76.4798
plot954,34.5152,73.9567
plot955,46.3239,77.3931
plot956,41.7035,76.1016
plot957,33.764,75.1949
plot958,49.2388,76.8888
plot959,33.6959,74.7889
plot960,46.7919,76.4904
plot961,32.9988,75.1291
plot962,40.566,76.7719
plot963,40.1861,76.2651
plot964,41.4079,76.4372
plot965,41.0292,76.3237
plot966,49.7428,76.9735
plot967,48.1529,77.2118
plot968,42.0457,75.9963
plot969,53.1415,77.6459
plot970,42.5958,76.5158
plot971,40.2959,76.2367
plot972,49.0551,77.0843
plot973,46.6812,76.5348
plot974,43.1373,76.6166
plot975,47.3594,77.0327
plot976,34.7258,75.1725
plot977,41.9279,76.086
plot978,32.5376,75.8043
plot979,27.8933,75.1762
plot980,35.7161,77.2724
plot981,23.2088,76.2616
plot982,31.0477,75.8499
plot983,31.8503,75.2913
plot984,36.2085,76.6756
plot985,43.8687,76.2132
plot986,36.941,75.7408
plot987,36.3005,75.9885
plot988,51.0956,77.4125
plot989,46.9375,77.3355
plot990,41.1208,75.9607
plot991,52.3078,77.3543
plot992,35.9685,75.4593
plot993,44.9869,77.0628
plot994,45.0531,77.1083
plot995,44.5031,76.7904
plot996,34.0808,75.6205
plot997,34.2703,75.8892
plot998,48.9033,76.8325
plot999,43.7952,75.6262
plot1000,41.9243,76.5802
plot1001,42.2672,76.5682
plot1002,45.6596,77.1966
plot1003,47.9662,76.6676
plot1004,41.4256,76.0444
plot1005,33.5413,76.3959
plot1006,42.017,78.2449
plot1007,68.252,86.3096
plot1008,37.8334,77.5805
plot1009,26.6644,75.5795
plot1010,48.1298,77.2835
plot1011,35.7641,75.8197
plot1012,32.085,75.4957
plot1013,43.8903,76.88
plot1014,42.2675,76.5633
plot1015,43.6577,76.1475
plot1016,46.5863,76.7955
plot1017,37.0279,76.095
plot1018,43.1686,76.8124
plot1019,40.0426,76.4533
plot1020,37.1568,75.9207
plot1021,48.3573,77.2248
plot1022,31.0864,74.7643
plot1023,42.6997,76.2189
plot1024,44.2547,76.5819
plot1025,46.23,76.6258
plot1026,39.5794,75.9816
plot1027,52.1007,77.4296
plot1028,48.9826,77.006
plot1029,37.1338,76.8285
plot1030,40.6518,76.519
plot1031,42.2073,76.3632
plot1032,42.8687,76.6106
plot1033,46.334,76.8729
plot1034,37.8321,75.8709
plot1035,50.073,76.5916
plot1036,54.3187,77.4329
plot1037,52.3631,77.3615
plot1038,35.4205,75.2001
plot1039,42.0347,76.6274
plot1040,35.1898,75.8291
plot1041,33.9928,75.6387
plot1042,48.2701,77.1068
plot1043,42.7855,76.7615
plot1044,32.5201,75.2908
plot1045,38.0712,76.4174
plot1046,44.7142,76.3661
plot1047,44.7669,76.9735
plot1048,37.0944,75.5603
plot1049,24.7848,74.6557
plot1050,48.4175,77.3848
plot1051,41.6878,76.3157
plot1052,41.654,76.3072
plot1053,44.2458,76.7326
plot1054,41.0708,76.4783
plot1055,40.7541,75.9141
plot1056,40.5328,75.6808
plot1057,32.4452,75.2101
plot1058,55.4152,77.9073
plot1059,34.0032,75.2
plot1060,38.9727,75.912
plot1061,43.3691,76.4494
plot1062,37.654,75.2375
plot1063,34.0724,75.8027
plot1064,42.3574,76.2824
plot1065,47.9537,76.7947
plot1066,39.8488,76.3082
plot1067,38.3139,76.1077
plot1068,28.354,77.6064
plot1069,33.8319,75.2752
plot1070,40.5646,76.3823
plot1071,50.5087,77.6763
plot1072,45.6254,77.0465
plot1073,47.126,76.954
plot1074,48.88,77.5966
plot1075,46.9439,76.7912
plot1076,42.5365,76.6221
plot1077,48.6113,77.1684
plot1078,43.433,77.0091
plot1079,42.844,76.3544
plot1080,47.3397,77.0711
plot1081,40.4579,76.1738
plot1082,47.7027,76.765
plot1083,44.0708,76.3757
plot1084,39.5135,76.0131
plot1085,40.544,76.0778
plot1086,40.8297,76.6005
plot1087,24.7601,73.9581
plot1088,40.6262,76.1105
plot1089,35.9287,76.0995
plot1090,38.0056,76.2044
plot1091,48.3184,77.4302
plot1092,43.7999,76.5
plot1093,37.1285,75.8871
plot1094,52.2188,77.6224
plot1095,33.4363,75.6664
plot1096,36.2411,75.3519
plot1097,42.2591,76.5973
plot1098,43.8502,76.3224
plot1099,40.3738,76.072
plot1100,39.1545,75.8639
plot1101,44.3887,76.2243
plot1102,39.1564,75.835
plot1103,52.3017,77.4394
plot1104,59.4038,78.4111
plot1105,26.6328,75.5376
plot1106,49.294,77.5672
plot1107,40.7072,76.2989
plot1108,48.8684,77.5185
plot1109,37.6771,76.1372
plot1110,42.8798,76.6096
plot1111,38.4724,75.5715
plot1112,49.6641,77.3766
plot1113,36.2965,76.0737
plot1114,46.5838,77.1086
plot1115,43.4604,76.3355
plot1116,42.2658,76.5318
plot1117,44.2623,76.4119
plot1118,41.6624,76.5401
plot1119,33.4612,75.5374
plot1120,37.3125,76.8026
plot1121,28.9527,74.7427
plot1122,36.0896,76.5667
plot1123,22.2567,75.0894
plot1124,40.6697,76.6581
plot1125,45.4957,76.6743
plot1126,45.4824,76.8396
plot1127,48.9256,77.6257
plot1128,39.581,76.7986
plot1129,47.1595,77.0973
plot1130,41.9565,76.5506
plot1131,52.6399,77.6625
plot1132,42.2744,76.6678
plot1133,40.045,76.175
plot1134,47.2571,75.9708
plot1135,52.8797,77.4588
plot1136,49.8581,77.2032
plot1137,45.6838,76.9131
plot1138,38.6589,75.9382
plot1139,44.8461,76.893
plot1140,39.5681,76.3293
plot1141,18.7922,73.2211
plot1142,45.5737,77.0578
plot1143,38.3203,76.268
plot1144,48.4418,77.1439
plot1145,41.4516,76.5264
plot1146,38.4201,76.2264
plot1147,38.1982,75.7186
plot1148,48.1574,77.559
plot1149,49.0765,77.4616
plot1150,41.3515,76.7412
plot1151,42.4712,76.2321
plot1152,41.567,76.7789
plot1153,42.4746,76.6764
plot1154,54.0708,77.6969
plot1155,39.3478,75.9516
plot1156,47.6737,77.1591
plot1157,53.5757,77.385
plot1158,38.1521,75.6649
plot1159,34.4784,76.422
plot1160,32.8607,75.4067
plot1161,45.8998,76.825
plot1162,47.2612,77.0168
plot1163,41.9972,76.7879
plot1164,44.9595,76.7382
plot1165,38.3128,76.4826
plot1166,44.1895,76.7691
plot1167,40.4987,76.1872
plot1168,43.7629,76.3521
plot1169,48.8114,77.4652
plot1170,44.658,77.0027
plot1171,41.4516,76.5518
plot1172,42.5299,76.3705
plot1173,54.4191,77.7772
plot1174,51.9481,77.7196
plot1175,36.171,75.8209
plot1176,32.184,74.6843
plot1177,21.2529,74.4646
plot1178,56.4688,78.3013
plot1179,36.7382,76.2899
plot1180,38.9614,75.6929
plot1181,42.5734,76.5759
plot1182,52.6461,77.8203
plot1183,40.8752,76.3089
plot1184,46.3561,77.4533
plot1185,39.9683,76.5956
plot1186,38.9792,76.1306
plot1187,47.3081,76.9106
plot1188,47.8667,77.2757
plot1189,39.4126,76.5918
plot1190,53.8618,77.8405
plot1191,38.1371,76.1078
plot1192,54.2768,77.5082
plot1193,39.4826,75.9779
plot1194,22.6764,76.7556
plot1195,34.4131,76.5648
plot1196,36.0432,76.1221
plot1197,44.2343,77.2033
plot1198,50.211,77.385
plot1199,41.2763,76.9279
plot1200,45.2333,76.4417
plot1201,40.9766,75.9375
plot1202,45.7296,76.9608
plot1203,35.3509,75.7167
plot1204,38.4068,76.4571
plot1205,47.0267,77.4907
plot1206,38.013,76.1063
plot1207,34.6082,75.766
plot1208,32.7076,75.9061
plot1209,30.7611,78.0249
plot1210,37.2378,76.2491
plot1211,44.3661,77.1306
plot1212,36.1243,76.033
plot1213,48.8295,77.4371
plot1214,40.393,76.7389
plot1215,40.179,76.6598
plot1216,36.6406,76.3894
plot1217,37.9744,76.1473
plot1218,43.0703,77.0836
plot1219,39.5745,76.0638
plot1220,37.4286,75.687
plot1221,37.5321,75.5194
plot1222,42.0092,76.8562
plot1223,35.1333,75.6504
plot1224,42.9683,76.7305
plot1225,48.1733,76.9089
plot1226,36.3808,76.0525
plot1227,41.9271,76.467
plot1228,36.1511,75.8385
plot1229,43.2967,76.9876
plot1230,43.9778,76.5952
plot1231,45.0879,77.1453
plot1232,52.4306,78.0442
plot1233,39.2226,75.5184
plot1234,35.9623,75.553
plot1235,32.0829,75.0256
plot1236,47.0653,77.9625
plot1237,51.6827,77.9683
plot1238,44.1186,77.119
plot1239,42.6559,76.8065
plot1240,50.3518,77.6549
plot1241,36.2152,75.8163
plot1242,48.0455,77.2154
plot1243,44.7013,76.5233
plot1244,42.4125,76.1424
plot1245,39.8029,75.6148
plot1246,44.3636,76.7001
plot1247,43.5204,76.482
plot1248,49.0095,77.3413
plot1249,25.3319,75.6172
plot1250,46.3828,77.4519
plot1251,43.5289,77.0461
plot1252,37.8314,75.9733
plot1253,49.3951,77.4969
plot1254,40.4117,76.5578
plot1255,36.0838,75.8681
plot1256,43.0237,76.8999
plot1257,42.8751,76.852
plot1258,32.4491,76.2619
plot1259,22.0528,74.8896
plot1260,35.876,76.4477
plot1261,40.2192,79.9082
plot1262,39.9737,77.1712
plot1263,44.2298,77.0157
plot1264,39.9192,76.7111
plot1265,39.1739,76.0056
plot1266,43.6727,77.4224
plot1267,38.9317,76.1942
plot1268,39.3671,76.4363
plot1269,50.2098,78.1317
plot1270,44.4752,77.2105
plot1271,43.3912,77.0962
plot1272,24.7716,76.1452
plot1273,51.5835,78.2254
plot1274,48.607,77.5922
plot1275,48.8425,77.1562
plot1276,40.9535,76.8865
plot1277,34.7166,76.3355
plot1278,41.2737,77.2902
plot1279,37.2679,76.5109
plot1280,39.7845,76.5843
plot1281,46.0606,77.273
plot1282,25.5733,76.3079
plot1283,41.7525,76.6768
plot1284,37.1445,76.367
plot1285,46.6268,77.4758
plot1286,46.6225,76.7742
plot1287,50.4339,77.81
plot1288,46.0235,77.2857
plot1289,42.881,77.0173
plot1290,42.4356,77.1271
plot1291,42.0841,77.0069
plot1292,49.8465,77.5322
plot1293,35.5098,77.357
plot1294,47.601,78.1009
plot1295,43.8895,77.4563
plot1296,48.4717,77.5982
plot1297,45.7784,77.465
plot1298,50.9419,78.4182
plot1299,35.3882,76.292
plot1300,55.8117,78.5457
plot1301,48.2472,77.6966
plot1302,44.9553,77.3647
plot1303,44.8073,77.4191
plot1304,29.2989,74.5598
plot1305,29.8315,76.9611
plot1306,45.8427,77.0606
plot1307,46.0157,77.266
plot1308,49.165,77.5189
plot1309,46.9852,77.6522
plot1310,41.0826,77.0251
plot1311,41.8002,77.0478
plot1312,37.6957,76.8778
plot1313,38.778,78.9848
plot1314,42.6393,77.4947
plot1315,46.0177,77.1556
plot1316,43.7253,76.3261
plot1317,33.7157,76.4178
plot1318,34.4367,76.5153
plot1319,28.816,76.3547
plot1320,15.48,74.7071
plot1321,40.7093,77.0903
plot1322,36.1168,76.638
plot1323,36.6301,76.1279
plot1324,39.1156,76.1029
plot1325,37.3576,77.5107
plot1326,27.9299,76.7744
plot1327,39.3965,76.0351
plot1328,39.2693,75.896
plot1329,51.1785,78.2174
plot1330,35.661,76.8109
plot1331,34.2212,76.0321
plot1332,49.9465,77.5691
plot1333,39.3521,76.1544
plot1334,37.7833,76.1457
plot1335,50.2476,77.7081
plot1336,35.0238,76.5139
plot1337,50.3416,77.3388
plot1338,54.4632,78.1125
plot1339,37.0087,76.0637
plot1340,43.0883,76.3974
plot1341,36.8694,75.9733
plot1342,23.3554,75.7581
plot1343,35.487,75.6896
plot1344,43.2327,76.8129
plot1345,44.0774,76.9561
plot1346,39.68,76.3544
plot1347,47.5436,78.0183
plot1348,21.9386,74.3196
plot1349,40.4407,76.7379
plot1350,39.4879,76.359
plot1351,43.821,76.8965
plot1352,34.6887,75.7344
plot1353,50.7695,79.6705
plot1354,46.397,77.0859
plot1355,41.4784,76.4837
plot1356,33.5205,76.1102
plot1357,39.8178,76.4103
plot1358,25.5174,78.3263
plot1359,28.0475,76.0255
plot1360,43.4634,77.042
plot1361,45.0886,77.0586
plot1362,35.9496,78.1777
plot1363,42.0895,77.1144
plot1364,42.9376,76.8493
plot1365,43.9146,79.2946
plot1366,42.8621,77.4357
plot1367,28.5287,75.6925
plot1368,24.4198,77.8494