#;has_road;investment_cost;is_candidate_nursery;is_investable;is_invested;is_itp;is_near_water;is_nursery;is_policed;location;my_climate;my_laborers;my_soil;name;neighborhood_shape;plot_trees;projected_profit;rotation_years
1527;false;1620.0;false;false;false;false;false;false;false;{3710.686821769923,518.5065094296588,0.0};climate[2];[];soil[199];'plot1527';polygon ([{3566.370717987418,365.33021235628985,0.0},{3563.4172617950244,464.494470577687,0.0},{3560.463985592709,563.6587336342782,0.0},{3557.5108893798897,662.823001526529,0.0},{3656.6750886803493,665.7760047011543,0.0},{3755.839107988635,668.7290030412842,0.0},{3855.0029473042814,671.6819965483155,0.0},{3857.9560290161753,572.5182686278131,0.0},{3860.9092907164013,473.3545455415733,0.0},{3761.7454610659042,470.4011920543853,0.0},{3764.698907588143,371.237293811515,0.0},{3665.5349027819466,368.28375550126657,0.0},{3566.370717987418,365.33021235628985,0.0}]);[trees[7523],trees[7529],trees[7786],trees[7787],trees[20894]];1447.4722656661402;0
1528;false;306.0;true;true;false;false;false;false;false;{3707.7336428145936,617.670504918322,0.0};climate[2];[];soil[204];'plot1528';polygon ([{3563.4172617950244,464.494470577687,0.0},{3560.463985592709,563.6587336342782,0.0},{3557.5108893798897,662.823001526529,0.0},{3554.5579731587786,761.9872742532752,0.0},{3653.722177292686,764.940097436076,0.0},{3752.886201435118,767.8929157843813,0.0},{3852.0500455854926,770.8457293002866,0.0},{3855.0029473042814,671.6819965483155,0.0},{3857.9560290161753,572.5182686278131,0.0},{3860.9092907164013,473.3545455415733,0.0},{3761.7454610659042,470.4011920543853,0.0},{3662.5814514243975,467.44783373340033,0.0},{3563.4172617950244,464.494470577687,0.0}]);[trees[1276],trees[729],trees[56360],trees[61230],trees[61234],trees[66527],trees[66528],trees[69626],trees[74829],trees[77597],trees[77796]];518.3279088929728;0
1529;false;522.0;true;true;false;false;false;false;false;{3704.780643849197,716.834505240724,0.0};climate[7];[];soil[204];'plot1529';polygon ([{3560.463985592709,563.6587336342782,0.0},{3557.5108893798897,662.823001526529,0.0},{3554.5579731587786,761.9872742532752,0.0},{3551.6052369313547,861.1515518135857,0.0},{3650.7694458994083,864.1041950036306,0.0},{3749.9334748736583,867.0568333603442,0.0},{3849.097323856433,870.0094668834936,0.0},{3852.0500455854926,770.8457293002866,0.0},{3855.0029473042814,671.6819965483155,0.0},{3857.9560290161753,572.5182686278131,0.0},{3758.7921945319977,569.5650951308198,0.0},{3659.6281800573925,566.6119168000296,0.0},{3560.463985592709,563.6587336342782,0.0}]);[trees[245],trees[3477],trees[11684],trees[12754],trees[12756],trees[12970],trees[22768],trees[31223],trees[42134],trees[47913],trees[49656],trees[49658],trees[55723],trees[66523],trees[66524],trees[73163],trees[74269],trees[80644]];902.3511630492956;0
1585;false;1620.0;false;false;false;false;false;false;false;{3756.7211487818277,2306.409193532716,0.0};climate[14];[];soil[254];'plot1585';polygon ([{3612.4003173818346,2153.237903135363,0.0},{3609.4501059527975,2252.402068347903,0.0},{3606.50007452874,2351.5662383895833,0.0},{3603.550223106169,2450.730413262034,0.0},{3702.7143293782137,2453.680171641754,0.0},{3801.8782556460937,2456.6299251930322,0.0},{3901.0420019093435,2459.5796739161015,0.0},{3903.9918388462393,2360.416039055679,0.0},{3906.9418557835743,2261.252409022767,0.0},{3909.8920527272858,2162.0887838180643,0.0},{3810.7283209471498,2159.138495085994,0.0},{3711.564409166109,2156.1882015254814,0.0},{3612.4003173818346,2153.237903135363,0.0}]);[trees[39462],trees[39463],trees[39464],trees[39466],trees[52071],trees[60511],trees[68919]];1358.8515147069886;0
1586;false;1278.0;false;false;false;false;false;false;false;{3753.771214601671,2405.573095984466,0.0};climate[14];[];soil[151];'plot1586';polygon ([{3609.4501059527975,2252.402068347903,0.0},{3606.50007452874,2351.5662383895833,0.0},{3603.550223106169,2450.730413262034,0.0},{3600.6005516900914,2549.8945929626934,0.0},{3699.764662791509,2552.844171338249,0.0},{3798.9285938865505,2555.793744884664,0.0},{3898.0923449774273,2558.743313603336,0.0},{3901.0420019093435,2459.5796739161015,0.0},{3903.9918388462393,2360.416039055679,0.0},{3906.9418557835743,2261.252409022767,0.0},{3807.7781191772083,2258.3023002929986,0.0},{3708.6142025677254,2255.352186734788,0.0},{3609.4501059527975,2252.402068347903,0.0}]);[trees[2083],trees[1671],trees[2087],trees[27202]];1092.9892618295344;0
1587;false;1296.0;true;false;false;false;false;false;false;{3750.821460425592,2504.737003264425,0.0};climate[14];[];soil[151];'plot1587';polygon ([{3606.50007452874,2351.5662383895833,0.0},{3603.550223106169,2450.730413262034,0.0},{3600.6005516900914,2549.8945929626934,0.0},{3597.651060279808,2649.058777492959,0.0},{3696.815176208387,2652.0081758627202,0.0},{3795.9791121310554,2654.9575694040395,0.0},{3895.1428680502577,2657.9069581178483,0.0},{3898.0923449774273,2558.743313603336,0.0},{3901.0420019093435,2459.5796739161015,0.0},{3903.9918388462393,2360.416039055679,0.0},{3804.8280974103836,2357.4661103291437,0.0},{3705.6641759719932,2354.5161767739337,0.0},{3606.50007452874,2351.5662383895833,0.0}]);[trees[937],trees[1332],trees[9283],trees[9285],trees[9287],trees[9288],trees[36485],trees[79134]];1181.6100127886857;0
1588;false;954.0;true;false;false;false;false;false;false;{3747.8718862543756,2603.9009153724182,0.0};climate[14];[];soil[151];'plot1588';polygon ([{3603.550223106169,2450.730413262034,0.0},{3600.6005516900914,2549.8945929626934,0.0},{3597.651060279808,2649.058777492959,0.0},{3594.7017488748534,2748.2229668518994,0.0},{3693.865869630943,2751.1721852154005,0.0},{3793.029810381937,2754.1213987511583,0.0},{3892.1935711271362,2757.070607458474,0.0},{3895.1428680502577,2657.9069581178483,0.0},{3898.0923449774273,2558.743313603336,0.0},{3901.0420019093435,2459.5796739161015,0.0},{3801.8782556460937,2456.6299251930322,0.0},{3702.7143293782137,2453.680171641754,0.0},{3603.550223106169,2450.730413262034,0.0}]);[trees[1351],trees[2239],trees[27655],trees[38949],trees[45709],trees[45712]];797.586758632363;0
1608;false;0.0;false;false;false;false;true;false;false;{3906.061316614854,623.5766719226376,0.0};climate[7];[];soil[204];'plot1608';polygon ([{3761.7454610659042,470.4011920543853,0.0},{3758.7921945319977,569.5650951308198,0.0},{3755.839107988635,668.7290030412842,0.0},{3752.886201435118,767.8929157843813,0.0},{3852.0500455854926,770.8457293002866,0.0},{3951.213709743228,773.7985379837919,0.0},{4050.3771939079743,776.7513418355957,0.0},{4053.3300859666197,677.5879690649454,0.0},{4056.2831580139464,578.4246011245996,0.0},{3957.1196835094597,575.4714372921735,0.0},{3857.9560290161753,572.5182686278131,0.0},{3860.9092907164013,473.3545455415733,0.0},{3761.7454610659042,470.4011920543853,0.0}]);[trees[22667],trees[39278],trees[74741],trees[76668],trees[76670]];0.0;0
1663;false;1422.0;true;false;false;false;false;false;false;{3960.949015879829,2113.982160581334,0.0};climate[14];[];soil[249];'plot1663';polygon ([{3816.6292644905625,1960.81089915731,0.0},{3813.6787027181126,2059.9746947076637,0.0},{3810.7283209471498,2159.138495085994,0.0},{3807.7781191772083,2258.3023002929986,0.0},{3906.9418557835743,2261.252409022767,0.0},{4006.1054123891518,2264.2025129247922,0.0},{4105.268788993242,2267.1526119995397,0.0},{4108.2189762799535,2167.989346797578,0.0},{4111.169343569083,2068.8260864224285,0.0},{4114.119890858419,1969.6628308731597,0.0},{4014.9565287351143,1966.7121917959303,0.0},{3915.792986614164,1963.7615478909574,0.0},{3816.6292644905625,1960.81089915731,0.0}]);[trees[684],trees[16702],trees[25870],trees[34784],trees[37685],trees[55337],trees[69342],trees[76239],trees[77539],trees[77544]];1240.69051342812;0
1664;false;1620.0;false;false;false;false;false;false;false;{3957.998731350788,2213.145693371771,0.0};climate[14];[];soil[255];'plot1664';polygon ([{3813.6787027181126,2059.9746947076637,0.0},{3810.7283209471498,2159.138495085994,0.0},{3807.7781191772083,2258.3023002929986,0.0},{3804.8280974103836,2357.4661103291437,0.0},{3903.9918388462393,2360.416039055679,0.0},{4003.1554002790945,2363.365962955402,0.0},{4102.318781708484,2366.315882027382,0.0},{4105.268788993242,2267.1526119995397,0.0},{4108.2189762799535,2167.989346797578,0.0},{4111.169343569083,2068.8260864224285,0.0},{4012.005976619199,2065.8756273451727,0.0},{3912.8424296696903,2062.925163440639,0.0},{3813.6787027181126,2059.9746947076637,0.0}]);[];1329.3112643872716;0
1665;false;1620.0;false;false;false;false;false;false;false;{3955.048626824515,2312.30923098966,0.0};climate[14];[];soil[255];'plot1665';polygon ([{3810.7283209471498,2159.138495085994,0.0},{3807.7781191772083,2258.3023002929986,0.0},{3804.8280974103836,2357.4661103291437,0.0},{3801.8782556460937,2456.6299251930322,0.0},{3901.0420019093435,2459.5796739161015,0.0},{4000.205568169942,2462.52941781166,0.0},{4099.368954424979,2465.479156881571,0.0},{4102.318781708484,2366.315882027382,0.0},{4105.268788993242,2267.1526119995397,0.0},{4108.2189762799535,2167.989346797578,0.0},{4009.055604503141,2165.03906772146,0.0},{3909.8920527272858,2162.0887838180643,0.0},{3810.7283209471498,2159.138495085994,0.0}]);[trees[19341],trees[37272],trees[37273],trees[54937]];1358.8515147069886;0
1666;false;1620.0;false;false;false;false;false;false;false;{3952.098702301155,2411.4727734347107,0.0};climate[14];[];soil[259];'plot1666';polygon ([{3807.7781191772083,2258.3023002929986,0.0},{3804.8280974103836,2357.4661103291437,0.0},{3801.8782556460937,2456.6299251930322,0.0},{3798.9285938865505,2555.793744884664,0.0},{3898.0923449774273,2558.743313603336,0.0},{3997.25591606379,2561.6928774956614,0.0},{4096.419307144941,2564.642436560942,0.0},{4099.368954424979,2465.479156881571,0.0},{4102.318781708484,2366.315882027382,0.0},{4105.268788993242,2267.1526119995397,0.0},{4006.1054123891518,2264.2025129247922,0.0},{3906.9418557835743,2261.252409022767,0.0},{3807.7781191772083,2258.3023002929986,0.0}]);[trees[10112],trees[10113],trees[19345],trees[28473],trees[32626],trees[32628],trees[41961],trees[75577],trees[79889]];1388.3917650267058;0
1668;false;1620.0;false;false;false;false;false;false;false;{3946.1993932635523,2609.7998728053644,0.0};climate[14];[];soil[259];'plot1668';polygon ([{3801.8782556460937,2456.6299251930322,0.0},{3798.9285938865505,2555.793744884664,0.0},{3795.9791121310554,2654.9575694040395,0.0},{3793.029810381937,2754.1213987511583,0.0},{3892.1935711271362,2757.070607458474,0.0},{3991.357151866192,2760.019811340375,0.0},{4090.520552598522,2762.969010395929,0.0},{4093.4698398705805,2663.805721065728,0.0},{4096.419307144941,2564.642436560942,0.0},{4099.368954424979,2465.479156881571,0.0},{4000.205568169942,2462.52941781166,0.0},{3901.0420019093435,2459.5796739161015,0.0},{3801.8782556460937,2456.6299251930322,0.0}]);[trees[19530],trees[28665],trees[36080],trees[45303],trees[45306],trees[76864]];1358.8515147069886;0
1741;false;558.0;true;true;false;false;false;false;false;{4165.176844356145,1921.5565676369588,0.0};climate[14];[];soil[243];'plot1741';polygon ([{4020.8581729657017,1768.3853351809084,0.0},{4017.9072608513525,1867.5487610744312,0.0},{4014.9565287351143,1966.7121917959303,0.0},{4012.005976619199,2065.8756273451727,0.0},{4111.169343569083,2068.8260864224285,0.0},{4210.332530515734,2071.776540673105,0.0},{4309.495537464507,2074.7269900972024,0.0},{4312.4460751020815,1975.5640945474152,0.0},{4315.396792738815,1876.4012038228102,0.0},{4318.347690372495,1777.2383179252502,0.0},{4219.184697902296,1774.2873285042588,0.0},{4120.021525432239,1771.3363342564553,0.0},{4020.8581729657017,1768.3853351809084,0.0}]);[trees[67],trees[889],trees[3252],trees[3255],trees[12338],trees[12345],trees[27334],trees[45400],trees[51420],trees[51422],trees[53868],trees[56952],trees[65386],trees[67474]];620.34525671406;0
1742;false;1080.0;true;false;false;false;false;false;false;{4162.226209480345,2020.7197307730094,0.0};climate[14];[];soil[250];'plot1742';polygon ([{4017.9072608513525,1867.5487610744312,0.0},{4014.9565287351143,1966.7121917959303,0.0},{4012.005976619199,2065.8756273451727,0.0},{4009.055604503141,2165.03906772146,0.0},{4108.2189762799535,2167.989346797578,0.0},{4207.382168054115,2170.9396210475825,0.0},{4306.5451798281865,2173.8898904712405,0.0},{4309.495537464507,2074.7269900972024,0.0},{4312.4460751020815,1975.5640945474152,0.0},{4315.396792738815,1876.4012038228102,0.0},{4216.233795442036,1873.4503944003955,0.0},{4117.070618145983,1870.4995801509358,0.0},{4017.9072608513525,1867.5487610744312,0.0}]);[trees[509],trees[1732],trees[3627],trees[6247],trees[8369],trees[17603],trees[21541],trees[21544],trees[24657],trees[27335],trees[33602],trees[38957],trees[40024],trees[42908],trees[42931],trees[56954],trees[74212],trees[74216],trees[76500],trees[78830]];1004.3685108703829;0
1743;false;1386.0;false;false;false;false;false;false;false;{4159.275754604721,2119.8828987351735,0.0};climate[14];[];soil[250];'plot1743';polygon ([{4014.9565287351143,1966.7121917959303,0.0},{4012.005976619199,2065.8756273451727,0.0},{4009.055604503141,2165.03906772146,0.0},{4006.1054123891518,2264.2025129247922,0.0},{4105.268788993242,2267.1526119995397,0.0},{4204.431985592702,2270.102706247708,0.0},{4303.595002192538,2273.052795670461,0.0},{4306.5451798281865,2173.8898904712405,0.0},{4309.495537464507,2074.7269900972024,0.0},{4312.4460751020815,1975.5640945474152,0.0},{4213.283072978142,1972.6134651233442,0.0},{4114.119890858419,1969.6628308731597,0.0},{4014.9565287351143,1966.7121917959303,0.0}]);[trees[1873],trees[1811],trees[5480],trees[6220],trees[15338],trees[15341],trees[15343],trees[15489],trees[20270],trees[20271],trees[23915],trees[39087],trees[39153],trees[51264],trees[64221],trees[64229],trees[72610],trees[75814],trees[76339]];1329.3112643872716;0
1744;false;360.0;true;true;false;false;false;false;false;{4156.325479730003,2219.046071523102,0.0};climate[14];[];soil[256];'plot1744';polygon ([{4012.005976619199,2065.8756273451727,0.0},{4009.055604503141,2165.03906772146,0.0},{4006.1054123891518,2264.2025129247922,0.0},{4003.1554002790945,2363.365962955402,0.0},{4102.318781708484,2366.315882027382,0.0},{4201.481983133708,2369.265796273481,0.0},{4300.645004557213,2372.215705694398,0.0},{4303.595002192538,2273.052795670461,0.0},{4306.5451798281865,2173.8898904712405,0.0},{4309.495537464507,2074.7269900972024,0.0},{4210.332530515734,2071.776540673105,0.0},{4111.169343569083,2068.8260864224285,0.0},{4012.005976619199,2065.8756273451727,0.0}]);[trees[590],trees[846],trees[543],trees[400],trees[15339],trees[17867],trees[38157],trees[45101],trees[47348],trees[51260],trees[51912],trees[59706],trees[68118],trees[68121],trees[76704],trees[78541],trees[78545],trees[80713]];706.2058896581757;0
1747;false;1440.0;false;false;false;false;false;false;false;{4147.4757351174485,2516.5356188419973,0.0};climate[14];[];soil[259];'plot1747';polygon ([{4003.1554002790945,2363.365962955402,0.0},{4000.205568169942,2462.52941781166,0.0},{3997.25591606379,2561.6928774956614,0.0},{3994.306443962734,2660.856342004612,0.0},{4093.4698398705805,2663.805721065728,0.0},{4192.633055770653,2666.755095301196,0.0},{4291.7960916679585,2669.7044647119474,0.0},{4294.745549295447,2570.541540215956,0.0},{4297.695186924073,2471.378620543517,0.0},{4300.645004557213,2372.215705694398,0.0},{4201.481983133708,2369.265796273481,0.0},{4102.318781708484,2366.315882027382,0.0},{4003.1554002790945,2363.365962955402,0.0}]);[trees[2320],trees[5782],trees[14784],trees[17737],trees[23947],trees[26872],trees[32930],trees[32936],trees[35731],trees[67837],trees[78408]];1329.3112643872716;0
1748;false;1458.0;true;false;false;false;false;false;false;{4144.526180252375,2615.69881093211,0.0};climate[14];[];soil[259];'plot1748';polygon ([{4000.205568169942,2462.52941781166,0.0},{3997.25591606379,2561.6928774956614,0.0},{3994.306443962734,2660.856342004612,0.0},{3991.357151866192,2760.019811340375,0.0},{4090.520552598522,2762.969010395929,0.0},{4189.683773326338,2765.9182046263013,0.0},{4288.8468140464975,2768.8673940324225,0.0},{4291.7960916679585,2669.7044647119474,0.0},{4294.745549295447,2570.541540215956,0.0},{4297.695186924073,2471.378620543517,0.0},{4198.53216067655,2468.4288911249023,0.0},{4099.368954424979,2465.479156881571,0.0},{4000.205568169942,2462.52941781166,0.0}]);[trees[827],trees[8496],trees[8497],trees[17732],trees[44964],trees[44967],trees[53436],trees[61869],trees[61870],trees[61871],trees[70243],trees[70248],trees[78404]];1299.7710140675545;0
1819;false;1404.0;false;false;false;false;false;false;false;{4369.404634217761,1729.132414685504,0.0};climate[7];[];soil[243];'plot1819';polygon ([{4225.08704281447,1575.9612111910246,0.0},{4222.135780359618,1675.1242674344685,0.0},{4219.184697902296,1774.2873285042588,0.0},{4216.233795442036,1873.4503944003955,0.0},{4315.396792738815,1876.4012038228102,0.0},{4414.5596100358525,1879.3520084202755,0.0},{4513.722247335478,1882.3028081916273,0.0},{4516.673135319841,1783.1402822895907,0.0},{4519.624203299871,1683.977761210641,0.0},{4522.5754512791755,1584.8152449568734,0.0},{4423.412828452885,1581.863905194914,0.0},{4324.250025633024,1578.9125606061425,0.0},{4225.08704281447,1575.9612111910246,0.0}]);[trees[1317],trees[72177],trees[80292]];1152.0697624689687;0
1820;false;1188.0;false;false;false;false;false;false;false;{4366.453648998082,1828.2952081720578,0.0};climate[7];[];soil[243];'plot1820';polygon ([{4222.135780359618,1675.1242674344685,0.0},{4219.184697902296,1774.2873285042588,0.0},{4216.233795442036,1873.4503944003955,0.0},{4213.283072978142,1972.6134651233442,0.0},{4312.4460751020815,1975.5640945474152,0.0},{4411.608897224069,1978.5147191456053,0.0},{4510.771539349109,1981.465338918846,0.0},{4513.722247335478,1882.3028081916273,0.0},{4516.673135319841,1783.1402822895907,0.0},{4519.624203299871,1683.977761210641,0.0},{4420.461575649679,1681.0266014444642,0.0},{4321.298768003704,1678.0754368524067,0.0},{4222.135780359618,1675.1242674344685,0.0}]);[trees[1899],trees[1667],trees[8762],trees[23821],trees[46913],trees[50618],trees[55364],trees[55368],trees[55370],trees[62115],trees[63795],trees[78651],trees[80297]];1033.9087611901;0
1821;false;1260.0;false;false;false;false;false;false;false;{4363.502843775204,1927.4580064840266,0.0};climate[14];[];soil[250];'plot1821';polygon ([{4219.184697902296,1774.2873285042588,0.0},{4216.233795442036,1873.4503944003955,0.0},{4213.283072978142,1972.6134651233442,0.0},{4210.332530515734,2071.776540673105,0.0},{4309.495537464507,2074.7269900972024,0.0},{4408.658364414587,2077.6774346958846,0.0},{4507.821011362947,2080.627874470083,0.0},{4510.771539349109,1981.465338918846,0.0},{4513.722247335478,1882.3028081916273,0.0},{4516.673135319841,1783.1402822895907,0.0},{4417.510502845165,1780.1893025198951,0.0},{4318.347690372495,1777.2383179252502,0.0},{4219.184697902296,1774.2873285042588,0.0}]);[trees[2323],trees[2162],trees[14291],trees[14295],trees[23819],trees[24949],trees[24952],trees[29983],trees[35978],trees[35983],trees[42126],trees[44843],trees[53689],trees[70130]];1152.0697624689687;0
1822;false;540.0;true;true;false;false;false;false;false;{4360.552218551311,2026.6208096215269,0.0};climate[14];[];soil[250];'plot1822';polygon ([{4216.233795442036,1873.4503944003955,0.0},{4213.283072978142,1972.6134651233442,0.0},{4210.332530515734,2071.776540673105,0.0},{4207.382168054115,2170.9396210475825,0.0},{4306.5451798281865,2173.8898904712405,0.0},{4405.7080116014695,2176.840155069949,0.0},{4504.870663373615,2179.7904148448724,0.0},{4507.821011362947,2080.627874470083,0.0},{4510.771539349109,1981.465338918846,0.0},{4513.722247335478,1882.3028081916273,0.0},{4414.5596100358525,1879.3520084202755,0.0},{4315.396792738815,1876.4012038228102,0.0},{4216.233795442036,1873.4503944003955,0.0}]);[trees[1268],trees[1293],trees[1964],trees[1862],trees[5408],trees[18497],trees[23849],trees[42670],trees[51155],trees[59077],trees[61752]];561.2647560746258;0
1823;false;1458.0;true;false;false;false;false;false;false;{4357.601773327187,2125.783617583569,0.0};climate[14];[];soil[250];'plot1823';polygon ([{4213.283072978142,1972.6134651233442,0.0},{4210.332530515734,2071.776540673105,0.0},{4207.382168054115,2170.9396210475825,0.0},{4204.431985592702,2270.102706247708,0.0},{4303.595002192538,2273.052795670461,0.0},{4402.7578387896065,2276.00288026873,0.0},{4501.920495385886,2278.9529600425158,0.0},{4504.870663373615,2179.7904148448724,0.0},{4507.821011362947,2080.627874470083,0.0},{4510.771539349109,1981.465338918846,0.0},{4411.608897224069,1978.5147191456053,0.0},{4312.4460751020815,1975.5640945474152,0.0},{4213.283072978142,1972.6134651233442,0.0}]);[trees[2521],trees[933],trees[5976],trees[11057],trees[11742],trees[15241],trees[20274],trees[24405],trees[29394],trees[47882],trees[47965],trees[51160],trees[54157],trees[64756],trees[70967],trees[75748],trees[79115],trees[81228],trees[81322]];1388.3917650267058;0
1826;false;1620.0;false;false;false;false;false;false;false;{4348.751517657365,2423.272070416424,0.0};climate[14];[];soil[260];'plot1826';polygon ([{4204.431985592702,2270.102706247708,0.0},{4201.481983133708,2369.265796273481,0.0},{4198.53216067655,2468.4288911249023,0.0},{4195.582518223324,2567.5919908005744,0.0},{4294.745549295447,2570.541540215956,0.0},{4393.9084003637545,2573.4910848070867,0.0},{4493.071071430342,2576.4406245741993,0.0},{4496.020699413493,2477.2780649077613,0.0},{4498.970507399412,2378.1155100637116,0.0},{4501.920495385886,2278.9529600425158,0.0},{4402.7578387896065,2276.00288026873,0.0},{4303.595002192538,2273.052795670461,0.0},{4204.431985592702,2270.102706247708,0.0}]);[];1329.3112643872716;0
1902;false;360.0;true;false;false;false;false;false;false;{4558.877507624449,2032.5218691694317,0.0};climate[15];[];soil[251];'plot1902';polygon ([{4414.5596100358525,1879.3520084202755,0.0},{4411.608897224069,1978.5147191456053,0.0},{4408.658364414587,2077.6774346958846,0.0},{4405.7080116014695,2176.840155069949,0.0},{4504.870663373615,2179.7904148448724,0.0},{4604.0331351467175,2182.740669795312,0.0},{4703.1954269175185,2185.690919923596,0.0},{4706.145765260444,2086.5287395480555,0.0},{4709.096283601131,1987.3665639944375,0.0},{4712.046981940279,1888.204393262742,0.0},{4612.884704637108,1885.2536031391937,0.0},{4513.722247335478,1882.3028081916273,0.0},{4414.5596100358525,1879.3520084202755,0.0}]);[trees[2457],trees[1248],trees[1945],trees[6667],trees[29519],trees[38287],trees[58113],trees[71213]];354.48300383660575;0
1903;false;720.0;true;true;false;false;false;false;false;{4555.92707204874,2131.684317132691,0.0};climate[15];[];soil[251];'plot1903';polygon ([{4411.608897224069,1978.5147191456053,0.0},{4408.658364414587,2077.6774346958846,0.0},{4405.7080116014695,2176.840155069949,0.0},{4402.7578387896065,2276.00288026873,0.0},{4501.920495385886,2278.9529600425158,0.0},{4601.0829719811445,2281.903034992749,0.0},{4700.245268574683,2284.853105120361,0.0},{4703.1954269175185,2185.690919923596,0.0},{4706.145765260444,2086.5287395480555,0.0},{4709.096283601131,1987.3665639944375,0.0},{4609.934001474059,1984.4159538683016,0.0},{4510.771539349109,1981.465338918846,0.0},{4411.608897224069,1978.5147191456053,0.0}]);[trees[972],trees[1202],trees[6673],trees[7616],trees[9794],trees[11178],trees[11505],trees[16855],trees[18767],trees[25092],trees[36723],trees[45945],trees[68645],trees[72730],trees[79367],trees[80829],trees[80830],trees[81108]];738.5062579929287;0
1904;false;360.0;true;true;false;false;false;false;false;{4552.976816471841,2230.8467699188623,0.0};climate[15];[];soil[257];'plot1904';polygon ([{4408.658364414587,2077.6774346958846,0.0},{4405.7080116014695,2176.840155069949,0.0},{4402.7578387896065,2276.00288026873,0.0},{4399.807845978299,2375.165610290831,0.0},{4498.970507399412,2378.1155100637116,0.0},{4598.132988817175,2381.0654050130397,0.0},{4697.295290233917,2384.0152951399796,0.0},{4700.245268574683,2284.853105120361,0.0},{4703.1954269175185,2185.690919923596,0.0},{4706.145765260444,2086.5287395480555,0.0},{4606.983478311682,2083.578309420496,0.0},{4507.821011362947,2080.627874470083,0.0},{4408.658364414587,2077.6774346958846,0.0}]);[trees[1013],trees[1838],trees[2013],trees[1972],trees[26024],trees[36722],trees[36726],trees[36977],trees[45763],trees[45944],trees[62836]];617.5851386990242;0
1905;false;1098.0;true;false;false;false;false;false;false;{4550.026740895904,2330.009227528004,0.0};climate[15];[];soil[257];'plot1905';polygon ([{4405.7080116014695,2176.840155069949,0.0},{4402.7578387896065,2276.00288026873,0.0},{4399.807845978299,2375.165610290831,0.0},{4396.858033169876,2474.32834513695,0.0},{4496.020699413493,2477.2780649077613,0.0},{4595.183185654343,2480.2277798550203,0.0},{4694.34549189196,2483.1774899805896,0.0},{4697.295290233917,2384.0152951399796,0.0},{4700.245268574683,2284.853105120361,0.0},{4703.1954269175185,2185.690919923596,0.0},{4604.0331351467175,2182.740669795312,0.0},{4504.870663373615,2179.7904148448724,0.0},{4405.7080116014695,2176.840155069949,0.0}]);[trees[1014],trees[2009],trees[18580],trees[19037],trees[27706],trees[27708],trees[28157],trees[54657],trees[63077],trees[63085]];1004.3685108703829;0
1906;false;1512.0;false;false;false;false;false;false;false;{4547.076845321106,2429.171689959883,0.0};climate[15];[];soil[257];'plot1906';polygon ([{4402.7578387896065,2276.00288026873,0.0},{4399.807845978299,2375.165610290831,0.0},{4396.858033169876,2474.32834513695,0.0},{4393.9084003637545,2573.4910848070867,0.0},{4493.071071430342,2576.4406245741993,0.0},{4592.233562494745,2579.3901595193893,0.0},{4691.395873553818,2582.3396896426566,0.0},{4694.34549189196,2483.1774899805896,0.0},{4697.295290233917,2384.0152951399796,0.0},{4700.245268574683,2284.853105120361,0.0},{4601.0829719811445,2281.903034992749,0.0},{4501.920495385886,2278.9529600425158,0.0},{4402.7578387896065,2276.00288026873,0.0}]);[trees[1975],trees[1523],trees[18583],trees[18584],trees[27709],trees[45769],trees[46189],trees[54232],trees[79191]];1358.8515147069886;0
1907;false;1620.0;false;false;false;false;false;false;false;{4544.127129748231,2528.3341572140926,0.0};climate[15];[];soil[257];'plot1907';polygon ([{4399.807845978299,2375.165610290831,0.0},{4396.858033169876,2474.32834513695,0.0},{4393.9084003637545,2573.4910848070867,0.0},{4493.071071430342,2576.4406245741993,0.0},{4592.233562494745,2579.3901595193893,0.0},{4691.395873553818,2582.3396896426566,0.0},{4694.34549189196,2483.1774899805896,0.0},{4697.295290233917,2384.0152951399796,0.0},{4598.132988817175,2381.0654050130397,0.0},{4498.970507399412,2378.1155100637116,0.0},{4399.807845978299,2375.165610290831,0.0}]);[];1329.3112643872716;0
1928;false;0.0;false;false;false;false;true;false;false;{4699.364812224696,647.2011467064149,0.0};climate[8];[];soil[214];'plot1928';polygon ([{4552.097830693703,593.1903478314634,0.0},{4549.1447827932425,692.3528158252593,0.0},{4546.19191488123,791.5152886456344,0.0},{4645.354319104576,794.4680635235272,0.0},{4744.516543339589,797.4208335748408,0.0},{4843.6785875831265,800.3735988005064,0.0},{4846.6314410194755,701.2116659467574,0.0},{4849.584474440315,602.049737917725,0.0},{4750.422439846909,599.0966127149295,0.0},{4651.260225263657,596.1434826867189,0.0},{4552.097830693703,593.1903478314634,0.0}]);[];0.0;0
1930;false;1008.0;true;false;false;false;false;false;false;{4693.459090880322,845.525552380248,0.0};climate[8];[];soil[214];'plot1930';polygon ([{4549.1447827932425,692.3528158252593,0.0},{4546.19191488123,791.5152886456344,0.0},{4543.239226959646,890.6777662930544,0.0},{4540.2867190281395,989.8402487668209,0.0},{4639.4491329041775,992.7926636633929,0.0},{4738.611366790137,995.7450737345498,0.0},{4837.773420682992,998.6974789805245,0.0},{4840.7259141387185,899.5355364787392,0.0},{4843.6785875831265,800.3735988005064,0.0},{4846.6314410194755,701.2116659467574,0.0},{4747.469401597162,698.2587207320612,0.0},{4648.307182191056,695.3057706919499,0.0},{4549.1447827932425,692.3528158252593,0.0}]);[trees[2057],trees[1226],trees[11331],trees[26856],trees[35720],trees[38418],trees[56043],trees[64481],trees[78387],trees[80956]];945.2880102309487;0
2009;false;0.0;false;false;false;false;true;false;false;{4894.735945222928,752.2690575710149,0.0};climate[8];[];soil[28];'plot2009';polygon ([{4750.422439846909,599.0966127149295,0.0},{4747.469401597162,698.2587207320612,0.0},{4744.516543339589,797.4208335748408,0.0},{4741.563865068019,896.5829512421042,0.0},{4840.7259141387185,899.5355364787392,0.0},{4939.88778322062,902.4881168897264,0.0},{5039.04947231058,905.4406924771611,0.0},{5042.002136107185,806.2791147776879,0.0},{5044.95497989119,707.1175419008359,0.0},{4945.79330044915,704.1646063358057,0.0},{4846.6314410194755,701.2116659467574,0.0},{4849.584474440315,602.049737917725,0.0},{4750.422439846909,599.0966127149295,0.0}]);[trees[35527]];0.0;0
2010;false;0.0;true;false;false;false;true;false;false;{4891.783184195607,851.4309028424905,0.0};climate[8];[];soil[28];'plot2010';polygon ([{4747.469401597162,698.2587207320612,0.0},{4744.516543339589,797.4208335748408,0.0},{4741.563865068019,896.5829512421042,0.0},{4738.611366790137,995.7450737345498,0.0},{4837.773420682992,998.6974789805245,0.0},{4936.935294587747,1001.6498794020154,0.0},{5036.096988501144,1004.6022750006523,0.0},{5039.04947231058,905.4406924771611,0.0},{5042.002136107185,806.2791147776879,0.0},{5044.95497989119,707.1175419008359,0.0},{4945.79330044915,704.1646063358057,0.0},{4846.6314410194755,701.2116659467574,0.0},{4747.469401597162,698.2587207320612,0.0}]);[trees[80],trees[14048],trees[23224],trees[30737],trees[48604],trees[57047],trees[65479],trees[65481],trees[65482]];0.0;0
2011;false;1620.0;false;false;false;false;false;false;false;{4888.830603157519,950.5927529377514,0.0};climate[8];[];soil[28];'plot2011';polygon ([{4744.516543339589,797.4208335748408,0.0},{4741.563865068019,896.5829512421042,0.0},{4738.611366790137,995.7450737345498,0.0},{4735.659048500005,1094.9072010528762,0.0},{4834.821107218275,1097.8594263077248,0.0},{4933.98298594635,1100.8116467385553,0.0},{5033.1446846835315,1103.7638623460662,0.0},{5036.096988501144,1004.6022750006523,0.0},{5039.04947231058,905.4406924771611,0.0},{5042.002136107185,806.2791147776879,0.0},{4942.840451839962,803.3263592009898,0.0},{4843.6785875831265,800.3735988005064,0.0},{4744.516543339589,797.4208335748408,0.0}]);[trees[3143],trees[6589],trees[6592],trees[12440],trees[14558],trees[15481],trees[19610],trees[20666],trees[20671],trees[21641],trees[30735],trees[37524],trees[48610],trees[63612],trees[63615],trees[68582]];1595.173517264726;0
2012;false;630.0;true;false;false;false;false;false;false;{4885.878202108841,1049.754607857205,0.0};climate[8];[];soil[223];'plot2012';polygon ([{4741.563865068019,896.5829512421042,0.0},{4738.611366790137,995.7450737345498,0.0},{4735.659048500005,1094.9072010528762,0.0},{4732.706910202396,1194.0693331954535,0.0},{4831.868973746663,1197.021378459176,0.0},{4931.030857298407,1199.9734188986477,0.0},{5030.192560857162,1202.925454514334,0.0},{5033.1446846835315,1103.7638623460662,0.0},{5036.096988501144,1004.6022750006523,0.0},{5039.04947231058,905.4406924771611,0.0},{4939.88778322062,902.4881168897264,0.0},{4840.7259141387185,899.5355364787392,0.0},{4741.563865068019,896.5829512421042,0.0}]);[trees[1015],trees[1092],trees[5286],trees[9812],trees[9817],trees[10380],trees[31759],trees[46723],trees[46728],trees[58065],trees[63095],trees[63097],trees[63613],trees[71469],trees[71988]];620.34525671406;0
2013;false;810.0;true;false;false;false;false;false;false;{4882.925981052424,1148.916467601026,0.0};climate[8];[];soil[223];'plot2013';polygon ([{4738.611366790137,995.7450737345498,0.0},{4735.659048500005,1094.9072010528762,0.0},{4732.706910202396,1194.0693331954535,0.0},{4729.754951896844,1293.2314701625146,0.0},{4828.91702026478,1296.1833354330156,0.0},{4928.078908638097,1299.1351958804298,0.0},{5027.2406170216855,1302.0870515047573,0.0},{5030.192560857162,1202.925454514334,0.0},{5033.1446846835315,1103.7638623460662,0.0},{5036.096988501144,1004.6022750006523,0.0},{4936.935294587747,1001.6498794020154,0.0},{4837.773420682992,998.6974789805245,0.0},{4738.611366790137,995.7450737345498,0.0}]);[trees[241],trees[9816],trees[18932],trees[22734],trees[30135],trees[32710],trees[32712],trees[54564],trees[62995],trees[63098],trees[64457],trees[74796],trees[79625]];738.5062579929287;0
2014;false;1278.0;true;false;false;false;false;false;false;{4879.973939986987,1248.0783321678173,0.0};climate[8];[];soil[231];'plot2014';polygon ([{4735.659048500005,1094.9072010528762,0.0},{4732.706910202396,1194.0693331954535,0.0},{4729.754951896844,1293.2314701625146,0.0},{4726.803173582652,1392.393611953361,0.0},{4825.965246774838,1395.3452972308733,0.0},{4925.127139972872,1398.2969776855316,0.0},{5024.288853176404,1401.2486533171032,0.0},{5027.2406170216855,1302.0870515047573,0.0},{5030.192560857162,1202.925454514334,0.0},{5033.1446846835315,1103.7638623460662,0.0},{4933.98298594635,1100.8116467385553,0.0},{4834.821107218275,1097.8594263077248,0.0},{4735.659048500005,1094.9072010528762,0.0}]);[trees[1000],trees[13561],trees[20509],trees[20511],trees[28058],trees[28059],trees[31754],trees[36882],trees[36883],trees[56024]];1181.6100127886857;0
2129;false;0.0;false;false;false;false;true;false;false;{5192.220720805839,761.1275870484533,0.0};climate[8];[];soil[29];'plot2129';polygon ([{5044.95497989119,707.1175419008359,0.0},{5042.002136107185,806.2791147776879,0.0},{5039.04947231058,905.4406924771611,0.0},{5138.210981410812,908.3932632417418,0.0},{5237.372310523642,911.3458291834686,0.0},{5336.533459645696,914.2983903039712,0.0},{5339.486108975718,815.1373525697272,0.0},{5342.438938294887,715.9763196560089,0.0},{5243.27779881598,713.0233985600062,0.0},{5144.116479347926,710.0704726416152,0.0},{5044.95497989119,707.1175419008359,0.0}]);[trees[75010],trees[80499]];0.0;0
2130;false;774.0;true;true;false;false;true;false;false;{5189.267974248476,860.2888923543505,0.0};climate[8];[];soil[29];'plot2130';polygon ([{5044.95497989119,707.1175419008359,0.0},{5042.002136107185,806.2791147776879,0.0},{5039.04947231058,905.4406924771611,0.0},{5036.096988501144,1004.6022750006523,0.0},{5135.258502425277,1007.5546657748055,0.0},{5234.419836359797,1010.5070517279673,0.0},{5333.580990304123,1013.4594328589737,0.0},{5336.533459645696,914.2983903039712,0.0},{5339.486108975718,815.1373525697272,0.0},{5342.438938294887,715.9763196560089,0.0},{5243.27779881598,713.0233985600062,0.0},{5144.116479347926,710.0704726416152,0.0},{5044.95497989119,707.1175419008359,0.0}]);[trees[274],trees[1152],trees[2252],trees[2307],trees[3679],trees[3680],trees[4525],trees[10811],trees[12955],trees[12957],trees[12958],trees[13804],trees[22980],trees[29154],trees[32004],trees[37932],trees[41369],trees[49856],trees[57515],trees[57516],trees[64010],trees[66719]];827.1270089520801;0
2131;false;1116.0;true;false;false;false;false;false;false;{5186.315407679882,959.4502024819958,0.0};climate[8];[];soil[29];'plot2131';polygon ([{5042.002136107185,806.2791147776879,0.0},{5039.04947231058,905.4406924771611,0.0},{5036.096988501144,1004.6022750006523,0.0},{5033.1446846835315,1103.7638623460662,0.0},{5132.306203429354,1106.716073130723,0.0},{5231.46754218603,1109.6682790936902,0.0},{5330.628700950416,1112.6204802349675,0.0},{5333.580990304123,1013.4594328589737,0.0},{5336.533459645696,914.2983903039712,0.0},{5339.486108975718,815.1373525697272,0.0},{5240.32496467547,812.1846114613581,0.0},{5141.16364038398,809.2318655308336,0.0},{5042.002136107185,806.2791147776879,0.0}]);[trees[1770],trees[156],trees[3675],trees[22977],trees[25646],trees[31208],trees[40587],trees[49075],trees[49843],trees[65947],trees[65950],trees[66713],trees[74251],trees[77335]];974.8282605506658;0
2132;false;792.0;true;true;false;false;false;false;false;{5183.363021100115,1058.6115174317965,0.0};climate[8];[];soil[47];'plot2132';polygon ([{5039.04947231058,905.4406924771611,0.0},{5036.096988501144,1004.6022750006523,0.0},{5033.1446846835315,1103.7638623460662,0.0},{5030.192560857162,1202.925454514334,0.0},{5129.354084425257,1205.8774853083305,0.0},{5228.515428001992,1208.8295112804044,0.0},{5327.676591586904,1211.7815324319527,0.0},{5330.628700950416,1112.6204802349675,0.0},{5333.580990304123,1013.4594328589737,0.0},{5336.533459645696,914.2983903039712,0.0},{5237.372310523642,911.3458291834686,0.0},{5138.210981410812,908.3932632417418,0.0},{5039.04947231058,905.4406924771611,0.0}]);[trees[154],trees[273],trees[3663],trees[4518],trees[9997],trees[10401],trees[14579],trees[14585],trees[19631],trees[22126],trees[25645],trees[31186],trees[31187],trees[40574],trees[40577],trees[43840],trees[49063],trees[49065],trees[57502],trees[60744],trees[80129]];1168.21341592675;0
2133;false;522.0;true;true;false;false;false;false;false;{5180.410814510658,1157.772837203287,0.0};climate[8];[];soil[47];'plot2133';polygon ([{5036.096988501144,1004.6022750006523,0.0},{5033.1446846835315,1103.7638623460662,0.0},{5030.192560857162,1202.925454514334,0.0},{5027.2406170216855,1302.0870515047573,0.0},{5126.402145412285,1305.038902307162,0.0},{5225.563493809546,1307.990748287877,0.0},{5324.724662215565,1310.9425894480664,0.0},{5327.676591586904,1211.7815324319527,0.0},{5330.628700950416,1112.6204802349675,0.0},{5333.580990304123,1013.4594328589737,0.0},{5234.419836359797,1010.5070517279673,0.0},{5135.258502425277,1007.5546657748055,0.0},{5036.096988501144,1004.6022750006523,0.0}]);[trees[1094],trees[2108],trees[5308],trees[5312],trees[14578],trees[14580],trees[23747],trees[23750],trees[31193],trees[37534],trees[37535],trees[46737],trees[48937],trees[50542],trees[50544],trees[50545],trees[57376],trees[80127]];872.8109127295784;0
2260;false;1620.0;false;false;false;false;false;false;false;{5457.23372291174,1860.7547569412272,0.0};climate[9];[];soil[105];'plot2260';polygon ([{5312.918744647293,1707.5868657073006,0.0},{5309.967715239734,1806.7479468195233,0.0},{5307.016865826561,1905.909032750409,0.0},{5406.177883153898,1908.8597891295794,0.0},{5505.338720484055,1911.8105406905524,0.0},{5604.499377819593,1914.7612874351908,0.0},{5607.450212778989,1815.6007414895575,0.0},{5610.4012277342845,1716.4402003607247,0.0},{5511.240580033511,1713.4890936270822,0.0},{5412.079752336722,1710.5379820764065,0.0},{5312.918744647293,1707.5868657073006,0.0}]);[trees[10687],trees[46995],trees[80384]];1358.8515147069886;0
2289;false;1620.0;false;false;false;false;false;false;false;{5588.864568420424,772.9388921742793,0.0};climate[9];[];soil[31];'plot2289';polygon ([{5441.599897786975,718.9292359303217,0.0},{5438.647073289729,818.0900888566393,0.0},{5435.694428779301,917.2509466037154,0.0},{5534.855217926553,920.2034980824683,0.0},{5634.015827084426,923.1560447418597,0.0},{5733.176256255014,926.1085865828209,0.0},{5736.128886308637,826.9482687986456,0.0},{5636.968461956596,823.9955469709821,0.0},{5639.921276813955,724.8350540183019,0.0},{5540.76067729434,721.8821473838761,0.0},{5441.599897786975,718.9292359303217,0.0}]);[];1329.3112643872716;0
