cycle,'NATIVE',length(trees where ((each.type = NATIVE) and (each.state = SEEDLING))),length(trees where ((each.type = NATIVE) and (each.state = SAPLING))),length(trees where ((each.type = NATIVE) and (each.state = POLE))),length(trees where ((each.type = NATIVE) and (each.state = ADULT)))
0,NATIVE,25,50,54885,7400
1,NATIVE,25,49,54664,7396
2,NATIVE,24,49,54471,7392
3,NATIVE,24,49,54279,7391
4,NATIVE,23,49,54076,7388
5,NATIVE,9120,48,53859,7425
6,NATIVE,15976,48,53674,7430
7,NATIVE,18624,47,53474,7435
8,NATIVE,18397,47,53271,7439
9,NATIVE,18164,47,53026,7494
10,NATIVE,17942,47,52828,7495
11,NATIVE,17730,46,52615,7497
12,NATIVE,17510,46,52440,7489
13,NATIVE,17315,49,52156,7556
14,NATIVE,17095,49,51967,7551
15,NATIVE,16907,47,51785,7545
16,NATIVE,16722,47,51593,7543
17,NATIVE,17625,47,51371,7560
18,NATIVE,25236,47,51181,7572
19,NATIVE,32218,46,51001,7568
20,NATIVE,31827,44,50825,7568
21,NATIVE,31442,50,50612,7603
22,NATIVE,31036,56,50359,7646
23,NATIVE,30676,56,50182,7653
24,NATIVE,30335,55,50020,7654
25,NATIVE,29973,55,49856,7656
26,NATIVE,29615,54,49606,7729
27,NATIVE,29275,54,49441,7724
28,NATIVE,28934,53,49285,7725
29,NATIVE,33962,52,49085,7730
30,NATIVE,36556,50,48881,7770
31,NATIVE,44034,50,48716,7768
32,NATIVE,43514,50,48530,7777
33,NATIVE,43016,49,48364,7784
34,NATIVE,42510,49,48130,7861
35,NATIVE,42021,48,47946,7899
36,NATIVE,41516,48,47790,7916
37,NATIVE,41026,48,47612,7917
38,NATIVE,40554,48,47436,7939
39,NATIVE,40090,48,47214,7996
40,NATIVE,39598,47,47049,7987
41,NATIVE,46387,46,46879,7998
42,NATIVE,51550,46,46676,8058
43,NATIVE,54618,45,46369,8207
44,NATIVE,53958,45,46211,8210
45,NATIVE,52586,813,46040,8216
46,NATIVE,47048,5757,45896,8219
47,NATIVE,43528,8666,45729,8224
48,NATIVE,40658,10988,45565,8229
49,NATIVE,39551,11518,45396,8236
50,NATIVE,39060,11410,45242,8239
51,NATIVE,38598,11306,45114,8247
52,NATIVE,38142,11190,44935,8280
53,NATIVE,45731,11063,44798,8277
54,NATIVE,52650,10954,44634,8286
55,NATIVE,58053,10827,44454,8304
56,NATIVE,57362,10718,44279,8350
57,NATIVE,56608,10667,44143,8351
58,NATIVE,54737,11719,44001,8369
59,NATIVE,50965,14771,43823,8396
60,NATIVE,46329,18616,43591,8467
61,NATIVE,44210,19979,43451,8466
62,NATIVE,43675,19795,43303,8476
63,NATIVE,43206,19593,43130,8503
64,NATIVE,42688,19380,42949,8560
65,NATIVE,47048,19174,42774,8599
66,NATIVE,54800,18962,42629,8600
67,NATIVE,61904,18780,42487,8622
68,NATIVE,61183,18602,42294,8655
69,NATIVE,60031,18854,42143,8682
70,NATIVE,56485,21484,42016,8694
71,NATIVE,53973,23146,41863,8708
72,NATIVE,50097,26127,41686,8734
73,NATIVE,47811,27556,41483,8794
74,NATIVE,47295,27241,41334,8804
75,NATIVE,46789,26972,41211,8810
76,NATIVE,46267,26695,41068,8831
77,NATIVE,52318,26378,40867,8900
78,NATIVE,57081,26099,40751,8899
79,NATIVE,64967,25839,40586,8899
80,NATIVE,64206,25575,40442,8915
81,NATIVE,62881,25906,40278,8958
82,NATIVE,58229,29602,40121,8987
83,NATIVE,54959,31864,39990,8998
84,NATIVE,51919,33961,39804,9039
85,NATIVE,50461,34438,39591,9126
86,NATIVE,49894,34078,39367,9230
87,NATIVE,49326,33734,39251,9236
88,NATIVE,48791,33392,39120,9237
89,NATIVE,56209,33061,38982,9249
90,NATIVE,62675,32735,38824,9279
91,NATIVE,67799,32372,38716,9273
92,NATIVE,66979,32041,38580,9281
93,NATIVE,65468,32398,38445,9297
94,NATIVE,60282,36522,38266,9341
95,NATIVE,56304,39393,38108,9359
96,NATIVE,52118,42594,37971,9374
97,NATIVE,50204,43445,37827,9393
98,NATIVE,49627,42988,37670,9425
99,NATIVE,49062,42552,37520,9451
100,NATIVE,48485,42125,37403,9459
101,NATIVE,56628,41691,37285,9461
102,NATIVE,64303,41268,37120,9480
103,NATIVE,71054,40847,36980,9511
104,NATIVE,70205,40441,36855,9518
105,NATIVE,68997,40445,36722,9542
106,NATIVE,65148,43090,36598,9566
107,NATIVE,60931,46122,36413,9638
108,NATIVE,55987,49871,36290,9643
109,NATIVE,53651,51056,36181,9650
110,NATIVE,53003,50534,36062,9661
111,NATIVE,52400,50003,35922,9699
112,NATIVE,51778,49470,35791,9712
113,NATIVE,57569,49021,35678,9725
114,NATIVE,65825,48475,35530,9751
115,NATIVE,73579,47972,35393,9784
116,NATIVE,72747,47452,35243,9847
117,NATIVE,71388,47501,35122,9849
118,NATIVE,66894,50611,34999,9869
119,NATIVE,63222,52986,34880,9901
120,NATIVE,58502,56474,34731,9942
121,NATIVE,55957,57778,34637,9951
122,NATIVE,55328,57170,34524,9970
123,NATIVE,54738,56620,34384,9990
124,NATIVE,54059,56049,34248,10037
125,NATIVE,61314,55455,34108,10057
126,NATIVE,67409,54928,33979,10097
127,NATIVE,75744,54408,33865,10097
128,NATIVE,74904,53796,33691,10168
129,NATIVE,73393,53903,33578,10201
130,NATIVE,68030,57874,33475,10201
131,NATIVE,64099,60455,33355,10198
132,NATIVE,59864,63323,33255,10202
133,NATIVE,57874,63958,33157,10200
134,NATIVE,57209,63312,33049,10200
135,NATIVE,56573,62707,32956,10202
136,NATIVE,55935,62061,32837,10220
137,NATIVE,63921,61448,32723,10229
138,NATIVE,71279,60869,32606,10245
139,NATIVE,77456,60304,32484,10263
140,NATIVE,76521,59715,32388,10267
141,NATIVE,74888,59838,32259,10306
142,NATIVE,69136,64103,32160,10317
143,NATIVE,64611,67192,32080,10324
144,NATIVE,59769,70683,31985,10326
145,NATIVE,57352,71627,31897,10330
146,NATIVE,56657,70886,31809,10339
147,NATIVE,56000,70107,31702,10357
148,NATIVE,55362,69425,31592,10379
149,NATIVE,63866,68715,31458,10416
150,NATIVE,71924,68084,31335,10451
151,NATIVE,79488,67420,31238,10455
152,NATIVE,78566,66763,31140,10474
153,NATIVE,77112,66618,31020,10502
154,NATIVE,72386,69770,30875,10558
155,NATIVE,67649,72982,30787,10559
156,NATIVE,62104,77068,30676,10585
157,NATIVE,59480,78178,30576,10600
158,NATIVE,58785,77359,30449,10647
159,NATIVE,58093,76552,30336,10668
160,NATIVE,57415,75804,30227,10696
161,NATIVE,64241,75105,30141,10707
162,NATIVE,72870,74348,29993,10767
163,NATIVE,81135,73583,29888,10784
164,NATIVE,80236,72837,29784,10800
165,NATIVE,78675,72782,29683,10809
166,NATIVE,73410,76363,29566,10849
167,NATIVE,69221,78954,29439,10890
168,NATIVE,64022,82612,29356,10902
169,NATIVE,61297,83736,29274,10915
170,NATIVE,60568,82880,29153,10946
171,NATIVE,59854,82066,29017,11000
172,NATIVE,59163,81269,28918,11021
173,NATIVE,67115,80462,28828,11034
174,NATIVE,74032,79676,28739,11048
175,NATIVE,82786,78899,28657,11061
176,NATIVE,81836,78105,28559,11083
177,NATIVE,80176,78015,28477,11098
178,NATIVE,74416,82168,28388,11095
179,NATIVE,69861,84987,28286,11129
180,NATIVE,65041,88170,28188,11157
181,NATIVE,62766,88869,28109,11168
182,NATIVE,62067,87992,28032,11170
183,NATIVE,61326,87147,27942,11186
184,NATIVE,60586,86311,27844,11203
185,NATIVE,69140,85496,27749,11227
186,NATIVE,77168,84602,27645,11257
187,NATIVE,84249,83769,27514,11287
188,NATIVE,83247,82951,27414,11307
189,NATIVE,81505,82866,27307,11332
190,NATIVE,75479,87181,27208,11352
191,NATIVE,70567,90426,27122,11360
192,NATIVE,65174,94160,27010,11396
193,NATIVE,62542,95153,26906,11429
194,NATIVE,61778,94194,26835,11431
195,NATIVE,61052,93283,26756,11443
196,NATIVE,60341,92380,26677,11467
197,NATIVE,69312,91472,26543,11522
198,NATIVE,77929,90593,26453,11536
199,NATIVE,86076,89739,26377,11537
200,NATIVE,85153,88871,26262,11577
201,NATIVE,83579,88685,26150,11614
202,NATIVE,78265,92207,26052,11648
203,NATIVE,73155,95521,25967,11663
204,NATIVE,67387,99548,25868,11693
205,NATIVE,64586,100563,25749,11746
206,NATIVE,63846,99584,25665,11759
207,NATIVE,63091,98626,25585,11764
208,NATIVE,62359,97724,25490,11782
209,NATIVE,69970,96730,25387,11808
210,NATIVE,78970,95831,25290,11839
211,NATIVE,87632,94910,25203,11858
212,NATIVE,86589,94051,25101,11893
213,NATIVE,84900,93874,25010,11919
214,NATIVE,79124,97775,24902,11957
215,NATIVE,74440,100587,24840,11966
216,NATIVE,68898,104301,24762,11961
217,NATIVE,66019,105387,24678,11985
218,NATIVE,65274,104375,24603,12002
219,NATIVE,64521,103386,24518,12018
220,NATIVE,63753,102391,24452,12023
221,NATIVE,72232,101430,24345,12062
222,NATIVE,79999,100476,24247,12093
223,NATIVE,89090,99566,24166,12104
224,NATIVE,88042,98628,24093,12110
225,NATIVE,86288,98441,23997,12143
226,NATIVE,80137,102663,23918,12156
227,NATIVE,75224,105643,23829,12170
228,NATIVE,69818,109127,23769,12180
229,NATIVE,67303,109746,23688,12205
230,NATIVE,66543,108727,23601,12224
231,NATIVE,65774,107698,23492,12270
232,NATIVE,65009,106640,23425,12281
233,NATIVE,73948,105651,23361,12290
234,NATIVE,82518,104683,23257,12338
235,NATIVE,90462,103670,23158,12392
236,NATIVE,89385,102698,23076,12419
237,NATIVE,87469,102600,22987,12441
238,NATIVE,80989,107139,22903,12464
239,NATIVE,75757,110397,22806,12493
240,NATIVE,70006,114238,22722,12503
241,NATIVE,67162,115197,22648,12510
242,NATIVE,66370,114094,22568,12525
243,NATIVE,65575,112982,22496,12525
244,NATIVE,64799,111879,22416,12559
245,NATIVE,74109,110866,22334,12570
246,NATIVE,83097,109864,22232,12602
247,NATIVE,91716,108814,22137,12644
248,NATIVE,90632,107729,22032,12693
249,NATIVE,88926,107459,21963,12706
250,NATIVE,82977,111322,21876,12731
251,NATIVE,77548,114706,21812,12749
252,NATIVE,71437,118912,21702,12801
253,NATIVE,68509,119915,21625,12827
254,NATIVE,67669,118822,21565,12832
255,NATIVE,66875,117675,21439,12889
256,NATIVE,66162,116620,21329,12931
257,NATIVE,74566,115482,21228,12975
258,NATIVE,83983,114404,21161,12973
259,NATIVE,93057,113311,21112,12965
260,NATIVE,91949,112248,21058,12968
261,NATIVE,90067,111956,20991,12974
262,NATIVE,83932,116011,20910,12986
263,NATIVE,78883,118915,20853,12995
264,NATIVE,72890,122917,20786,13002
265,NATIVE,69911,123917,20717,13017
266,NATIVE,69126,122772,20652,13022
267,NATIVE,68288,121633,20592,13030
268,NATIVE,67516,120536,20514,13040
269,NATIVE,76359,119387,20440,13058
270,NATIVE,84767,118284,20344,13088
271,NATIVE,94250,117146,20276,13102
272,NATIVE,93128,116121,20204,13132
273,NATIVE,91218,115899,20112,13180
274,NATIVE,84824,120247,20019,13224
275,NATIVE,79513,123438,19947,13246
276,NATIVE,73746,127110,19863,13275
277,NATIVE,70941,127797,19787,13310
278,NATIVE,70107,126637,19667,13384
279,NATIVE,69290,125442,19592,13410
280,NATIVE,68478,124339,19516,13445
281,NATIVE,77889,123165,19433,13473
282,NATIVE,86846,121967,19346,13507
283,NATIVE,95380,120873,19262,13549
284,NATIVE,94289,119787,19209,13551
285,NATIVE,92258,119490,19158,13564
286,NATIVE,85518,124077,19085,13579
287,NATIVE,80083,127421,18996,13620
288,NATIVE,74018,131356,18948,13621
289,NATIVE,70999,132185,18866,13652
290,NATIVE,70117,130870,18830,13685
291,NATIVE,69334,129594,18768,13736
292,NATIVE,68539,128396,18722,13739
293,NATIVE,78247,127209,18655,13770
294,NATIVE,87663,126027,18591,13797
295,NATIVE,96771,124798,18541,13850
296,NATIVE,95626,123589,18499,13868
297,NATIVE,93755,123221,18513,13881
298,NATIVE,87343,127305,18549,13920
299,NATIVE,81724,130660,18493,13976
300,NATIVE,75377,134806,18479,14006
301,NATIVE,72279,135516,18667,14000
302,NATIVE,71471,134041,18826,14011
303,NATIVE,70688,132445,19096,14025
304,NATIVE,69845,131119,19196,14029
305,NATIVE,78807,129795,19217,14041
306,NATIVE,88543,128617,19141,14058
307,NATIVE,97927,127410,19078,14083
308,NATIVE,96813,126266,19048,14095
309,NATIVE,94918,125778,19044,14089
310,NATIVE,88376,130008,19058,14097
311,NATIVE,83044,132946,19095,14111
312,NATIVE,76788,136926,19076,14146
313,NATIVE,73685,137780,19089,14149
314,NATIVE,72824,136321,19186,14161
315,NATIVE,71918,134704,19351,14195
316,NATIVE,71028,133266,19437,14254
317,NATIVE,80326,131940,19503,14266
318,NATIVE,89294,130717,19426,14298
319,NATIVE,98974,129482,19370,14332
320,NATIVE,97761,128278,19315,14373
321,NATIVE,95772,127822,19300,14427
322,NATIVE,88923,132338,19299,14429
323,NATIVE,83338,135575,19298,14441
324,NATIVE,77174,139458,19313,14446
325,NATIVE,74156,140180,19395,14471
326,NATIVE,73287,138793,19477,14496
327,NATIVE,72477,137281,19626,14537
328,NATIVE,71605,135863,19710,14568
329,NATIVE,81202,134473,19741,14614
330,NATIVE,90580,133219,19662,14637
331,NATIVE,99572,132017,19611,14657
332,NATIVE,98423,130782,19556,14677
333,NATIVE,96399,130504,19536,14720
334,NATIVE,89359,135166,19590,14733
335,NATIVE,83730,138487,19579,14753
336,NATIVE,77265,142632,19549,14794
337,NATIVE,74226,143284,19620,14856
338,NATIVE,73349,141688,19778,14877
339,NATIVE,72496,140103,19995,14885
340,NATIVE,71619,138595,20055,14951
341,NATIVE,81520,137283,20046,14971
342,NATIVE,91184,135976,19925,15040
343,NATIVE,100696,134684,19886,15079
344,NATIVE,99491,133444,19831,15091
345,NATIVE,97547,132898,19854,15099
346,NATIVE,90963,137068,19904,15114
347,NATIVE,85190,140445,19903,15118
348,NATIVE,78609,144666,19919,15124
349,NATIVE,75488,145374,20026,15141
350,NATIVE,74578,143824,20183,15165
351,NATIVE,73738,142119,20477,15184
352,NATIVE,72818,140580,20608,15211
353,NATIVE,82227,139184,20615,15232
354,NATIVE,92214,137909,20530,15269
355,NATIVE,101946,136590,20458,15296
356,NATIVE,100778,135249,20424,15303
357,NATIVE,98797,134768,20381,15342
358,NATIVE,91846,139225,20379,15371
359,NATIVE,86119,142482,20379,15401
360,NATIVE,79567,146717,20377,15416
361,NATIVE,76298,147601,20429,15458
362,NATIVE,75427,146032,20561,15481
363,NATIVE,74521,144360,20826,15508
364,NATIVE,73674,142763,20939,15544
365,NATIVE,83440,141280,20997,15566
366,NATIVE,92890,139986,20903,15589
367,NATIVE,102915,138726,20833,15617
368,NATIVE,101647,137417,20793,15634
369,NATIVE,99563,137012,20791,15663
370,NATIVE,92487,141558,20778,15680
371,NATIVE,86682,144896,20778,15706
372,NATIVE,80229,148974,20781,15721
373,NATIVE,77082,149620,20875,15739
374,NATIVE,76162,148028,21023,15759
375,NATIVE,75328,146276,21251,15796
376,NATIVE,74464,144642,21392,15824
377,NATIVE,84458,143159,21455,15852
378,NATIVE,94237,141843,21373,15881
379,NATIVE,103709,140567,21289,15918
380,NATIVE,102511,139238,21236,15936
381,NATIVE,100382,138773,21239,15961
382,NATIVE,93134,143583,21249,15983
383,NATIVE,87135,147059,21222,16024
384,NATIVE,80499,151134,21178,16053
385,NATIVE,77267,151883,21281,16090
386,NATIVE,76332,150172,21471,16093
387,NATIVE,75399,148448,21784,16109
388,NATIVE,74516,146872,21888,16109
389,NATIVE,84826,145472,21913,16113
390,NATIVE,94825,144102,21825,16135
391,NATIVE,104690,142762,21804,16146
392,NATIVE,103427,141352,21769,16155
393,NATIVE,101405,140841,21755,16170
394,NATIVE,94451,145157,21800,16179
395,NATIVE,88414,148677,21784,16198
396,NATIVE,81568,152975,21779,16214
397,NATIVE,78300,153668,21910,16223
398,NATIVE,77446,151986,22124,16249
399,NATIVE,76547,150168,22442,16266
400,NATIVE,75655,148455,22573,16289
401,NATIVE,85420,146952,22615,16310
402,NATIVE,95728,145592,22503,16329
403,NATIVE,105762,144173,22437,16350
404,NATIVE,104538,142809,22381,16368
405,NATIVE,102482,142249,22352,16386
406,NATIVE,95170,146952,22375,16400
407,NATIVE,89223,150306,22373,16415
408,NATIVE,82337,154621,22348,16438
409,NATIVE,79041,155316,22452,16442
410,NATIVE,78086,153602,22580,16480
411,NATIVE,77169,151773,22893,16500
412,NATIVE,76315,150099,23058,16524
413,NATIVE,86335,148594,23131,16548
414,NATIVE,96143,147263,23027,16569
415,NATIVE,106405,145869,22940,16621
416,NATIVE,105200,144473,22839,16666
417,NATIVE,103135,143939,22834,16671
418,NATIVE,95861,148529,22832,16704
419,NATIVE,89800,151949,22819,16736
420,NATIVE,83063,156124,22806,16788
421,NATIVE,79822,156805,22877,16836
422,NATIVE,78856,155020,23068,16835
423,NATIVE,77913,153117,23369,16883
424,NATIVE,76996,151457,23527,16895
425,NATIVE,87222,149900,23513,16980
426,NATIVE,97340,148582,23395,17004
427,NATIVE,107206,147170,23242,17111
428,NATIVE,105914,145818,23152,17142
429,NATIVE,103780,145378,23138,17158
430,NATIVE,96287,150236,23179,17171
431,NATIVE,90074,153802,23193,17171
432,NATIVE,83042,158305,23178,17191
433,NATIVE,79690,159008,23296,17197
434,NATIVE,78751,157298,23474,17215
435,NATIVE,77840,155449,23768,17228
436,NATIVE,76954,153771,23849,17259
437,NATIVE,87460,152213,23874,17286
438,NATIVE,97782,150772,23802,17292
439,NATIVE,107902,149369,23743,17293
440,NATIVE,106676,147884,23663,17322
441,NATIVE,104530,147304,23673,17333
442,NATIVE,97162,151925,23704,17350
443,NATIVE,90960,155530,23716,17349
444,NATIVE,83941,159962,23693,17377
445,NATIVE,80588,160580,23814,17395
446,NATIVE,79637,158787,24018,17423
447,NATIVE,78746,156901,24347,17441
448,NATIVE,77895,155159,24520,17457
449,NATIVE,87964,153603,24544,17487
450,NATIVE,98435,152220,24444,17513
451,NATIVE,108733,150714,24364,17523
452,NATIVE,107448,149302,24326,17546
453,NATIVE,105231,148751,24293,17566
454,NATIVE,97745,153526,24300,17574
455,NATIVE,91750,156896,24264,17597
456,NATIVE,84721,161318,24265,17592
457,NATIVE,81242,162080,24330,17623
458,NATIVE,80283,160282,24517,17639
459,NATIVE,79330,158409,24820,17677
460,NATIVE,78374,156641,25007,17680
461,NATIVE,88738,155061,25037,17710
462,NATIVE,98918,153613,24918,17747
463,NATIVE,109463,152115,24840,17778
464,NATIVE,108207,150633,24795,17794
465,NATIVE,106005,150046,24767,17827
466,NATIVE,98411,154895,24788,17835
467,NATIVE,92195,158404,24748,17881
468,NATIVE,85253,162716,24731,17891
469,NATIVE,81874,163427,24858,17893
470,NATIVE,80899,161669,25008,17918
471,NATIVE,79969,159674,25321,17950
472,NATIVE,79031,157976,25468,17957
473,NATIVE,89535,156364,25534,17962
474,NATIVE,99849,154945,25430,17978
475,NATIVE,109962,153555,25351,17989
476,NATIVE,108651,152097,25313,17989
477,NATIVE,106376,151579,25315,18006
478,NATIVE,98715,156476,25315,18025
479,NATIVE,92359,160133,25327,18030
480,NATIVE,85307,164548,25325,18045
481,NATIVE,81855,165282,25449,18032
482,NATIVE,80893,163465,25615,18052
483,NATIVE,79877,161560,25916,18066
484,NATIVE,79000,159771,26074,18072
485,NATIVE,89597,158104,26115,18085
486,NATIVE,100085,156635,26031,18089
487,NATIVE,110407,155164,25937,18132
488,NATIVE,109070,153705,25851,18153
489,NATIVE,106845,153153,25845,18172
490,NATIVE,99296,158025,25884,18174
491,NATIVE,92934,161631,25845,18217
492,NATIVE,85722,166185,25821,18252
493,NATIVE,82241,166854,25952,18263
494,NATIVE,81289,165072,26167,18270
495,NATIVE,80393,162999,26530,18297
496,NATIVE,79444,161282,26688,18288
497,NATIVE,89740,159639,26714,18316
498,NATIVE,100383,158180,26601,18328
499,NATIVE,110824,156636,26515,18378
500,NATIVE,109555,155150,26427,18389
501,NATIVE,107349,154571,26397,18428
502,NATIVE,99808,159317,26418,18422
503,NATIVE,93486,162939,26374,18456
504,NATIVE,86394,167348,26338,18489
505,NATIVE,82826,168140,26394,18532
506,NATIVE,81939,166217,26608,18570
507,NATIVE,81059,164233,27003,18574
508,NATIVE,80184,162423,27178,18601
509,NATIVE,90727,160737,27197,18638
510,NATIVE,101093,159171,27056,18669
511,NATIVE,111651,157641,26983,18688
512,NATIVE,110322,156166,26870,18736
513,NATIVE,108106,155630,26829,18759
514,NATIVE,100369,160506,26814,18788
515,NATIVE,93975,164113,26833,18783
516,NATIVE,86883,168485,26799,18794
517,NATIVE,83359,169116,26918,18793
518,NATIVE,82343,167307,27106,18801
519,NATIVE,81342,165299,27437,18807
520,NATIVE,80360,163531,27626,18826
521,NATIVE,90960,161872,27648,18841
522,NATIVE,101505,160339,27550,18841
523,NATIVE,111818,158792,27504,18853
524,NATIVE,110528,157303,27444,18870
525,NATIVE,108254,156704,27453,18871
526,NATIVE,100411,161678,27473,18880
527,NATIVE,94026,165322,27456,18883
528,NATIVE,86784,169820,27463,18892
529,NATIVE,83232,170471,27589,18900
530,NATIVE,82354,168541,27787,18922
531,NATIVE,81370,166565,28082,18936
532,NATIVE,80386,164784,28236,18947
533,NATIVE,91114,163134,28245,18964
534,NATIVE,101660,161725,28132,18970
535,NATIVE,112115,160189,28054,18989
536,NATIVE,110874,158640,27953,19008
537,NATIVE,108671,158064,27953,19013
538,NATIVE,100966,162855,27971,19031
539,NATIVE,94534,166553,27924,19058
540,NATIVE,87183,171196,27880,19072
541,NATIVE,83630,171898,28021,19090
542,NATIVE,82634,169926,28247,19106
543,NATIVE,81703,167903,28591,19131
544,NATIVE,80771,166000,28736,19149
545,NATIVE,91226,164256,28775,19179
546,NATIVE,102019,162690,28618,19203
547,NATIVE,112615,161203,28510,19233
548,NATIVE,111345,159732,28423,19267
549,NATIVE,109128,159127,28444,19271
550,NATIVE,101441,163965,28474,19275
551,NATIVE,95028,167530,28453,19307
552,NATIVE,87722,172064,28355,19342
553,NATIVE,84185,172672,28490,19353
554,NATIVE,83240,170674,28714,19352
555,NATIVE,82257,168548,29038,19380
556,NATIVE,81315,166714,29208,19381
557,NATIVE,91962,164988,29256,19416
558,NATIVE,102388,163436,29127,19418
559,NATIVE,113137,161918,29062,19412
560,NATIVE,111828,160369,29026,19419
561,NATIVE,109543,159773,28987,19437
562,NATIVE,101803,164718,29024,19437
563,NATIVE,95230,168465,28994,19447
564,NATIVE,88013,172820,28955,19464
565,NATIVE,84505,173454,29089,19477
566,NATIVE,83526,171575,29222,19493
567,NATIVE,82552,169569,29573,19486
568,NATIVE,81537,167746,29717,19508
569,NATIVE,92267,166036,29777,19522
570,NATIVE,102994,164549,29630,19537
571,NATIVE,113436,162963,29571,19538
572,NATIVE,112051,161439,29510,19532
573,NATIVE,109728,160864,29482,19543
574,NATIVE,101997,165734,29464,19573
575,NATIVE,95494,169486,29458,19579
576,NATIVE,88075,174090,29418,19598
577,NATIVE,84610,174616,29567,19616
578,NATIVE,83622,172658,29756,19632
579,NATIVE,82648,170619,30098,19628
580,NATIVE,81703,168741,30254,19638
581,NATIVE,92538,167062,30308,19650
582,NATIVE,103237,165592,30160,19675
583,NATIVE,113909,164071,30080,19680
584,NATIVE,112644,162560,29996,19679
585,NATIVE,110352,161935,29952,19719
586,NATIVE,102665,166808,29965,19731
587,NATIVE,96059,170560,29953,19740
588,NATIVE,88721,175160,29943,19731
589,NATIVE,85166,175771,30092,19740
590,NATIVE,84212,173825,30297,19765
591,NATIVE,83200,171603,30658,19778
592,NATIVE,82207,169719,30835,19777
593,NATIVE,92735,167999,30885,19791
594,NATIVE,103567,166473,30753,19815
595,NATIVE,114208,164921,30656,19853
596,NATIVE,112864,163414,30574,19846
597,NATIVE,110618,162714,30525,19870
598,NATIVE,102633,167841,30522,19890
599,NATIVE,96112,171517,30510,19911
600,NATIVE,88753,176147,30488,19907
601,NATIVE,85138,176879,30620,19897
602,NATIVE,84138,174871,30820,19905
603,NATIVE,83186,172758,31200,19908
604,NATIVE,82250,170868,31389,19904
605,NATIVE,92992,169115,31452,19907
606,NATIVE,103555,167534,31307,19918
607,NATIVE,114412,165944,31218,19931
608,NATIVE,113071,164317,31144,19932
609,NATIVE,110748,163606,31160,19922
610,NATIVE,102816,168537,31182,19924
611,NATIVE,96201,172364,31147,19936
612,NATIVE,88777,176924,31150,19942
613,NATIVE,85306,177457,31301,19941
614,NATIVE,84300,175423,31544,19950
615,NATIVE,83348,173253,31921,19971
616,NATIVE,82336,171376,32103,19985
617,NATIVE,93032,169568,32208,19985
618,NATIVE,103726,168000,32079,19989
619,NATIVE,114209,166374,31985,20014
620,NATIVE,112868,164755,31879,20027
621,NATIVE,110517,164171,31873,20036
622,NATIVE,102567,169248,31882,20047
623,NATIVE,96049,173014,31860,20061
624,NATIVE,88634,177710,31810,20094
625,NATIVE,85050,178400,31912,20117
626,NATIVE,84083,176373,32140,20116
627,NATIVE,83098,174263,32483,20122
628,NATIVE,82141,172284,32649,20152
629,NATIVE,93056,170495,32646,20183
630,NATIVE,103720,168932,32498,20191
631,NATIVE,114459,167303,32435,20196
632,NATIVE,113121,165697,32353,20215
633,NATIVE,110818,165027,32326,20225
634,NATIVE,103021,169923,32399,20224
635,NATIVE,96461,173647,32377,20225
636,NATIVE,88920,178338,32325,20244
637,NATIVE,85363,178984,32469,20256
638,NATIVE,84367,177036,32705,20257
639,NATIVE,83360,174920,33094,20250
640,NATIVE,82394,173090,33244,20261
641,NATIVE,93035,171348,33252,20276
642,NATIVE,103889,169666,33090,20285
643,NATIVE,114490,167987,33008,20284
644,NATIVE,113186,166422,32919,20273
645,NATIVE,110892,165786,32930,20264
646,NATIVE,103033,170691,32953,20263
647,NATIVE,96299,174307,32939,20264
648,NATIVE,88841,178907,32934,20259
649,NATIVE,85249,179548,33050,20271
650,NATIVE,84290,177602,33268,20271
651,NATIVE,83342,175479,33624,20278
652,NATIVE,82394,173550,33794,20278
653,NATIVE,93112,171800,33828,20294
654,NATIVE,103641,170216,33687,20299
655,NATIVE,114493,168585,33609,20302
656,NATIVE,113130,166965,33528,20299
657,NATIVE,110756,166330,33483,20320
658,NATIVE,102831,171337,33480,20336
659,NATIVE,96268,175083,33455,20344
660,NATIVE,88839,179712,33473,20339
661,NATIVE,85365,180351,33538,20350
662,NATIVE,84339,178350,33771,20344
663,NATIVE,83343,176206,34151,20355
664,NATIVE,82350,174280,34347,20360
665,NATIVE,93025,172522,34400,20368
666,NATIVE,103707,170963,34214,20371
667,NATIVE,114233,169386,34102,20373
668,NATIVE,112858,167710,34056,20366
669,NATIVE,110520,167088,34032,20358
670,NATIVE,102549,172081,34092,20369
671,NATIVE,96023,175745,34111,20389
672,NATIVE,88569,180397,34082,20385
673,NATIVE,85006,181024,34195,20390
674,NATIVE,84006,179084,34370,20404
675,NATIVE,83003,176912,34777,20412
676,NATIVE,82066,174910,34959,20420
677,NATIVE,92910,173096,35027,20425
678,NATIVE,103539,171491,34897,20438
679,NATIVE,114162,169869,34828,20446
680,NATIVE,112826,168249,34757,20453
681,NATIVE,110555,167620,34754,20462
682,NATIVE,102742,172410,34783,20457
683,NATIVE,96006,176153,34744,20470
684,NATIVE,88531,180795,34698,20485
685,NATIVE,85000,181340,34838,20489
686,NATIVE,84063,179371,35088,20481
687,NATIVE,83108,177143,35507,20478
688,NATIVE,82118,175137,35694,20481
689,NATIVE,92556,173386,35742,20478
690,NATIVE,103323,171890,35616,20479
691,NATIVE,113830,170223,35533,20483
692,NATIVE,112516,168626,35431,20479
693,NATIVE,110198,167926,35413,20473
694,NATIVE,102352,172897,35431,20475
695,NATIVE,95654,176667,35416,20473
696,NATIVE,88261,181239,35408,20475
697,NATIVE,84593,181937,35546,20471
698,NATIVE,83603,179791,35751,20472
699,NATIVE,82619,177512,36192,20465
700,NATIVE,81633,175627,36341,20467
701,NATIVE,92173,173747,36404,20470
702,NATIVE,102627,172108,36256,20472
703,NATIVE,113401,170403,36188,20473
704,NATIVE,112093,168872,36076,20493
705,NATIVE,109751,168199,36028,20493
706,NATIVE,101892,173117,36042,20504
707,NATIVE,95259,176790,36042,20507
708,NATIVE,87833,181451,36004,20521
709,NATIVE,84312,182007,36127,20528
710,NATIVE,83327,179926,36340,20535
711,NATIVE,82330,177706,36703,20542
712,NATIVE,81356,175775,36896,20540
713,NATIVE,91792,173962,36923,20551
714,NATIVE,102366,172343,36752,20565
715,NATIVE,112762,170794,36679,20578
716,NATIVE,111452,169164,36597,20577
717,NATIVE,109075,168533,36582,20584
718,NATIVE,101174,173532,36595,20588
719,NATIVE,94680,177202,36538,20600
720,NATIVE,87328,181662,36523,20592
721,NATIVE,83727,182378,36613,20604
722,NATIVE,82772,180243,36801,20615
723,NATIVE,81747,178015,37189,20615
724,NATIVE,80791,176012,37379,20604
725,NATIVE,91455,174176,37426,20619
726,NATIVE,101907,172524,37285,20629
727,NATIVE,112325,170870,37189,20634
728,NATIVE,111008,169237,37100,20635
729,NATIVE,108769,168543,37081,20627
730,NATIVE,101092,173241,37101,20626
731,NATIVE,94559,176876,37086,20622
732,NATIVE,87167,181463,37062,20617
733,NATIVE,83617,182058,37198,20609
734,NATIVE,82608,180031,37428,20616
735,NATIVE,81648,177804,37848,20617
736,NATIVE,80740,175800,38041,20619
737,NATIVE,91052,174038,38059,20625
738,NATIVE,101630,172420,37914,20626
739,NATIVE,112011,170812,37811,20623
740,NATIVE,110661,169230,37734,20622
741,NATIVE,108413,168521,37748,20619
742,NATIVE,100616,173382,37751,20626
743,NATIVE,94088,176991,37733,20625
744,NATIVE,86782,181520,37706,20629
745,NATIVE,83292,181959,37871,20636
746,NATIVE,82305,179950,38102,20633
747,NATIVE,81335,177634,38540,20649
748,NATIVE,80385,175661,38751,20664
749,NATIVE,90765,173751,38785,20681
750,NATIVE,101092,172165,38645,20674
751,NATIVE,111686,170555,38547,20683
752,NATIVE,110389,168858,38437,20691
753,NATIVE,108146,168204,38382,20700
754,NATIVE,100479,172918,38411,20700
755,NATIVE,93844,176551,38387,20719
756,NATIVE,86555,180999,38365,20733
757,NATIVE,83071,181515,38452,20758
758,NATIVE,82105,179511,38671,20760
759,NATIVE,81093,177344,39047,20756
760,NATIVE,80173,175385,39207,20760
761,NATIVE,90537,173486,39286,20773
762,NATIVE,100912,171865,39121,20776
763,NATIVE,111137,170241,39038,20777
764,NATIVE,109873,168618,38956,20774
765,NATIVE,107679,167915,38926,20793
766,NATIVE,99944,172758,38948,20794
767,NATIVE,93507,176300,38919,20788
768,NATIVE,86133,180797,38862,20797
769,NATIVE,82609,181427,39007,20804
770,NATIVE,81642,179358,39209,20795
771,NATIVE,80688,177225,39618,20791
772,NATIVE,79767,175263,39724,20786
773,NATIVE,90206,173511,39769,20784
774,NATIVE,100505,171938,39608,20783
775,NATIVE,110814,170262,39504,20776
776,NATIVE,109591,168663,39418,20766
777,NATIVE,107320,168043,39397,20770
778,NATIVE,99695,172699,39382,20769
779,NATIVE,93138,176319,39339,20766
780,NATIVE,85907,180753,39321,20756
781,NATIVE,82353,181335,39447,20756
782,NATIVE,81418,179310,39658,20761
783,NATIVE,80491,177194,40073,20763
784,NATIVE,79508,175193,40267,20758
785,NATIVE,89606,173371,40310,20769
786,NATIVE,100002,171759,40130,20775
787,NATIVE,110209,170051,40049,20769
788,NATIVE,108924,168494,39952,20763
789,NATIVE,106666,167826,39929,20761
790,NATIVE,99077,172463,39943,20769
791,NATIVE,92697,175948,39938,20776
792,NATIVE,85440,180397,39898,20770
793,NATIVE,81964,180950,40031,20773
794,NATIVE,81035,178808,40254,20769
795,NATIVE,80133,176692,40642,20761
796,NATIVE,79279,174747,40853,20755
797,NATIVE,89393,172845,40946,20748
798,NATIVE,99448,171239,40783,20745
799,NATIVE,109789,169649,40654,20752
800,NATIVE,108520,168006,40545,20748
801,NATIVE,106288,167368,40528,20744
802,NATIVE,98676,172035,40548,20748
803,NATIVE,92168,175638,40503,20751
804,NATIVE,84973,180016,40466,20753
805,NATIVE,81533,180693,40582,20749
806,NATIVE,80566,178654,40751,20751
807,NATIVE,79592,176385,41149,20751
808,NATIVE,78654,174382,41373,20746
809,NATIVE,88690,172617,41397,20739
810,NATIVE,98801,171083,41240,20732
811,NATIVE,108706,169449,41137,20733
812,NATIVE,107473,167903,41050,20728
813,NATIVE,105272,167228,41034,20724
814,NATIVE,97607,172048,41046,20713
815,NATIVE,91211,175585,41007,20705
816,NATIVE,84088,179884,40965,20700
817,NATIVE,80618,180412,41132,20690
818,NATIVE,79673,178358,41398,20683
819,NATIVE,78746,176199,41777,20682
820,NATIVE,77779,174210,41934,20682
821,NATIVE,87945,172408,41980,20679
822,NATIVE,97907,170843,41813,20674
823,NATIVE,107933,169257,41717,20677
824,NATIVE,106724,167691,41619,20671
825,NATIVE,104579,167000,41598,20670
826,NATIVE,97162,171500,41651,20665
827,NATIVE,90832,175001,41648,20662
828,NATIVE,83616,179467,41636,20660
829,NATIVE,80249,179966,41789,20658
830,NATIVE,79383,177783,42029,20662
831,NATIVE,78445,175680,42433,20649
832,NATIVE,77556,173723,42582,20650
833,NATIVE,87344,171887,42632,20650
834,NATIVE,97447,170323,42495,20656
835,NATIVE,107434,168738,42395,20638
836,NATIVE,106167,167157,42302,20636
837,NATIVE,103976,166366,42251,20638
838,NATIVE,96600,170851,42287,20635
839,NATIVE,90370,174175,42252,20641
840,NATIVE,83179,178609,42193,20633
841,NATIVE,79730,179158,42327,20636
842,NATIVE,78751,177079,42547,20634
843,NATIVE,77917,174810,42935,20626
844,NATIVE,77031,172911,43124,20616
845,NATIVE,86820,171151,43169,20615
846,NATIVE,96501,169608,42997,20610
847,NATIVE,106599,167924,42908,20602
848,NATIVE,105389,166349,42792,20602
849,NATIVE,103197,165603,42773,20598
850,NATIVE,95705,170318,42780,20608
851,NATIVE,89430,173801,42746,20604
852,NATIVE,82487,178035,42701,20601
853,NATIVE,79135,178521,42815,20612
854,NATIVE,78176,176441,43063,20607
855,NATIVE,77255,174198,43474,20615
856,NATIVE,76341,172190,43656,20616
857,NATIVE,86034,170427,43693,20606
858,NATIVE,95767,168904,43536,20595
859,NATIVE,105376,167306,43415,20586
860,NATIVE,104124,165670,43333,20577
861,NATIVE,101964,164992,43308,20568
862,NATIVE,94538,169551,43338,20558
863,NATIVE,88391,172883,43301,20548
864,NATIVE,81394,177068,43282,20539
865,NATIVE,78095,177529,43406,20534
866,NATIVE,77188,175480,43657,20525
867,NATIVE,76354,173288,44063,20519
868,NATIVE,75506,171305,44251,20514
869,NATIVE,85254,169568,44280,20507
870,NATIVE,94897,167985,44131,20507
871,NATIVE,104442,166400,44057,20492
872,NATIVE,103176,164817,43964,20481
873,NATIVE,101092,164032,43939,20472
874,NATIVE,93777,168506,43956,20466
875,NATIVE,87624,171929,43929,20458
876,NATIVE,80765,176044,43896,20454
877,NATIVE,77501,176480,44048,20441
878,NATIVE,76628,174496,44269,20436
879,NATIVE,75757,172301,44670,20432
880,NATIVE,74854,170372,44898,20425
881,NATIVE,84202,168592,44944,20410
882,NATIVE,93799,167055,44790,20400
883,NATIVE,103276,165436,44715,20392
884,NATIVE,102018,163848,44613,20387
885,NATIVE,99916,163133,44589,20380
886,NATIVE,92702,167504,44592,20377
887,NATIVE,86621,170921,44559,20373
888,NATIVE,79814,175026,44502,20366
889,NATIVE,76454,175538,44619,20358
890,NATIVE,75628,173533,44846,20351
891,NATIVE,74761,171338,45283,20347
892,NATIVE,73926,169457,45467,20341
893,NATIVE,83200,167698,45488,20338
894,NATIVE,92501,166166,45316,20332
895,NATIVE,102054,164630,45200,20327
896,NATIVE,100895,163085,45110,20321
897,NATIVE,98858,162363,45084,20314
898,NATIVE,91717,166762,45093,20306
899,NATIVE,85687,170007,45052,20299
900,NATIVE,78959,174070,45010,20293
901,NATIVE,75653,174492,45196,20286
902,NATIVE,74756,172469,45427,20278
903,NATIVE,73894,170258,45869,20269
904,NATIVE,73070,168274,46087,20271
905,NATIVE,82323,166502,46141,20266
906,NATIVE,91526,164917,45989,20260
907,NATIVE,100715,163355,45896,20257
908,NATIVE,99507,161807,45811,20250
909,NATIVE,97448,161154,45796,20244
910,NATIVE,90431,165457,45836,20238
911,NATIVE,84513,168711,45821,20231
912,NATIVE,77790,172760,45797,20223
913,NATIVE,74596,173148,45964,20217
914,NATIVE,73745,171204,46213,20211
915,NATIVE,72855,169020,46640,20199
916,NATIVE,71981,167129,46833,20193
917,NATIVE,81270,165392,46837,20195
918,NATIVE,90414,163852,46649,20201
919,NATIVE,99604,162370,46520,20200
920,NATIVE,98411,160830,46418,20199
921,NATIVE,96388,160049,46393,20192
922,NATIVE,89379,164285,46418,20185
923,NATIVE,83514,167456,46375,20175
924,NATIVE,76880,171416,46358,20168
925,NATIVE,73703,171845,46501,20152
926,NATIVE,72860,169865,46726,20153
927,NATIVE,71985,167814,47098,20152
928,NATIVE,71148,165942,47227,20147
929,NATIVE,80073,164205,47244,20151
930,NATIVE,89267,162683,47058,20170
931,NATIVE,98301,161136,46946,20176
932,NATIVE,97132,159557,46851,20172
933,NATIVE,95160,158747,46819,20166
934,NATIVE,88279,162890,46816,20160
935,NATIVE,82584,165922,46812,20154
936,NATIVE,76102,169870,46793,20158
937,NATIVE,72925,170268,46945,20148
938,NATIVE,72090,168356,47148,20168
939,NATIVE,71204,166205,47541,20195
940,NATIVE,70363,164359,47669,20215
941,NATIVE,79183,162685,47690,20217
942,NATIVE,88056,161172,47456,20254
943,NATIVE,97179,159637,47344,20283
944,NATIVE,96027,158073,47204,20299
945,NATIVE,93995,157358,47117,20309
946,NATIVE,87241,161440,47096,20309
947,NATIVE,81525,164581,47035,20303
948,NATIVE,75116,168373,47001,20304
949,NATIVE,71982,168787,47117,20299
950,NATIVE,71122,166843,47338,20307
951,NATIVE,70328,164681,47772,20321
952,NATIVE,69543,162910,47902,20341
953,NATIVE,78303,161158,47926,20351
954,NATIVE,87143,159634,47731,20363
955,NATIVE,95900,158097,47606,20373
956,NATIVE,94746,156576,47459,20393
957,NATIVE,92782,155984,47430,20397
958,NATIVE,85879,160215,47421,20401
959,NATIVE,80390,163133,47388,20404
960,NATIVE,73962,166987,47292,20410
961,NATIVE,70894,167372,47419,20402
962,NATIVE,70076,165478,47632,20410
963,NATIVE,69308,163370,48010,20434
964,NATIVE,68495,161521,48144,20445
965,NATIVE,77304,159857,48127,20456
966,NATIVE,86001,158435,47928,20479
967,NATIVE,94743,156954,47803,20492
968,NATIVE,93628,155520,47653,20514
969,NATIVE,91792,154818,47565,20526
970,NATIVE,85227,158719,47546,20525
971,NATIVE,79688,161685,47528,20524
972,NATIVE,73403,165481,47497,20529
973,NATIVE,70389,165870,47606,20520
974,NATIVE,69577,163972,47798,20543
975,NATIVE,68736,161770,48163,20552
976,NATIVE,67953,159979,48331,20552
977,NATIVE,76404,158299,48314,20564
978,NATIVE,85132,156864,48110,20598
979,NATIVE,93729,155426,47977,20621
980,NATIVE,92636,153950,47804,20642
981,NATIVE,90756,153275,47738,20643
982,NATIVE,84198,157254,47733,20650
983,NATIVE,78651,160228,47675,20652
984,NATIVE,72439,163961,47631,20661
985,NATIVE,69443,164226,47801,20651
986,NATIVE,68598,162374,48012,20658
987,NATIVE,67762,160283,48392,20683
988,NATIVE,67004,158474,48529,20702
989,NATIVE,75371,156788,48547,20714
990,NATIVE,83689,155329,48316,20747
991,NATIVE,92306,153865,48151,20784
992,NATIVE,91168,152501,48007,20801
993,NATIVE,89316,151770,47962,20811
994,NATIVE,82856,155678,47972,20825
995,NATIVE,77407,158516,47938,20820
996,NATIVE,71274,162133,47870,20832
997,NATIVE,68365,162405,48016,20827
998,NATIVE,67560,160536,48181,20838
999,NATIVE,66754,158541,48537,20868
1000,NATIVE,65991,156670,48709,20887
1001,NATIVE,74272,155042,48732,20900
1002,NATIVE,82583,153580,48497,20929
1003,NATIVE,90799,152072,48351,20947
1004,NATIVE,89706,150568,48247,20971
1005,NATIVE,87871,149926,48196,20975
1006,NATIVE,81413,153844,48202,20976
1007,NATIVE,76067,156750,48167,20982
1008,NATIVE,70033,160324,48113,20990
1009,NATIVE,67152,160644,48242,20986
1010,NATIVE,66346,158820,48441,21007
1011,NATIVE,65570,156738,48818,21028
1012,NATIVE,64835,154980,48984,21040
1013,NATIVE,73095,153374,49009,21043
1014,NATIVE,81254,151940,48788,21082
1015,NATIVE,89452,150496,48619,21106
1016,NATIVE,88417,149107,48467,21120
1017,NATIVE,86663,148369,48393,21129
1018,NATIVE,80501,152074,48367,21126
1019,NATIVE,75096,155041,48306,21143
1020,NATIVE,69159,158638,48241,21149
1021,NATIVE,66330,158914,48354,21143
1022,NATIVE,65565,157074,48586,21150
1023,NATIVE,64780,155078,48917,21178
1024,NATIVE,64004,153269,49051,21190
1025,NATIVE,71971,151635,49036,21199
1026,NATIVE,80125,150282,48816,21239
1027,NATIVE,88199,148783,48677,21268
1028,NATIVE,87203,147345,48513,21295
1029,NATIVE,85395,146702,48436,21315
1030,NATIVE,79216,150325,48443,21320
1031,NATIVE,74055,153040,48420,21323
1032,NATIVE,68124,156627,48382,21326
1033,NATIVE,65298,156994,48476,21321
1034,NATIVE,64532,155209,48631,21335
1035,NATIVE,63782,153314,48930,21373
1036,NATIVE,63027,151489,49110,21392
1037,NATIVE,70853,149859,49130,21395
1038,NATIVE,78696,148480,48918,21443
1039,NATIVE,86714,147057,48785,21463
1040,NATIVE,85727,145635,48641,21496
1041,NATIVE,83927,144965,48584,21507
1042,NATIVE,77876,148563,48546,21507
1043,NATIVE,72699,151345,48497,21511
1044,NATIVE,66959,154689,48462,21519
1045,NATIVE,64176,155002,48548,21512
1046,NATIVE,63456,153194,48736,21529
1047,NATIVE,62714,151259,49070,21548
1048,NATIVE,61996,149591,49172,21569
1049,NATIVE,69676,148047,49153,21580
1050,NATIVE,77430,146703,48942,21606
1051,NATIVE,85156,145369,48795,21647
1052,NATIVE,84194,144007,48621,21675
1053,NATIVE,82462,143362,48558,21681
1054,NATIVE,76323,147025,48549,21688
1055,NATIVE,71336,149609,48501,21698
1056,NATIVE,65607,152988,48441,21703
1057,NATIVE,62881,153234,48592,21695
1058,NATIVE,62199,151423,48799,21712
1059,NATIVE,61470,149522,49149,21743
1060,NATIVE,60804,147785,49300,21766
1061,NATIVE,68472,146245,49333,21787
1062,NATIVE,76145,144903,49127,21819
1063,NATIVE,83737,143524,48959,21858
1064,NATIVE,82738,142108,48807,21883
1065,NATIVE,81021,141423,48731,21896
1066,NATIVE,75176,144965,48713,21903
1067,NATIVE,70172,147632,48649,21916
1068,NATIVE,64624,150936,48605,21923
1069,NATIVE,61881,151250,48742,21914
1070,NATIVE,61192,149487,48906,21937
1071,NATIVE,60454,147481,49256,21955
1072,NATIVE,59723,145780,49399,21981
1073,NATIVE,67017,144254,49387,21993
1074,NATIVE,74601,142953,49142,22039
1075,NATIVE,82116,141593,48987,22068
1076,NATIVE,81193,140209,48849,22111
1077,NATIVE,79488,139524,48794,22123
1078,NATIVE,73775,142919,48757,22125
1079,NATIVE,68923,145501,48711,22132
1080,NATIVE,63367,148811,48655,22142
1081,NATIVE,60752,149025,48745,22131
1082,NATIVE,60009,147283,48866,22163
1083,NATIVE,59280,145294,49234,22199
1084,NATIVE,58621,143679,49291,22213
1085,NATIVE,65887,142164,49282,22236
1086,NATIVE,73095,140916,49053,22276
1087,NATIVE,80569,139561,48905,22311
1088,NATIVE,79673,138248,48754,22337
1089,NATIVE,77987,137628,48712,22339
1090,NATIVE,72290,141057,48693,22349
1091,NATIVE,67484,143671,48621,22352
1092,NATIVE,62111,146897,48559,22360
1093,NATIVE,59580,147129,48630,22356
1094,NATIVE,58902,145418,48787,22381
1095,NATIVE,58174,143544,49154,22409
1096,NATIVE,57535,141917,49301,22428
1097,NATIVE,64655,140484,49297,22444
1098,NATIVE,71787,139223,49063,22482
1099,NATIVE,78878,137873,48916,22515
1100,NATIVE,77970,136632,48772,22533
1101,NATIVE,76366,136008,48716,22538
1102,NATIVE,70753,139330,48691,22547
1103,NATIVE,66120,141757,48626,22548
1104,NATIVE,60751,144901,48538,22563
1105,NATIVE,58183,145160,48661,22556
1106,NATIVE,57515,143414,48821,22578
1107,NATIVE,56829,141548,49161,22602
1108,NATIVE,56199,139924,49266,22625
1109,NATIVE,63226,138500,49256,22641
1110,NATIVE,70239,137219,49039,22697
1111,NATIVE,77265,135953,48865,22724
1112,NATIVE,76337,134578,48741,22766
1113,NATIVE,74770,133905,48703,22770
1114,NATIVE,69310,137092,48667,22771
1115,NATIVE,64696,139559,48623,22779
1116,NATIVE,59526,142597,48567,22779
1117,NATIVE,57035,142891,48686,22770
1118,NATIVE,56358,141263,48834,22795
1119,NATIVE,55703,139456,49181,22816
1120,NATIVE,55063,137887,49305,22839
1121,NATIVE,61803,136406,49330,22851
1122,NATIVE,68724,135179,49088,22904
1123,NATIVE,75615,133930,48942,22931
1124,NATIVE,74706,132675,48784,22961
1125,NATIVE,73152,132027,48776,22965
1126,NATIVE,67754,135178,48756,22973
1127,NATIVE,63263,137541,48685,22982
1128,NATIVE,58224,140556,48636,22988
1129,NATIVE,55799,140770,48731,22979
1130,NATIVE,55129,139150,48857,23008
1131,NATIVE,54481,137290,49216,23034
1132,NATIVE,53834,135700,49318,23055
1133,NATIVE,60474,134243,49331,23070
1134,NATIVE,67046,132986,49126,23102
1135,NATIVE,73861,131763,48965,23150
1136,NATIVE,73023,130525,48819,23175
1137,NATIVE,71432,129969,48767,23191
1138,NATIVE,66205,133035,48745,23192
1139,NATIVE,61798,135309,48686,23202
1140,NATIVE,56802,138217,48606,23211
1141,NATIVE,54441,138457,48686,23200
1142,NATIVE,53799,136871,48836,23230
1143,NATIVE,53238,135149,49147,23258
1144,NATIVE,52649,133626,49242,23280
1145,NATIVE,59080,132269,49265,23291
1146,NATIVE,65593,131024,49041,23338
1147,NATIVE,72024,129724,48880,23378
1148,NATIVE,71203,128500,48722,23410
1149,NATIVE,69679,127897,48680,23420
1150,NATIVE,64552,130920,48698,23422
1151,NATIVE,60285,133097,48631,23426
1152,NATIVE,55506,135876,48584,23440
1153,NATIVE,53208,136015,48716,23434
1154,NATIVE,52637,134396,48874,23449
1155,NATIVE,52027,132657,49131,23486
1156,NATIVE,51457,131098,49262,23510
1157,NATIVE,57819,129722,49262,23529
1158,NATIVE,64130,128515,49066,23577
1159,NATIVE,70428,127329,48931,23602
1160,NATIVE,69642,126158,48780,23637
1161,NATIVE,68191,125559,48710,23642
1162,NATIVE,63166,128491,48667,23650
1163,NATIVE,58884,130751,48608,23650
1164,NATIVE,54125,133533,48533,23662
1165,NATIVE,51803,133724,48638,23656
1166,NATIVE,51180,132101,48788,23676
1167,NATIVE,50593,130359,49110,23708
1168,NATIVE,50014,128909,49233,23713
1169,NATIVE,56041,127562,49191,23732
1170,NATIVE,62298,126372,48949,23783
1171,NATIVE,68457,125172,48798,23824
1172,NATIVE,67695,123946,48621,23856
1173,NATIVE,66302,123313,48560,23865
1174,NATIVE,61315,126188,48544,23870
1175,NATIVE,57166,128314,48511,23877
1176,NATIVE,52472,131050,48433,23885
1177,NATIVE,50236,131128,48501,23874
1178,NATIVE,49653,129563,48622,23908
1179,NATIVE,49061,127856,48913,23933
1180,NATIVE,48527,126328,49067,23960
1181,NATIVE,54396,125045,49053,23977
1182,NATIVE,60268,123887,48847,24024
1183,NATIVE,66314,122704,48697,24058
1184,NATIVE,65513,121492,48583,24080
1185,NATIVE,64120,120914,48472,24101
1186,NATIVE,59382,123660,48431,24107
1187,NATIVE,55467,125635,48361,24114
1188,NATIVE,51032,128184,48296,24137
1189,NATIVE,48912,128349,48347,24131
1190,NATIVE,48318,126895,48501,24152
1191,NATIVE,47771,125231,48774,24179
1192,NATIVE,47253,123811,48906,24196
1193,NATIVE,52986,122595,48906,24210
1194,NATIVE,58730,121483,48694,24258
1195,NATIVE,64441,120327,48549,24285
1196,NATIVE,63677,119153,48408,24323
1197,NATIVE,62324,118631,48355,24331
1198,NATIVE,57634,121374,48357,24333
1199,NATIVE,53714,123353,48317,24340
1200,NATIVE,49370,125878,48232,24358
1201,NATIVE,47227,126076,48315,24355
1202,NATIVE,46681,124588,48436,24378
1203,NATIVE,46114,123008,48697,24411
1204,NATIVE,45536,121563,48794,24440
1205,NATIVE,51121,120309,48761,24460
1206,NATIVE,56655,119225,48536,24514
1207,NATIVE,62263,118152,48376,24540
1208,NATIVE,61527,117062,48214,24589
1209,NATIVE,60265,116460,48144,24600
1210,NATIVE,55775,119083,48127,24599
1211,NATIVE,52023,121005,48068,24607
1212,NATIVE,47803,123418,48008,24612
1213,NATIVE,45762,123519,48059,24607
1214,NATIVE,45225,122099,48146,24635
1215,NATIVE,44698,120474,48418,24659
1216,NATIVE,44159,119081,48527,24682
1217,NATIVE,49450,117840,48544,24699
1218,NATIVE,54888,116857,48310,24749
1219,NATIVE,60345,115819,48143,24786
1220,NATIVE,59651,114729,48000,24829
1221,NATIVE,58418,114144,47931,24846
1222,NATIVE,54204,116620,47892,24853
1223,NATIVE,50498,118492,47851,24855
1224,NATIVE,46304,120878,47788,24866
1225,NATIVE,44366,120932,47881,24856
1226,NATIVE,43884,119536,47985,24890
1227,NATIVE,43370,118057,48252,24924
1228,NATIVE,42927,116727,48373,24942
1229,NATIVE,48120,115482,48329,24961
1230,NATIVE,53267,114398,48100,25011
1231,NATIVE,58609,113330,47943,25047
1232,NATIVE,57916,112212,47798,25084
1233,NATIVE,56645,111688,47692,25110
1234,NATIVE,52447,114090,47662,25120
1235,NATIVE,48945,115828,47592,25127
1236,NATIVE,44964,118011,47528,25136
1237,NATIVE,43089,118063,47583,25127
1238,NATIVE,42590,116667,47703,25160
1239,NATIVE,42082,115105,47998,25198
1240,NATIVE,41578,113805,48087,25225
1241,NATIVE,46598,112582,48053,25235
1242,NATIVE,51564,111591,47818,25306
1243,NATIVE,56553,110526,47693,25332
1244,NATIVE,55847,109466,47554,25361
1245,NATIVE,54690,108954,47474,25369
1246,NATIVE,50534,111385,47447,25379
1247,NATIVE,47139,113050,47372,25386
1248,NATIVE,43233,115273,47306,25400
1249,NATIVE,41377,115388,47415,25392
1250,NATIVE,40912,113955,47560,25416
1251,NATIVE,40437,112399,47825,25449
1252,NATIVE,39975,111133,47959,25472
1253,NATIVE,44925,109967,47924,25494
1254,NATIVE,49788,108963,47697,25542
1255,NATIVE,54619,107883,47527,25566
1256,NATIVE,53975,106886,47325,25609
1257,NATIVE,52856,106294,47262,25623
1258,NATIVE,48957,108527,47206,25630
1259,NATIVE,45639,110173,47143,25640
1260,NATIVE,41923,112339,47082,25647
1261,NATIVE,40083,112444,47156,25637
1262,NATIVE,39585,111093,47270,25670
1263,NATIVE,39144,109579,47573,25698
1264,NATIVE,38690,108296,47637,25722
1265,NATIVE,43341,107180,47606,25741
1266,NATIVE,48150,106210,47401,25793
1267,NATIVE,52865,105202,47265,25826
1268,NATIVE,52247,104170,47067,25865
1269,NATIVE,51202,103551,47018,25871
1270,NATIVE,47484,105575,46998,25871
1271,NATIVE,44313,107100,46947,25878
1272,NATIVE,40679,109136,46885,25885
1273,NATIVE,38937,109120,47003,25878
1274,NATIVE,38483,107770,47141,25917
1275,NATIVE,38069,106318,47381,25947
1276,NATIVE,37631,105090,47473,25964
1277,NATIVE,42126,103920,47454,25989
1278,NATIVE,46536,102982,47227,26041
1279,NATIVE,51149,102022,47058,26086
1280,NATIVE,50552,101120,46921,26114
1281,NATIVE,49490,100585,46841,26122
1282,NATIVE,45822,102644,46831,26127
1283,NATIVE,42773,104174,46747,26128
1284,NATIVE,39224,106165,46701,26139
1285,NATIVE,37501,106211,46778,26133
1286,NATIVE,37038,104945,46881,26174
1287,NATIVE,36605,103565,47134,26214
1288,NATIVE,36172,102355,47208,26236
1289,NATIVE,40484,101275,47193,26251
1290,NATIVE,44815,100359,46956,26305
1291,NATIVE,49129,99396,46821,26339
1292,NATIVE,48564,98487,46671,26384
1293,NATIVE,47532,97979,46603,26397
1294,NATIVE,43912,100005,46552,26399
1295,NATIVE,40926,101389,46533,26398
1296,NATIVE,37602,103320,46463,26404
1297,NATIVE,35940,103394,46523,26396
1298,NATIVE,35548,102179,46617,26430
1299,NATIVE,35105,100846,46836,26464
1300,NATIVE,34703,99702,46905,26483
1301,NATIVE,38983,98646,46882,26494
1302,NATIVE,43169,97760,46644,26551
1303,NATIVE,47387,96895,46503,26605
1304,NATIVE,46814,95957,46334,26646
1305,NATIVE,45856,95425,46273,26660
1306,NATIVE,42411,97310,46233,26668
1307,NATIVE,39563,98717,46160,26675
1308,NATIVE,36324,100496,46108,26686
1309,NATIVE,34703,100582,46172,26673
1310,NATIVE,34318,99351,46271,26701
1311,NATIVE,33905,98040,46503,26734
1312,NATIVE,33528,96908,46547,26766
1313,NATIVE,37501,95886,46537,26791
1314,NATIVE,41610,95005,46339,26845
1315,NATIVE,45694,94112,46163,26891
1316,NATIVE,45146,93170,45997,26927
1317,NATIVE,44240,92573,45916,26944
1318,NATIVE,40952,94420,45893,26958
1319,NATIVE,38266,95790,45808,26966
1320,NATIVE,35141,97515,45732,26979
1321,NATIVE,33599,97606,45830,26971
1322,NATIVE,33182,96374,45969,26995
1323,NATIVE,32765,95072,46221,27031
1324,NATIVE,32388,93953,46308,27045
1325,NATIVE,36250,92936,46289,27064
1326,NATIVE,40093,92060,46082,27103
1327,NATIVE,44115,91139,45919,27153
1328,NATIVE,43572,90269,45800,27176
1329,NATIVE,42656,89839,45689,27194
1330,NATIVE,39490,91566,45636,27215
1331,NATIVE,36895,92810,45588,27219
1332,NATIVE,33844,94488,45511,27236
1333,NATIVE,32356,94471,45581,27227
1334,NATIVE,31977,93310,45722,27248
1335,NATIVE,31628,92041,45926,27303
1336,NATIVE,31258,90964,45974,27338
1337,NATIVE,34958,89999,45925,27365
1338,NATIVE,38699,89171,45692,27437
1339,NATIVE,42435,88335,45549,27473
1340,NATIVE,41968,87487,45394,27524
1341,NATIVE,41075,87029,45322,27529
1342,NATIVE,37916,88814,45257,27532
1343,NATIVE,35380,90022,45194,27541
1344,NATIVE,32463,91648,45127,27553
1345,NATIVE,31057,91643,45181,27541
1346,NATIVE,30701,90542,45298,27576
1347,NATIVE,30319,89380,45512,27601
1348,NATIVE,29954,88332,45575,27621
1349,NATIVE,33665,87402,45539,27637
1350,NATIVE,37313,86619,45320,27686
1351,NATIVE,40903,85752,45177,27721
1352,NATIVE,40410,84963,45014,27758
1353,NATIVE,39546,84492,44945,27766
1354,NATIVE,36647,86110,44904,27782
1355,NATIVE,34099,87323,44827,27784
1356,NATIVE,31321,88805,44756,27790
1357,NATIVE,30021,88738,44841,27781
1358,NATIVE,29674,87654,44927,27809
1359,NATIVE,29344,86429,45165,27849
1360,NATIVE,28985,85385,45193,27878
1361,NATIVE,32411,84495,45162,27900
1362,NATIVE,36004,83734,44956,27961
